"https://www.youtube.com/watch?v=hAUMDeUEZJY", New Course Announcement!
"https://www.youtube.com/watch?v=t7DrJqcUviA", Python Django Course for Beginners 2021 - Learn Django from Scratch in this 100% Free & Tutorial!
"https://www.youtube.com/watch?v=MFuwkrseXVE", Next.js Crash Course for Beginners 2021 - Learn NextJS from Scratch in this 100% Free Tutorial!
"https://www.youtube.com/watch?v=6-v8LFLztHg", Django - Full Course Now On Udemy!
"https://www.youtube.com/watch?v=Dorf8i6lCuk", React Crash Course for Beginners 2021 - Learn ReactJS from Scratch in this 100% Free Tutorial!
"https://www.youtube.com/watch?v=mUk6PlLaWk0", New Course Announcement!
"https://www.youtube.com/watch?v=oqKgIF2Pczo", New Course Announcement!
"https://www.youtube.com/watch?v=4IIWib5MZKg", What are "Pure Functions" and "Side Effects"?
"https://www.youtube.com/watch?v=of7isf3YBZ4", What is "Composition" in React.js, Angular or Vue Apps?
"https://www.youtube.com/watch?v=IzUUj8J41YQ", New Course Announcement
"https://www.youtube.com/watch?v=g8-Xrpl_Uhk", What is "State" in Programming?
"https://www.youtube.com/watch?v=UgBWUt4Y-sY", Getting Started with Web Dev in 2021 [Web Development Guide]
"https://www.youtube.com/watch?v=MLIKTBvgAGY", Web Development In 2021: The Top 3 Trends You Should Know!
"https://www.youtube.com/watch?v=Ko2aBSNrGss", We Wish You a Merry Christmas (and have a special gift)
"https://www.youtube.com/watch?v=mQ4zmFy4d7Y", Ionic & Vue.js - Full Tutorial (Build a Complete App)
"https://www.youtube.com/watch?v=2Jd7FMOVQSA", We got a special offer you should not miss :)
"https://www.youtube.com/watch?v=KbLCr-VTMRY", New Course Announcement: Clean Code
"https://www.youtube.com/watch?v=d-PPOS-VsC8", Docker - Complete Tutorial [Docker For Everyone In 2 Hours]
"https://www.youtube.com/watch?v=1mzlOUyPkzU", Join Now! Docker & Kubernetes - The Complete Guide (New Course)
"https://www.youtube.com/watch?v=ly4niPr9vUo", Git Tutorial for Beginners - The Basics
"https://www.youtube.com/watch?v=ejHwv8qmumc", New Course Incoming!
"https://www.youtube.com/watch?v=bwItFdPt-6M", Vue 3 Composition API Introduction [FULL TUTORIAL]
"https://www.youtube.com/watch?v=A5cVyjrKx_Q", Vue 3 - What's New? What Changed?
"https://www.youtube.com/watch?v=ogWoUU2DXBU", macOS Terminal (zsh) - The Beginners' Guide
"https://www.youtube.com/watch?v=41GSinwoMYA", JavaScript Data Structures: Getting Started
"https://www.youtube.com/watch?v=oEFPFc36weY", Running a XSS Attack + How to defend
"https://www.youtube.com/watch?v=Gwup7MV_fXs", Why "vanilla JavaScript first" might NOT be the best approach!
"https://www.youtube.com/watch?v=PtP3KC_Wgsc", New Course: Deno.js + Free Node Course Update
"https://www.youtube.com/watch?v=2ktqHGca0Nk", Why we still need Web Developers (despite services like Wix, Squarespace etc).
"https://www.youtube.com/watch?v=dGitIJMpf_4", Power BI Crash Course for Beginners 2020 - Analyze & Visualize Data with Power BI Desktop
"https://www.youtube.com/watch?v=aHJCt2adSWA", Building an interactive chart with D3.js
"https://www.youtube.com/watch?v=ZOeWdkq-L90", Exploring D3.js Data Binding/ Joins
"https://www.youtube.com/watch?v=TOJ9yjvlapY", D3.js - A Practical Introduction
"https://www.youtube.com/watch?v=JgWm6sQwS_I", JavaScript Algorithms Crash Course - Learn Algorithms & "Big O" from the Ground Up!
"https://www.youtube.com/watch?v=3Vl8a3zYjiw", What is Deno & Will it replace Node.js?
"https://www.youtube.com/watch?v=l-Py7XiKWvI", Academind Ask Me Anything
"https://www.youtube.com/watch?v=ug56AF2FaDQ", 500k: Thank you & Livestream
"https://www.youtube.com/watch?v=XWNq7XJuwoo", Avoiding JavaScript Type Conversion Issues - How Type Coercion Works
"https://www.youtube.com/watch?v=tiRhFGnCltw", Making Sense of the Tricky Parts of JavaScript
"https://www.youtube.com/watch?v=_03VKmdrxV8", Ionic + React - Tutorial for Beginners 2020
"https://www.youtube.com/watch?v=lYWYWyX04JI", Angular vs React vs Vue [2020 Update]
"https://www.youtube.com/watch?v=sqt04KPErTY", Two Big Announcements: Academind Pro & A Brand-New Course
"https://www.youtube.com/watch?v=fP_kA90DgIU", When do you need "bind()"? Indirect vs Direct JavaScript Function Execution Tutorial
"https://www.youtube.com/watch?v=K4n5mjLUgEg", Angular 9, Ionic 5, React Navigation 5 - Web Dev Update February 2020
"https://www.youtube.com/watch?v=TcdhAxDWWxM", Angular 9 - What's New? What changed?
"https://www.youtube.com/watch?v=BwuLxPH8IDs", TypeScript Course for Beginners 2021 - Learn TypeScript from Scratch!
"https://www.youtube.com/watch?v=ZNfy4glIO5c", My 2020 Goals (& why you shouldn't just set professional goals)
"https://www.youtube.com/watch?v=T4JwmC9E0dM", Merry Christmas!
"https://www.youtube.com/watch?v=aoE-92Ac4zE", Functional, Procedural & Object-oriented Programming - An Overview
"https://www.youtube.com/watch?v=ST8YiR-j1pg", 48 Hours Christmas Giveaway!
"https://www.youtube.com/watch?v=V-xK3sbc7xI", Vue 3 & A First Look at the Composition API
"https://www.youtube.com/watch?v=LsZuog0ap-E", What Happened in 2019 - Academind Annual Review
"https://www.youtube.com/watch?v=Pw8U9l8acPA", 2020 Top Web Development Trends
"https://www.youtube.com/watch?v=L7Ojxx5rRhQ", Ask Me Anything - XXXL Community Special!
"https://www.youtube.com/watch?v=2yddJwL1Tpg", MERN Stack - React.js Node, Express & MongoDB Crash Course - Tutorial for Beginners
"https://www.youtube.com/watch?v=X4GpuYx83xk", Complete Course Update - Everything New!
"https://www.youtube.com/watch?v=m8co8xfuUkg", New Course! MERN - The Fullstack Guide with React, Node, Express & MongoDB
"https://www.youtube.com/watch?v=2qDywOS7VAc", JavaScript Course for Beginners 2020 - Learn JavaScript from Scratch!
"https://www.youtube.com/watch?v=Zg9VFQkwumE", Join Now! JavaScript - The Complete Guide
"https://www.youtube.com/watch?v=kWfxZ2jDmP8", How I Stay Motivated & Continue Growing!
"https://www.youtube.com/watch?v=TgDaBiiUFAM", Two Things You Were Missing!
"https://www.youtube.com/watch?v=I6mCTKst9II", What's the Difference? What's Better?
"https://www.youtube.com/watch?v=NMiEREulVLc", Why you should look into these React component styling options!
"https://www.youtube.com/watch?v=N2BFXSxw5mk", Tableau Tutorial for Beginners - Getting Started in 1 Hour
"https://www.youtube.com/watch?v=8H6nksy2qDQ", New Course! Tableau Desktop - A Complete Introduction OUT NOW
"https://www.youtube.com/watch?v=qM4G1Ai2ZpE", Sending JavaScript Http Requests with Axios
"https://www.youtube.com/watch?v=23hrM4saaMk", Sending JavaScript Http Requests with the fetch() API
"https://www.youtube.com/watch?v=4K33w-0-p2c", Sending JavaScript Http Requests with XMLHttpRequest
"https://www.youtube.com/watch?v=5XlYQRGgYrY", MEAN, MERN, MEVN - What they're all about...
"https://www.youtube.com/watch?v=PeAOEAmR0D0", REST vs GraphQL - What's the best kind of API?
"https://www.youtube.com/watch?v=qSRrxpdMpVc", React Native Tutorial for Beginners - Crash Course 2020
"https://www.youtube.com/watch?v=dmKSH3BkiLU", React Native Course Update!
"https://www.youtube.com/watch?v=PKRXbLnfXXk", Which one is best for you? Flutter, React Native, Ionic or NativeScript?
"https://www.youtube.com/watch?v=-ZaFppts_KU", Is it possible? My Thoughts!
"https://www.youtube.com/watch?v=CzEwoo-Av2k", Is PHP Dead?
"https://www.youtube.com/watch?v=oqjDF0As0Ec", When to use which (and how they differ).
"https://www.youtube.com/watch?v=x0uinJvhNxI", Flutter Crash Course for Beginners 2021 - Build a Flutter App with Google's Flutter & Dart
"https://www.youtube.com/watch?v=ulfU5vY6I78", Nest.js with MongoDB - Complete Example
"https://www.youtube.com/watch?v=zcX-ABbLNqc", Flutter Course - Complete 2019 Update!
"https://www.youtube.com/watch?v=F_oOtaxb0L8", Learn Nest.js from Scratch by building an API
"https://www.youtube.com/watch?v=dsAalk1NpVk", Why Angular, React & Vue shouldn't directly send Database Queries
"https://www.youtube.com/watch?v=dPjWfh3r1tA", My Thoughts on JavaScript Framework Churn
"https://www.youtube.com/watch?v=FiM92MrryDE", 7 Steps to Learn New Things
"https://www.youtube.com/watch?v=5_IC_ZJrVMg", Angular 8 - What's New? What changed?
"https://www.youtube.com/watch?v=LaswEEqcgv0", Tuples & Tuple Unpacking in Python
"https://www.youtube.com/watch?v=DZyWNS4fVE0", Svelte vs React vs Angular vs Vue
"https://www.youtube.com/watch?v=LIfIRdRlD58", Svelte - Quickstart & Thorough Introduction Tutorial
"https://www.youtube.com/watch?v=vtfRLuYDjNw", New Course Announcement!
"https://www.youtube.com/watch?v=E1ZAVEmRwyI", Python - List Comprehensions Tutorial
"https://www.youtube.com/watch?v=IS7UUnaSYLc", Flutter in 2019 & Beyond
"https://www.youtube.com/watch?v=62rfTxvnTgk", React Native in 2019 & Beyond
"https://www.youtube.com/watch?v=2-akTTZyrcM", A Complete Web Development Learning Path
"https://www.youtube.com/watch?v=Kg0Q_YaQ3Gk", Dynamic Websites vs Static Pages vs Single Page Apps (SPAs)
"https://www.youtube.com/watch?v=hJHvdBlSxug", How The Web Works - The Big Picture
"https://www.youtube.com/watch?v=SC74AXdOCh4", Vue.js in 2019 & Beyond
"https://www.youtube.com/watch?v=XWfHTLm6ECQ", React.js in 2019 & Beyond
"https://www.youtube.com/watch?v=Dk6sphzmKO8", Angular in 2019 & Beyond
"https://www.youtube.com/watch?v=kDdTgxv2Vv0", Python Tutorial for Beginners - Crash Course 2020 | Build a Game with Python
"https://www.youtube.com/watch?v=r2ga-iXS5i4", Ionic 4 & Angular Tutorial For Beginners - Crash Course
"https://www.youtube.com/watch?v=KWOi7yu_KLA", Academind goes Instagram
"https://www.youtube.com/watch?v=0nAqNLeeJaU", Ionic 4 Complete Course Update
"https://www.youtube.com/watch?v=R_7XRX7nLsw", useContext() + useReducer() = Magic?
"https://www.youtube.com/watch?v=-MlNBTSg_Ww", React.js Hooks Crash Course
"https://www.youtube.com/watch?v=OvM4hIxrqAw", React Context vs Redux - Who wins?
"https://www.youtube.com/watch?v=MCXdDl68L1M", #23 Finish! | Build a Complete App with GraphQL, Node.js, MongoDB and React.js
"https://www.youtube.com/watch?v=WDyK2ebBSSc", Don't miss Ionic 4!
"https://www.youtube.com/watch?v=EBCdokSCU7g", #22 Creating Charts | Build a Complete App with GraphQL, Node.js, MongoDB and React.js
"https://www.youtube.com/watch?v=DFSgyX9HXNA", #21 Improving Queries & Bugfixing | Build a Complete App with GraphQL, Node.js, MongoDB and React.js
"https://www.youtube.com/watch?v=GWugdZES05U", #20 Using Dataloader | Build a Complete App with GraphQL, Node.js, MongoDB and React.js
"https://www.youtube.com/watch?v=7VgytHjiLqU", #19 Cancel Bookings | Build a Complete App with GraphQL, Node.js, MongoDB and React.js
"https://www.youtube.com/watch?v=DcCSq2Y9bow", NativeScript Tutorial for Beginners - Build iOS, Android and Web Apps with NativeScript and Angular
"https://www.youtube.com/watch?v=7smx9VgiGIo", #18 Bookings | Build a Complete App with GraphQL, Node.js, MongoDB and React.js
"https://www.youtube.com/watch?v=VyICeJW9vDI", #17 Adding Event Features | Build a Complete App with GraphQL, Node.js, MongoDB and React.js
"https://www.youtube.com/watch?v=8lS3D4-THiA", NativeScript + Angular - Build Real Native Mobile Apps for iOS and Android
"https://www.youtube.com/watch?v=A3WwR_TxNyQ", #16 Adding Events | Build a Complete App with GraphQL, Node.js, MongoDB and React.js
"https://www.youtube.com/watch?v=2rXtTi0Pn9E", #15 Adding a Modal | Build a Complete App with GraphQL, Node.js, MongoDB and React.js
"https://www.youtube.com/watch?v=wMg_b1zZcag", #14 Using the Token | Build a Complete App with GraphQL, Node.js, MongoDB and React.js
"https://www.youtube.com/watch?v=VdwH3RDRXNM", #13 Hitting the API | Build a Complete App with GraphQL, Node.js, MongoDB and React.js
"https://www.youtube.com/watch?v=0gCGzQvoB9o", #12 Adding a Navbar | Build a Complete App with GraphQL, Node.js, MongoDB and React.js
"https://www.youtube.com/watch?v=JmFSGqbmzT4", #11 The React Frontend | Build a Complete App with GraphQL, Node.js, MongoDB and React.js
"https://www.youtube.com/watch?v=uk9YHJsOjVo", #10 Adding User Authentication | Build a Complete App with GraphQL, Node.js, MongoDB and React.js
"https://www.youtube.com/watch?v=6y44oPKfqXU", #9 Refactoring our Code | Build a Complete App with GraphQL, Node.js, MongoDB and React.js
"https://www.youtube.com/watch?v=Sr-NvyqkuLI", Merry Christmas & A Happy New Year!
"https://www.youtube.com/watch?v=WcyYYD5xkuQ", #8 Adding Bookings | Build a Complete App with GraphQL, Node.js, MongoDB and React.js
"https://www.youtube.com/watch?v=bgq7FRSPDpI", #7 Dynamic Relations | Build a Complete App with GraphQL, Node.js, MongoDB and React.js
"https://www.youtube.com/watch?v=Y8PXMbr0Kqo", What is the JAMStack?
"https://www.youtube.com/watch?v=MRrcUQhZwBc", #6 Adding Relations | Build a Complete App with GraphQL, Node.js, MongoDB and React.js
"https://www.youtube.com/watch?v=sOUNgOx0GcU", #5 GraphQL + MongoDB | Build a Complete App with GraphQL, Node.js, MongoDB and React.js
"https://www.youtube.com/watch?v=KXPD11CQLGE", Building an Advent Calendar with JavaScript, HTML & CSS
"https://www.youtube.com/watch?v=6YlXANbXt0g", #4 Types & Data | Build a Complete App with GraphQL, Node.js, MongoDB and React.js
"https://www.youtube.com/watch?v=LXTyzk2uud0", #3 Schemas & Resolvers | Build a Complete App with GraphQL, Node.js, MongoDB and React.js
"https://www.youtube.com/watch?v=VLm3Y7Odb74", Top 8 Web Development Trends 2019
"https://www.youtube.com/watch?v=R6dxh-vnaJw", New Course: Web Components & Custom HTML Elements (incl. Stencil.js)
"https://www.youtube.com/watch?v=yvEEeKMuxn0", #2 API Design & Project Setup | Build a Complete App with GraphQL, Node.js, MongoDB and React.js
"https://www.youtube.com/watch?v=23aQdrS58e0", Anaconda (Conda) for Python - What & Why?
"https://www.youtube.com/watch?v=7giZGFDGnkc", #1 What is GraphQL? | Build a Complete App with GraphQL, Node.js, MongoDB and React.js
"https://www.youtube.com/watch?v=qErBw-R2Ybk", Python - Matplotlib Tutorial for Beginners
"https://www.youtube.com/watch?v=oQfNYqz8pLs", Python - Accessing Nested Dictionary Keys
"https://www.youtube.com/watch?v=C7TFgfY7JdE", Node.js Tutorial for Beginners - Getting Started with NodeJS Basics
"https://www.youtube.com/watch?v=cXP_i5-nTXg", Python for Data Analysis Tutorial - Setup, Read File & First Chart
"https://www.youtube.com/watch?v=BnasObkCGtQ", React 16.6 - What's New? Theory + Practice
"https://www.youtube.com/watch?v=C2dAfK9L8Jg", New Course: Node.js - The Complete Guide OUT NOW
"https://www.youtube.com/watch?v=4Fl5GH4eYZ8", JavaScript Testing - Mocking Async Code
"https://www.youtube.com/watch?v=jW4peJBTHcA", Just About Us - How It All Started and Quick Room Tour
"https://www.youtube.com/watch?v=r9HdJ8P6GQI", JavaScript Testing Introduction Tutorial - Unit Tests, Integration Tests & e2e Tests
"https://www.youtube.com/watch?v=evoMp5N8hk0", New Course + Future Plans + Your Ideas
"https://www.youtube.com/watch?v=H7X25hZ1Pq8", How to Become a Better Web Developer - My Thoughts
"https://www.youtube.com/watch?v=Pv9flm-80vM", JS "this" and Function References - What is it all about?
"https://www.youtube.com/watch?v=CRlGDDprdOQ", Git MERGE vs REBASE
"https://www.youtube.com/watch?v=VELru-FCWDM", MongoDB Complete Introduction & Summary
"https://www.youtube.com/watch?v=DeU6opFU_zw", Git STASH Explained in Simple Words
"https://www.youtube.com/watch?v=RrJ5tpvkSFI", Angular - "routerLink" vs "href" and Losing State
"https://www.youtube.com/watch?v=nSmMkeNjjPg", VueJS - CLI 3 Tutorial
"https://www.youtube.com/watch?v=TkT4iFRkaZk", AWS All Services Overview
"https://www.youtube.com/watch?v=SWZ_4YBFBhs", React.js vs Angular vs Vue
"https://www.youtube.com/watch?v=ZS_kXvOeQ5Y", SQL vs NoSQL or MySQL vs MongoDB
"https://www.youtube.com/watch?v=ugjfB5HLfPM", Vanilla JavaScript Modal - JavaScript Only!
"https://www.youtube.com/watch?v=Nw18SQ9mU6I", Vanilla JavaScript Modal - With CSS display
"https://www.youtube.com/watch?v=dUlz4tc9LSo", React without JSX and without a Build Workflow
"https://www.youtube.com/watch?v=hOtZhNb4TKg", JavaScript Security: Hide your Code?
"https://www.youtube.com/watch?v=_wFJj94kSTU", Static vs Dynamic Websites - What's the Difference?
"https://www.youtube.com/watch?v=bnYJRYFsrSw", React Native vs Flutter
"https://www.youtube.com/watch?v=GLSG_Wh_YWc", Flutter Tutorial for Beginners - Build iOS and Android Apps with Google's Flutter & Dart
"https://www.youtube.com/watch?v=pkdgVYehiTE", Frontend vs Backend vs Fullstack Web Development - What should you learn?
"https://www.youtube.com/watch?v=l6nmysZKHFU", ReactJS - Build a Responsive Navigation Bar & Side Drawer Tutorial
"https://www.youtube.com/watch?v=mVnZVw4KJnc", GitHub Tutorial for Beginners | The Basics
"https://www.youtube.com/watch?v=1tRLveSyNz8", Angular - Node - MongoDB & Express (MEAN) Tutorial for Beginners - Getting Started
"https://www.youtube.com/watch?v=5YtNQJQu31Y", Angular Service Worker Tutorial
"https://www.youtube.com/watch?v=_OZVJpLHUaI", Git Tutorial for Beginners - Crash Course
"https://www.youtube.com/watch?v=VqCgcpAypFQ", Visual Studio Code Tutorial for Beginners - Introduction
"https://www.youtube.com/watch?v=EBnTZwr0RSs", Angular Material Custom Theme Tutorial
"https://www.youtube.com/watch?v=ao-nY-9biWs", Angular Material Data Table Tutorial
"https://www.youtube.com/watch?v=Q6qhzG7mObU", Angular Material Responsive Navigation Tutorial
"https://www.youtube.com/watch?v=u679SQsfRVM", Angular Material Introduction & Setup
"https://www.youtube.com/watch?v=X9fdpGthrXA", Fix your RxJS 6 Imports & Operators - What's New in RxJS 6?
"https://www.youtube.com/watch?v=y73NMviRoPY", Angular Elements Introduction & Walkthrough
"https://www.youtube.com/watch?v=Xr5l7lT--YU", Angular 6 Upgrade - Breaking Changes & Features - What's New?
"https://www.youtube.com/watch?v=KARxDX5DTgY", Python Tutorial for Beginners - Learn Python by Building a Blockchain & Cryptocurrency
"https://www.youtube.com/watch?v=VG_oJVAFVD4", Deploying a Static Website | Beginner's Course | Last Part
"https://www.youtube.com/watch?v=o_WI2-wSudc", Build a Responsive Side Navigation Bar | CSS and JavaScript
"https://www.youtube.com/watch?v=WJ2PQe-pQJw", jQuery vs Vue, React and Angular
"https://www.youtube.com/watch?v=8cb4auJt1TA", JavaScript Tutorial | Form Validation | Part 3
"https://www.youtube.com/watch?v=OUz2Cxf5gqY", JavaScript Tutorial | Modals & Loops | Part 2
"https://www.youtube.com/watch?v=o5ffh3KUaTM", JavaScript Tutorial | Creating a Modal with JavaScript | Part 1
"https://www.youtube.com/watch?v=wNX7lWzchow", CSS Tutorial for Beginners - Getting Started
"https://www.youtube.com/watch?v=vmXIGdP8KN8", Vanilla CSS vs Bootstrap vs Tailwind CSS - Which one should you choose?
"https://www.youtube.com/watch?v=yaZzJ37Qb0U", React 16.3 - New Context API, Updated Lifecycle Hooks, New Ref API
"https://www.youtube.com/watch?v=JHCKab2oS4s", Final Touches & Deploying the Blog | Nuxt.js & Storyblok - Building a Complete Blog
"https://www.youtube.com/watch?v=Yq6Ddu_QAiY", Storyblok Live Preview! | Nuxt.js & Storyblok - Building a Complete Blog
"https://www.youtube.com/watch?v=UIh4P5rNjac", Adding Storyblok CMS | Nuxt.js & Storyblok - Building a Complete Blog
"https://www.youtube.com/watch?v=RSIclWvNTdQ", CSS Grid vs Flexbox
"https://www.youtube.com/watch?v=Dc_5BpIB4X4", The Frontend | Nuxt.js & Storyblok - Building a Complete Blog
"https://www.youtube.com/watch?v=6Ovw43Dkp44", Bootstrap 4 Theme Customization (with Sass) | BOOTSTRAP 4 TUTORIAL
"https://www.youtube.com/watch?v=K-ccGZYRWzs", Bootstrap 4 Forms & Buttons | BOOTSTRAP 4 TUTORIAL
"https://www.youtube.com/watch?v=N3RK2dZpQXs", Bootstrap 4 Alerts & Modals | BOOTSTRAP 4 TUTORIAL
"https://www.youtube.com/watch?v=23bpce-5s8I", Bootstrap 4 Navbar Concepts | BOOTSTRAP 4 TUTORIAL
"https://www.youtube.com/watch?v=qmPmwdshCMw", Using the Bootstrap 4 Grid | BOOTSTRAP 4 TUTORIAL
"https://www.youtube.com/watch?v=7g8Gg2QVdeU", Bootstrap 4 Concepts & Setup | BOOTSTRAP 4 TUTORIAL
"https://www.youtube.com/watch?v=FmujhWcgaiI", Storyblok and Nuxt.js | Behind the Scenes of Academind
"https://www.youtube.com/watch?v=VqnJwh6E9ak", Vue Image Upload Made Easy
"https://www.youtube.com/watch?v=XeiOnkEI7XI", React Image Upload Made Easy
"https://www.youtube.com/watch?v=YkvqLNcJz3Y", Angular Image Upload Made Easy
"https://www.youtube.com/watch?v=nteDXuqBfn0", Nuxt.js - Introduction by Project
"https://www.youtube.com/watch?v=vi_fuay06TI", Firebase Cloud Functions - Reacting to Database Events
"https://www.youtube.com/watch?v=qZ1EFnFOGvE", Firebase Cloud Functions - Creating a REST Endpoint with Cloud Functions
"https://www.youtube.com/watch?v=5zeXFC_-gMQ", What is Webpack - academind.com Snippet
"https://www.youtube.com/watch?v=Km83f-ZP0Wg", What is Laravel - academind.com Snippet
"https://www.youtube.com/watch?v=lNiGH21gMiw", What is Node.js - academind.com Snippet
"https://www.youtube.com/watch?v=YGsmWKMMiYs", Firebase Cloud Functions - Resizing Images after Upload
"https://www.youtube.com/watch?v=qcECaRgU4uI", Firebase Cloud Functions - Run Code on Demand
"https://www.youtube.com/watch?v=AgrWeFJWRTg", What is JavaScript - academind.com Snippet
"https://www.youtube.com/watch?v=ua3Y-X6-WQc", What is CSS - academind.com Snippet
"https://www.youtube.com/watch?v=3V2q5E4wwko", What is HTML - academind.com Snippet
"https://www.youtube.com/watch?v=AxlWNQUr_So", What is Web Development - academind.com Snippet
"https://www.youtube.com/watch?v=Lz1R4QDbMJc", What is Firebase - academind.com Snippet
"https://www.youtube.com/watch?v=wXpjIXmX5OA", What is AWS - academind.com Snippet
"https://www.youtube.com/watch?v=Z4cAy1be_LA", Questions & Answers with Max
"https://www.youtube.com/watch?v=AiennznBzT0", What is Power BI - academind.com Snippet
"https://www.youtube.com/watch?v=itJnSmKRK_g", What are Progressive Web Apps (PWAs) - academind.com Snippet
"https://www.youtube.com/watch?v=3I8EFGIORRc", What is Vue.js - academind.com Snippet
"https://www.youtube.com/watch?v=OUSz_24ljgY", What is React - academind.com Snippet
"https://www.youtube.com/watch?v=b9gnX62ZMTU", What is Angular - academind.com Snippet
"https://www.youtube.com/watch?v=Ozllfl-03c8", Vue.js - Common Questions (and Answers!)
"https://www.youtube.com/watch?v=XI27nSXSrYs", React - Common Questions (and Answers!)
"https://www.youtube.com/watch?v=g13dSerjICk", Top 8 Web Development Trends 2018
"https://www.youtube.com/watch?v=-NEIfsnEGQY", Angular - Common Questions (and Answers!)
"https://www.youtube.com/watch?v=yLkcWclLc5g", 100k + Academind 2.0 - What a Start of 2018!
"https://www.youtube.com/watch?v=NdUbYr7YLII", CSS - Finishing the CSS Section | Beginner's Course | #13
"https://www.youtube.com/watch?v=ucuNgSOFDZ0", Adding Controllers | Creating a REST API with Node.js
"https://www.youtube.com/watch?v=wFqkWczC0jA", CSS - Media Queries & Viewport | Beginner's Course | #12
"https://www.youtube.com/watch?v=8Ip0pcwbWYM", JWT Route Protection | Creating a REST API with Node.js
"https://www.youtube.com/watch?v=tyRdGA1akUQ", CSS - Fonts | Beginner's Course | #11
"https://www.youtube.com/watch?v=0D5EEKH97NA", Adding User Login & JWT Signing | Creating a REST API with Node.js
"https://www.youtube.com/watch?v=_EP2qCmLzSE", Adding User Signup | Creating a REST API with Node.js
"https://www.youtube.com/watch?v=stsGPZbYd7c", Merry Christmas | Academind Bakes some "Special" Biscuits
"https://www.youtube.com/watch?v=dLGr1Qb2nKc", CSS - Box Sizing | Beginner's Course | #10
"https://www.youtube.com/watch?v=srPXMt1Q0nY", Uploading an Image | Creating a REST API with Node.js
"https://www.youtube.com/watch?v=rb8smP_xTTY", React Native vs Ionic vs NativeScript vs Android/ iOS Native Apps
"https://www.youtube.com/watch?v=3p0wmR973Fw", Populating Queries with Mongoose | Creating a REST API with Node.js
"https://www.youtube.com/watch?v=VKuY8QscZwY", Managing Orders with Mongoose | Creating a REST API with Node.js
"https://www.youtube.com/watch?v=vgNW-uuVUYo", CSS - Flexbox Applied | Beginner's Course | #9
"https://www.youtube.com/watch?v=lApggVS0icc", Google Maps & Angular | ANGULAR SNIPPETS
"https://www.youtube.com/watch?v=CMDsTMV2AgI", Mongoose Validation | Creating a REST API with Node.js
"https://www.youtube.com/watch?v=RdlEEfx912M", CSS Flexbox Tutorial for Beginners | Flex-Items | 2/2
"https://www.youtube.com/watch?v=6ZnfsJ6mM5c", React Native Tutorial for Beginners - Getting Started
"https://www.youtube.com/watch?v=WDrU305J1yw", MongoDB and Mongoose | Creating a REST API with Node.js
"https://www.youtube.com/watch?v=siKKg8Y_tQY", CSS Flexbox Tutorial for Beginners | Basics & Container | 1/2
"https://www.youtube.com/watch?v=zoSJ3bNGPp0", Parsing the Body & Handling CORS | Creating a REST API with Node.js
"https://www.youtube.com/watch?v=YS2bTVYBoK8", CSS - Display | Beginner's Course | #8
"https://www.youtube.com/watch?v=M1P5_nz5lTU", React Native | New Course | OUT NOW!
"https://www.youtube.com/watch?v=UVAMha41dwo", Handling Errors & Improving the Project Setup | Creating a REST API with Node.js
"https://www.youtube.com/watch?v=oaZWpGUy414", CSS - Position | Beginner's Course | #7
"https://www.youtube.com/watch?v=wmAP2xvNs08", CSS Positioning Tutorial for Beginners
"https://www.youtube.com/watch?v=FV1Ugv1Temg", Adding More Routes to the API | Creating a REST API with Node.js
"https://www.youtube.com/watch?v=sZHICEVdvEI", CSS - Box Model and Classes | Beginner's Course | #6
"https://www.youtube.com/watch?v=blQ60skPzl0", Planning & First Steps | Creating a REST API with Node.js
"https://www.youtube.com/watch?v=0oXYLzuucwE", What is a RESTful API? | Creating a REST API with Node.js
"https://www.youtube.com/watch?v=zwgSc3EntWM", CSS - The Basics | Beginner's Course | #5
"https://www.youtube.com/watch?v=A5z_mxjjwKw", HTML Course - Diving Deeper into HTML | Beginner's Tutorial | #4
"https://www.youtube.com/watch?v=NXG0ETguPsg", HTML Course - Diving into HTML | Beginner's Tutorial | #3
"https://www.youtube.com/watch?v=vjMbrhMpyWE", HTML Course - How Web Developers Work | Beginner's Tutorial | #2
"https://www.youtube.com/watch?v=OxOx3WI3Df4", HTML Course - How the Web Works | Beginner's Tutorial | #1
"https://www.youtube.com/watch?v=RqZqmTUOaUo", Adobe Creative Cloud | Video Editing for Online Tutorials | The Basics
"https://www.youtube.com/watch?v=ZBijAgbDP9w", Web Dev - Where to look things up
"https://www.youtube.com/watch?v=6HYkN84PGfk", Where to start in Web Development?
"https://www.youtube.com/watch?v=Lm_swJhK7Xw", CSS | Burger Builder | Tutorial
"https://www.youtube.com/watch?v=pgAvVxowaYU", ReactJS Tutorial for Beginners - Getting Started with React
"https://www.youtube.com/watch?v=ERkv0eESGa4", OUT NOW | React - The Complete Guide | New Udemy Course
"https://www.youtube.com/watch?v=waR7KnQoZtc", No need to get Frustrated | REGEX DEMYSTIFIED
"https://www.youtube.com/watch?v=iISYlfJR2b0", Asking Max | New REACT Udemy Course
"https://www.youtube.com/watch?v=4Y9W4uY0B4s", Matching Passwords | REGEX DEMYSTIFIED
"https://www.youtube.com/watch?v=gttm2KCR0YI", New Udemy Course | Teaser
"https://www.youtube.com/watch?v=NrzFle7RD0g", Grouping | REGEX DEMYSTIFIED
"https://www.youtube.com/watch?v=GE-0K0izHVE", Matching Mail Addresses | REGEX DEMYSTIFIED
"https://www.youtube.com/watch?v=enfkyPr10dc", Matching Full Words | REGEX DEMYSTIFIED
"https://www.youtube.com/watch?v=NppArBz5umo", Ranges & Quantifiers | REGEX DEMYSTIFIED
"https://www.youtube.com/watch?v=_ssS5iUXHBY", Creating Regex Patterns | REGEX DEMYSTIFIED
"https://www.youtube.com/watch?v=0LKdKixl5Ug", Regular Expressions Introduction | REGEX DEMYSTIFIED
"https://www.youtube.com/watch?v=Yp_oiCWV_no", Stencil | Nesting & Component Communication
"https://www.youtube.com/watch?v=g4jsOCUD4lA", Stencil | Props, State & Tons of Decorators
"https://www.youtube.com/watch?v=MqMYaT1GlWY", Stencil | Getting Started
"https://www.youtube.com/watch?v=I3jTvWj8JrQ", Building Our First PWA | Example Project
"https://www.youtube.com/watch?v=0RoT17Xwj24", Finishing Our Project | Vue.js + Vuetify + Firebase FULL PROJECT
"https://www.youtube.com/watch?v=dap6yIe1uK4", Progressive Web Apps (PWA) Tutorial for Beginners - Getting Started
"https://www.youtube.com/watch?v=37GenPjwSFc", Dive into Progressive Web Apps (PWAs)!
"https://www.youtube.com/watch?v=BZ9FcjsA9ZU", Fetching User State | Vue.js + Vuetify + Firebase FULL PROJECT
"https://www.youtube.com/watch?v=d4nUU8vCT8U", Register for Meetups | Vue.js + Vuetify + Firebase FULL PROJECT
"https://www.youtube.com/watch?v=fls6uX7WWSs", Editing Date and Time | Vue.js + Vuetify + Firebase FULL PROJECT
"https://www.youtube.com/watch?v=m1eLTtZHGs4", Power BI Tutorial for Beginners - Getting Started
"https://www.youtube.com/watch?v=zKRdwpMEaP8", Editing Meetups | Vue.js + Vuetify + Firebase FULL PROJECT
"https://www.youtube.com/watch?v=LoqvkwtLBR8", Behind the Scenes | Our Equipment
"https://www.youtube.com/watch?v=J2Wp4_XRsWc", Uploading Images | Vue.js + Vuetify + Firebase FULL PROJECT
"https://www.youtube.com/watch?v=0VDXzHUbCLY", Excel - Nice to know - CHARTS & SLIDERS
"https://www.youtube.com/watch?v=XljsGqsZyL4", Prevent unauthenticated Access | Vue.js + Vuetify + Firebase FULL PROJECT
"https://www.youtube.com/watch?v=ycu1zZ_uHF8", Firebase Database Rules | Firebase with Abe (Google Developer)
"https://www.youtube.com/watch?v=xwx4ua056Nc", Storing Data on Firebase | Vue.js + Vuetify + Firebase FULL PROJECT
"https://www.youtube.com/watch?v=wEcXYxjGN9o", How to Structure Firebase (NoSQL) Data | Firebase with Abe (Google Developer)
"https://www.youtube.com/watch?v=fuhhQFt5Ybk", Auth State Feedback with Vuex | Vue.js + Vuetify + Firebase FULL PROJECT
"https://www.youtube.com/watch?v=dWwCq8eB3ec", Using the Firebase SDK | Firebase with Abe (Google Developer)
"https://www.youtube.com/watch?v=mi1GtQ5xn2M", Firebase Overview | Firebase with Abe (Google Developer)
"https://www.youtube.com/watch?v=MdZCRP2uKdE", Adding Firebase Authentication | Vue.js + Vuetify + Firebase FULL PROJECT
"https://www.youtube.com/watch?v=fhCcP2a5OpI", Udemy Tech Talk 2017 | Max on Stage at Udemy Live
"https://www.youtube.com/watch?v=a0Q3fZQ7YoA", Academind went to San Francisco | Our Journey
"https://www.youtube.com/watch?v=KM07PpcSrKg", Power BI | Quick Project | Power BI Service
"https://www.youtube.com/watch?v=MpiMn5Bcmdg", A Signup View & Form | Vue.js + Vuetify + Firebase FULL PROJECT
"https://www.youtube.com/watch?v=_gR-L7atGCM", Firebase | Vue.js + Vuetify + Firebase FULL PROJECT
"https://www.youtube.com/watch?v=FISiBpfrgyE", Power BI | Quick Project | Data Model
"https://www.youtube.com/watch?v=X8mpO9Fn2_Y", Adding a Date Filter (Pipe) | Vue.js + Vuetify + Firebase FULL PROJECT
"https://www.youtube.com/watch?v=mhK761NH5EA", Adding Date & Time Pickers | Vue.js + Vuetify + Firebase FULL PROJECT
"https://www.youtube.com/watch?v=j18T8DI6nlI", Power BI | Quick Project | Intro & Query Editor
"https://www.youtube.com/watch?v=hjqywdE2IAc", Adding a "Create Meetup" Form | Vue.js + Vuetify + Firebase FULL PROJECT
"https://www.youtube.com/watch?v=jgWnccjXR4I", Callbacks vs Promises vs RxJs Observables vs async/ await
"https://www.youtube.com/watch?v=GcyjaJZaVLg", Manage State with Vuex | Vue.js + Vuetify + Firebase FULL PROJECT
"https://www.youtube.com/watch?v=F_BYg2QGsC0", SPAs vs MPAs/MVC - Are Single Page Apps always better?
"https://www.youtube.com/watch?v=8AMagSTe0l8", AWS | Big Data | Athena Project | QuickSight
"https://www.youtube.com/watch?v=wYhl0gZjG2I", Angular Essentials Course
"https://www.youtube.com/watch?v=AesqUS2udb4", Adding a Meetup List & Single Meetup Card | Vue.js + Vuetify + Firebase FULL PROJECT
"https://www.youtube.com/watch?v=mxLm-mC-n54", AWS | Big Data | Athena Project | Understanding Athena
"https://www.youtube.com/watch?v=Qh9w76olnlQ", Updating the Project to Vuetify 0.14 and Vue 2.4 | Vue.js + Vuetify + Firebase FULL PROJECT
"https://www.youtube.com/watch?v=at6QjSwKOuA", A Carousel on the Home Page | Vue.js + Vuetify + Firebase FULL PROJECT
"https://www.youtube.com/watch?v=3FtTK6P37jQ", AWS | Big Data | Athena Project | S3 Cloud Storage
"https://www.youtube.com/watch?v=e4M2MvU5QuQ", Dynamic Menu | Vue.js + Vuetify + Firebase FULL PROJECT
"https://www.youtube.com/watch?v=bfhC5nn9xWE", AWS | Big Data | Athena Project | Introduction
"https://www.youtube.com/watch?v=NMFoyAnWkOE", First Steps with Vuetify | Vue.js + Vuetify + Firebase FULL PROJECT
"https://www.youtube.com/watch?v=CM-ui3tjgdk", Setting the Project up | Vue.js + Vuetify + Firebase FULL PROJECT
"https://www.youtube.com/watch?v=TeJ3rEi_zzA", Excel - Nice to know - DATA TABLE & FLOATING CHART - PART 2
"https://www.youtube.com/watch?v=dIkPb8krORU", Planning the App | Vue.js + Vuetify + Firebase FULL PROJECT
"https://www.youtube.com/watch?v=lxMIOIZOBeE", Excel - Nice to know - DATA TABLE & FLOATING CHART - PART 1
"https://www.youtube.com/watch?v=FXY1UyQfSFw", Starting soon ... | FULL PROJECT with Vue.js + Vuetify + Firebase!
"https://www.youtube.com/watch?v=eracVWTSqLs", Connecting a SPA to a Serverless API | Amazon Web Services BASICS
"https://www.youtube.com/watch?v=TiyMnchoTR8", Power BI Desktop - Preview Features and Weekday Sorting
"https://www.youtube.com/watch?v=D0cUdSIaTlc", Academind Channel Trailer
"https://www.youtube.com/watch?v=CkbkMznVqQk", Serverless with Lambda & API Gateway | Amazon Web Services BASICS
"https://www.youtube.com/watch?v=bGDMeD6kOz0", AWS VPC & Subnets | Amazon Web Services BASICS
"https://www.youtube.com/watch?v=hh6ItJbCUQ0", Amazon (AWS) QuickSight Tutorial for Beginners
"https://www.youtube.com/watch?v=lZMkgOMYYIg", EC2 for Humans | Amazon Web Services BASICS
"https://www.youtube.com/watch?v=PKjbuxnispM", Elastic Beanstalk Features & Config | Amazon Web Services BASICS
"https://www.youtube.com/watch?v=dGUd9skhdsk", Analyzing your Topic Wishlist
"https://www.youtube.com/watch?v=ISVaMijczKc", Deploying a Laravel App via Elastic Beanstalk | Amazon Web Services BASICS
"https://www.youtube.com/watch?v=9CKsX6MOPDQ", Account Security with IAM | Amazon Web Services BASICS
"https://www.youtube.com/watch?v=_Y3eBod2cJE", Excel - Nice to know - SELF REFERENCING CELLS
"https://www.youtube.com/watch?v=zYOOY_DVnjo", Series Kickoff - Amazon Web Services BASICS
"https://www.youtube.com/watch?v=ubCNZRNjhyo", Getting Started with AWS | Amazon Web Services BASICS
"https://www.youtube.com/watch?v=-mwNLRbfKmU", BehaviorSubject | RxJS TUTORIAL
"https://www.youtube.com/watch?v=bPFOSjShI6s", Power BI Desktop - Group By, Big Data and DAX Studio
"https://www.youtube.com/watch?v=6lKoLwGlglE", switchMap() | RxJS TUTORIAL
"https://www.youtube.com/watch?v=09e8DyujVcU", NEW NAME + GIVEAWAY
"https://www.youtube.com/watch?v=b59tcUwfpWU", mergeMap() | RxJS TUTORIAL
"https://www.youtube.com/watch?v=QVWNID8s9cA", Power BI Desktop - Column from Examples
"https://www.youtube.com/watch?v=jC0tKU2S_Gg", Vue.js + RxJS - Using vue-rx (third-party package)
"https://www.youtube.com/watch?v=0Jo_Q8NYd3I", Vue.js + RxJS - The Basics
"https://www.youtube.com/watch?v=vhBwvC-h5Bg", Power BI Desktop - What is that?
"https://www.youtube.com/watch?v=Eg4tvoCG1jE", Power BI Desktop - Our first project in 15 minutes
"https://www.youtube.com/watch?v=IVBJ3-M_YsQ", pluck() | RxJS TUTORIAL
"https://www.youtube.com/watch?v=KMX1mFEmM3E", Angular vs React.js vs Vue.js - My Thoughts!
"https://www.youtube.com/watch?v=d4ZwFaWo-Xg", Excel - Nice to know - CHOOSE & IF
"https://www.youtube.com/watch?v=myEeo2rZc3g", scan() vs reduce() | RxJS TUTORIAL
"https://www.youtube.com/watch?v=QbNUD5ca99A", debounceTime & distinctUntilChanged | RxJS TUTORIAL
"https://www.youtube.com/watch?v=X5NBLrM8oEE", Channel Analytics in Excel – Output section part 2/2
"https://www.youtube.com/watch?v=tk5x8By3yYk", THE filter() OPERATOR | RxJS TUTORIAL
"https://www.youtube.com/watch?v=rdK92pf3abs", RxJS SUBJECT (~EventEmitter) | RxJS TUTORIAL
"https://www.youtube.com/watch?v=8jHQ_G5Do84", Channel Analytics in Excel – Output section part 1/2
"https://www.youtube.com/watch?v=-nYQJkMpOHU", RxJS OPERATORS LIKE map() OR throttleTime() | RxJS TUTORIAL
"https://www.youtube.com/watch?v=Tux1nhBPl_w", OBSERVABLES, OBSERVERS & SUBSCRIPTIONS | RxJS TUTORIAL
"https://www.youtube.com/watch?v=zio3obss-2g", Channel Analytics in Excel – Analysis sheet 2/2
"https://www.youtube.com/watch?v=T9wOu11uU6U", RxJS - What and Why?
"https://www.youtube.com/watch?v=IYuh8hIyvfE", USING 3RD PARTY PACKAGES LIKE JQUERY| Webpack 2 Basics Tutorial
"https://www.youtube.com/watch?v=naoZ64t88RE", Channel Analytics in Excel – Analysis sheet 1/2
"https://www.youtube.com/watch?v=y_RFOaSDL8I", WEBPACK + MULTIPLE HTML FILES | Webpack 2 Basics Tutorial
"https://www.youtube.com/watch?v=9ooYYRLdg_g", JavaScript - Reference vs Primitive Values/ Types
"https://www.youtube.com/watch?v=GTUPO2_OFBU", Channel Analytics in Excel – Finishing our Input Section
"https://www.youtube.com/watch?v=CzLiXgRUt4g", HTML + IMAGE LOADERS | Webpack 2 Basics Tutorial
"https://www.youtube.com/watch?v=htPYk6QxacQ", Angular Tutorial for Beginners
"https://www.youtube.com/watch?v=nFTcnjMldO4", Channel Analytics in Excel - Data Import and Preparation
"https://www.youtube.com/watch?v=UzePErBZ6yo", Update - More Content
"https://www.youtube.com/watch?v=YkHKoMRh_pU", New Course: Styling & Animating Angular Apps
"https://www.youtube.com/watch?v=8vnkM8JgjpU", BASIC BABEL + SCSS WORKFLOW | Webpack 2 Basics Tutorial
"https://www.youtube.com/watch?v=8DDVr6wjJzQ", THE WEBPACK CORE CONCEPTS | Webpack 2 Basics Tutorial
"https://www.youtube.com/watch?v=cChkPnpN15c", Angular 4 - What's New?
"https://www.youtube.com/watch?v=HNRt0lODCQM", USING THE WEBPACK DEV SERVER | Webpack 2 Basics Tutorial
"https://www.youtube.com/watch?v=GU-2T7k9NfI", WHAT IS WEBPACK, HOW DOES IT WORK? | Webpack 2 Basics Tutorial
"https://www.youtube.com/watch?v=DgWlNAudNlg", IONIC 2 FULL APP (2/2) - GEOLOCATION & MAPS | Ionic 2 + Angular to build a full Mobile Application
"https://www.youtube.com/watch?v=LHzAa4NKFx0", IONIC 2 FULL APP (1/2) THE BASICS | Ionic 2 + Angular to build a full Mobile Application
"https://www.youtube.com/watch?v=cxqs7gPy_3E", SIGNING IN WITH VUE.JS | Laravel + Angular 2 / Vue.js 2
"https://www.youtube.com/watch?v=yJ0Wqnoa6s4", SENDING THE JWT WITH VUE.JS | Laravel + Angular 2 / Vue.js 2
"https://www.youtube.com/watch?v=2pCUxZZq68I", SIGNING UP WITH VUE.JS | Laravel + Angular 2 / Vue.js 2
"https://www.youtube.com/watch?v=eU0hUXNNdLQ", SENDING THE JWT WITH ANGULAR | Laravel + Angular 2 / Vue.js 2
"https://www.youtube.com/watch?v=pT9_FngJuzY", SIGNIN IN ANGULAR APP | Laravel + Angular 2 / Vue.js 2
"https://www.youtube.com/watch?v=8SKRZS090VA", SIGNUP IN ANGULAR APP | Laravel + Angular 2 / Vue.js 2
"https://www.youtube.com/watch?v=jWYqulDpZWo", LARAVEL JWT MIDDLEWARE | Laravel + Angular 2 / Vue.js 2
"https://www.youtube.com/watch?v=ka-Nn3sifnc", LARAVEL PARSE JWT | Laravel + Angular 2 / Vue.js 2
"https://www.youtube.com/watch?v=5NchGeHv8GE", LARAVEL API + SPA SIGNIN| Laravel + Angular 2 / Vue.js 2
"https://www.youtube.com/watch?v=9Jf0Etr8CEE", LARAVEL API + SPA SIGNUP | Laravel + Angular 2 / Vue.js 2
"https://www.youtube.com/watch?v=gxlp0P26kTw", LARAVEL API + SPA AUTH THEORY | Laravel + Angular 2 / Vue.js 2
"https://www.youtube.com/watch?v=WDuy4RLLx4M", VUE.JS 2 FRONTEND 3/3 | Laravel + Angular 2 / Vue.js 2
"https://www.youtube.com/watch?v=XZqjyvpT2e4", VUE.JS 2 FRONTEND 2/3 | Laravel + Angular 2 / Vue.js 2
"https://www.youtube.com/watch?v=fOCusH_iqEM", VUE.JS 2 FRONTEND 1/3 | Laravel + Angular 2 / Vue.js 2
"https://www.youtube.com/watch?v=VKfVjuRob10", New Courses: Ionic 2 and Laravel (on Udemy and Pluralsight)
"https://www.youtube.com/watch?v=yDH4JBwrlZM", FINISHING THE ANGULAR 2 FRONTEND | Laravel + Angular 2 / Vue.js 2
"https://www.youtube.com/watch?v=84bXch-YIvI", CORS | Laravel + Angular 2 / Vue.js 2
"https://www.youtube.com/watch?v=g4GLfjcYhoQ", ANGULAR 2 FRONTEND | Laravel + Angular 2 / Vue.js 2
"https://www.youtube.com/watch?v=4uajiXW5R3o", BACKEND WITH LARAVEL | Laravel + Angular 2 / Vue.js 2
"https://www.youtube.com/watch?v=vu7l574xVao", THEORY | Laravel + Angular 2 / Vue.js 2
"https://www.youtube.com/watch?v=5z8joUGkGKE", BONUS | VueJS 2 & Vuex | Learning the Basics
"https://www.youtube.com/watch?v=kRI4YLMjgHQ", ACTIONS | VueJS 2 & Vuex | Learning the Basics
"https://www.youtube.com/watch?v=dkFWOsKrPAI", MUTATIONS | VueJS & Vuex | Learning the Basics
"https://www.youtube.com/watch?v=vVYEeEHlj6I", MERRY CHRISTMAS & GIVEAWAY
"https://www.youtube.com/watch?v=iw1eajzWQAM", GETTERS | VueJS & Vuex | Learning the Basics
"https://www.youtube.com/watch?v=2CSr2vBApSI", STATE & STORE | VueJS & Vuex | Learning the Basics
"https://www.youtube.com/watch?v=ZYzAwFi5Xzo", ROUTE NAVIGATION & PARAMETERS | VueJS | Learning the Basics
"https://www.youtube.com/watch?v=4lk9-PYensI", ROUTING SETUP | VueJS | Learning the Basics
"https://www.youtube.com/watch?v=PPmg7ntQjzc", COMPONENT COMMUNICATION (PROPS / EVENTS) | VueJS | Learning the Basics
"https://www.youtube.com/watch?v=FWQSuskE5UA", COMPONENTS AND .VUE FILES | VueJS | Learning the Basics
"https://www.youtube.com/watch?v=6noJ0dlG7jM", THE VUE CLI AND .VUE FILES | VueJS | Learning the Basics
"https://www.youtube.com/watch?v=kskV1q4iokk", COMPONENTS | VueJS | Learning the Basics
"https://www.youtube.com/watch?v=Dh0E9aaedEA", FILTERS | VueJS | Learning the Basics
"https://www.youtube.com/watch?v=sI_vgLd_CyU", CONDITIONALS & LISTS | VueJS | Learning the Basics
"https://www.youtube.com/watch?v=cx2WnT_sckA", COMPUTED PROPERTIES | VueJS | Learning the Basics
"https://www.youtube.com/watch?v=N198LSY_jTw", BINDING HTML ATTRIBUTES | VueJS | Learning the Basics
"https://www.youtube.com/watch?v=8gkT_yWvP3c", EVENTS & METHODS | VueJS | Learning the Basics
"https://www.youtube.com/watch?v=nyJSd6V2DRI", GETTING STARTED with VueJS | VueJS | Learning the Basics
"https://www.youtube.com/watch?v=BlDTVWG70lc", VueJS Announcement!
"https://www.youtube.com/watch?v=kYVPoo9iGNQ", ReactJS & CSS Animations Basics - #4 Animations with ReactCSSTransitionGroup
"https://www.youtube.com/watch?v=-nCOjH0XOos", ReactJS & CSS Animations Basics - #3 Transitions with ReactCSSTransitionGroup
"https://www.youtube.com/watch?v=8E6J0ZfeyBU", ReactJS & CSS Animations Basics - #2 CSS Animation Basics
"https://www.youtube.com/watch?v=ztvNwFV0Ai0", ReactJS & CSS Animations Basics - #1 CSS Transition Basics
"https://www.youtube.com/watch?v=BHtVJbJpnNU", ROUTING - Angular 2.0 Final - Getting Started
"https://www.youtube.com/watch?v=fPtacabLEJc", CROSS COMPONENT COMMUNICATION - Angular 2.0 Final - Getting Started
"https://www.youtube.com/watch?v=Mz8lb81AAe4", SERVICES & DEPENDENCY INJECTION - Angular 2.0 Final - Getting Started
"https://www.youtube.com/watch?v=ZgK39WkH_1g", LISTS, EVENTS & DATABINDING - Angular 2.0 Final - Getting Started
"https://www.youtube.com/watch?v=PzO5sPWh6Ig", CREATING A COMPONENT - Angular 2.0 Final - Getting Started
"https://www.youtube.com/watch?v=WuDC_6gyvcQ", COMPONENTS & APPMODULE - Angular 2.0 Final - Getting Started
"https://www.youtube.com/watch?v=nvD2Dvzj8_E", SETUP & CLI - Angular 2.0 Final - Getting Started
"https://www.youtube.com/watch?v=dSTGFzS2zyA", ReactJS / Redux Tutorial - #11 Wrap Up & Further Resources
"https://www.youtube.com/watch?v=h892pHdLQtM", ReactJS / Redux Tutorial - #10 Async Actions
"https://www.youtube.com/watch?v=YmGm-qwbJdc", ReactJS / Redux Tutorial - #9 A better Project Structure
"https://www.youtube.com/watch?v=m2q3Dyr6To4", ReactJS / Redux Tutorial - #8 Containers & Components (Smart & Dumb Components)
"https://www.youtube.com/watch?v=tfuZ7uZmVyg", ReactJS / Redux Tutorial - #7 Connect ReactJS and Redux
"https://www.youtube.com/watch?v=AgO7YcJeBh4", ReactJS / Redux Tutorial - #6 Redux Middleware
"https://www.youtube.com/watch?v=BVvBa18o8Es", ReactJS / Redux Tutorial - #5 Multiple Reducers
"https://www.youtube.com/watch?v=7bMTJxvEJiE", ReactJS / Redux Tutorial - #4 Working with State and Immutability
"https://www.youtube.com/watch?v=8nZribKoUJ4", What's New in Laravel 5.3? - Sending Mails with Mailables
"https://www.youtube.com/watch?v=qrsle5quS7A", ReactJS / Redux Tutorial - #1 Introduction
"https://www.youtube.com/watch?v=ZKCYqJu4n3s", ReactJS / Redux Tutorial - #3 Using Redux
"https://www.youtube.com/watch?v=D2MqT4OEgoE", ReactJS / Redux Tutorial - #2 What is Redux? Why use it?
"https://www.youtube.com/watch?v=QlZ6QrlK29g", What's New in Laravel 5.3? - Changes to the Auth Middleware
"https://www.youtube.com/watch?v=5pt_igBTCsI", ReactJS Basics - #16 React Router - Navigation & Parameters
"https://www.youtube.com/watch?v=czzae0bKoDA", What's New in Laravel 5.3? - The $loop Variable
"https://www.youtube.com/watch?v=eofpZPRUnP8", ReactJS Basics - #15 React Router - Route Setup
"https://www.youtube.com/watch?v=lkTKRXt4PIw", What's New in Laravel 5.3? - Directory Structure & Route File Changes
"https://www.youtube.com/watch?v=Oioo0IdoEls", ReactJS Basics - #14 Component Lifecycle
"https://www.youtube.com/watch?v=IK9k9hSuYeA", ReactJS Basics - #13 Two-Way-Binding
"https://www.youtube.com/watch?v=2teBTI0_eRw", ReactJS Basics - #11 Communicating between Parent and Child Component
"https://www.youtube.com/watch?v=5Xew--ycx0o", ReactJS Basics - #12 Passing Data between Parent and Child Components
"https://www.youtube.com/watch?v=SEkfzqIgvTo", ReactJS Basics - #10 Stateless Components
"https://www.youtube.com/watch?v=Iw2BLUjQo1E", ReactJS Basics - #9 How does ReactJS update the DOM?
"https://www.youtube.com/watch?v=e5n9j9n83OM", ReactJS Basics - #8 State of Components
"https://www.youtube.com/watch?v=OcM__8q6p4c", ReactJS Basics - #7 Events & ReactJS
"https://www.youtube.com/watch?v=GIU8ekYndKw", ReactJS Basics - #6 Passing Data with Props
"https://www.youtube.com/watch?v=1JZEmYwRGoU", ReactJS Basics - #5 Outputting dynamic Data
"https://www.youtube.com/watch?v=9wK4gHoOh1g", ReactJS Basics - #4 Multiple Components
"https://www.youtube.com/watch?v=_mj72QqsOs4", JavaScript Tutorial for Beginners - Getting Started
"https://www.youtube.com/watch?v=IEf1KAcK6A8", ES6 JavaScript Tutorial for Beginners - Getting Started
"https://www.youtube.com/watch?v=uextYhQGP6k", ReactJS Basics - #2 Setup Workspace with Webpack
"https://www.youtube.com/watch?v=LEu7FxUUr90", ReactJS Basics - #2.5 Set up Git
"https://www.youtube.com/watch?v=JPT3bFIwJYA", ReactJS Basics - #1 What is React?
"https://www.youtube.com/watch?v=G40iHC-h0c0", ReactJS Basics - #3 First Component
"https://www.youtube.com/watch?v=UlGZY15ter4", Laravel 5.2 PHP - Build a Shopping Cart - #16 Finishing Touches (Reupload)
"https://www.youtube.com/watch?v=M9nXcs4x03A", Laravel 5.2 PHP - Build a Shopping Cart - #16 Finishing Touches
"https://www.youtube.com/watch?v=YDpso0S2FDA", NodeJS / Express / MongoDB - Build a Shopping Cart - #20 Finishing Touches
"https://www.youtube.com/watch?v=CbOC0VJtVCs", NodeJS / Express / MongoDB - Build a Shopping Cart - #19 Displaying Orders in the User Profile
"https://www.youtube.com/watch?v=2LDcnkQLwp8", Laravel 5.2 PHP - Build a Shopping Cart - #15 Displaying Orders in the User Profile
"https://www.youtube.com/watch?v=qcVQNOd7vkw", NodeJS / Express / MongoDB - Build a Shopping Cart - #18 Forcing User Login
"https://www.youtube.com/watch?v=9VxiFhl6e8o", Laravel 5.2 PHP - Build a Shopping Cart - #14 Forcing User Login
"https://www.youtube.com/watch?v=626Evir2eqY", NodeJS / Express / MongoDB - Build a Shopping Cart - #17 Storing Orders in the Database
"https://www.youtube.com/watch?v=DBjPIabiRNg", Angular 2 Tutorial - Complete Introduction - Angular 2 CLI Setup, Components, Databinding
"https://www.youtube.com/watch?v=6u2xVBgaRb0", Laravel 5.2 PHP - Build a Shopping Cart - #13 Storing Orders in the Database
"https://www.youtube.com/watch?v=C44F4iQWuoE", NodeJS / Express / MongoDB - Build a Shopping Cart - #16 Making Charges with Stripe
"https://www.youtube.com/watch?v=iDA6GeGm0YQ", Build a RESTful API with Laravel - Pluralsight Course Announcement
"https://www.youtube.com/watch?v=bu0J-j5qYas", Laravel 5.2 PHP - Build a Shopping Cart - #12 Stripe Charging a Credit Card
"https://www.youtube.com/watch?v=3meH2TK4KuI", NodeJS / Express / MongoDB - Build a Shopping Cart - #15 Stripe Verifying Credit Cards
"https://www.youtube.com/watch?v=pF0nGWb9bps", NodeJS / Express / MongoDB - Build a Shopping Cart - #14 Stripe Payment Views
"https://www.youtube.com/watch?v=dGkQwBWel4Q", Laravel 5.2 PHP - Build a Shopping Cart - #11 Stripe Credit Card Verification
"https://www.youtube.com/watch?v=jNWDrw3vRU4", Laravel 5.2 PHP - Build a Shopping Cart - #10 Stripe Payments View
"https://www.youtube.com/watch?v=hds8To2x7g8", NodeJS / Express / MongoDB - Build a Shopping Cart - #13 Cart Views
"https://www.youtube.com/watch?v=L_5BZKe0Ab4", Laravel 5.2 PHP - Build a Shopping Cart - #9 Cart Views
"https://www.youtube.com/watch?v=_pVKGCzbMwg", NodeJS / Express / MongoDB - Build a Shopping Cart - #12 Cart Model
"https://www.youtube.com/watch?v=g32awc4HrLA", NodeJS / Express / MongoDB - Build a Shopping Cart - #11 Adding a Session Store
"https://www.youtube.com/watch?v=XxNZMI5V3t4", Angular 2 & NodeJS (MEAN 2.0) Tutorial for Beginners - Getting Started
"https://www.youtube.com/watch?v=4J939dDUH4M", Laravel 5.2 PHP - Build a Shopping Cart - #8 Cart Model & Session Storage
"https://www.youtube.com/watch?v=XVYApTfR6XE", NodeJS / Express / MongoDB - Build a Shopping Cart - #10 Route Grouping & Protection (Middleware)
"https://www.youtube.com/watch?v=oPmL9zSgUe8", NodeJS / Express / MongoDB - Build a Shopping Cart - #9 Sign In
"https://www.youtube.com/watch?v=i8FpTjQbzZk", Laravel 5.2 PHP - Build a Shopping Cart - #7 Middleware & Route Protection
"https://www.youtube.com/watch?v=js5hI2moBY4", NodeJS / Express / MongoDB - Build a Shopping Cart - #8 Validation
"https://www.youtube.com/watch?v=GHNLWHGCBEc", NodeJS / Express / MongoDB - Build a Shopping Cart - #7 Sign Up with Passport
"https://www.youtube.com/watch?v=5leoqeeZqCw", Laravel 5.2 PHP - Build a Shopping Cart - #6 User Sign In
"https://www.youtube.com/watch?v=waAqEjjssxU", NodeJS / Express / MongoDB - Build a Shopping Cart - #6 Sign Up View, CSRF Protection & User Model
"https://www.youtube.com/watch?v=ufIK3PzwYf4", Laravel 5.2 PHP - Build a Shopping Cart - #5 User Sign Up
"https://www.youtube.com/watch?v=dSQ1CYLHWYM", NodeJS / Express / MongoDB - Build a Shopping Cart - #5 Outputting Data
"https://www.youtube.com/watch?v=StNSpiy-Ikc", Laravel 5.2 PHP - Build a Shopping Cart - #4 Outputting Product Data
"https://www.youtube.com/watch?v=V30Rpqi6kYE", NodeJS / Express / MongoDB - Build a Shopping Cart - #4 Seeding Data
"https://www.youtube.com/watch?v=arkYCiCP6-g", NodeJS / Express / MongoDB - Build a Shopping Cart - #3 MongoDB / Mongoose Setup
"https://www.youtube.com/watch?v=Tsr3NgoExfo", Laravel 5.2 PHP - Build a Shopping Cart - #3 Data Migrations & Seeding
"https://www.youtube.com/watch?v=riSKBb7KbFI", NodeJS / Express / MongoDB - Build a Shopping Cart - #2 Product Index View
"https://www.youtube.com/watch?v=Fhv250daKKg", Laravel 5.2 PHP - Build a Shopping Cart - #2 Product Index View
"https://www.youtube.com/watch?v=-3vvxn78MH4", NodeJS / Express / MongoDB - Build a Shopping Cart - #1 Intro & Setup
"https://www.youtube.com/watch?v=oc1_DHfL89k", Laravel 5.2 PHP - Build a Shopping Cart - #1 Intro & Setup
"https://www.youtube.com/watch?v=OjNl7jpxb1g", Angular 2 Full App Tutorial - Weather App - #10 Observable Power
"https://www.youtube.com/watch?v=56TizEw2LgI", New Laravel & NodeJS Project: Shopping Cart
"https://www.youtube.com/watch?v=2mxDXYh2vp0", Angular 2 Full App Tutorial - Weather App - #10 Observable Power
"https://www.youtube.com/watch?v=52j2r9oXKJw", Laravel Homestead Tutorial - #3 Configuration
"https://www.youtube.com/watch?v=67bny7v0BpU", Angular 2 Full App Tutorial - Weather App - #10 Observable Power
"https://www.youtube.com/watch?v=YuvHbC3aBaA", Laravel Homestead Tutorial - #2 Setup
"https://www.youtube.com/watch?v=0AKMvpbMoH0", Laravel Homestead Tutorial - #1 Introduction
"https://www.youtube.com/watch?v=zszkRlvN5os", Angular 2 Full App Tutorial - Weather App - #9 Requesting Data via HTTP
"https://www.youtube.com/watch?v=9oymMiq2SOs", PHPStorm Introduction - Navigating around
"https://www.youtube.com/watch?v=MuTA1I0IID8", PHPStorm Introduction - Changing the Appearance
"https://www.youtube.com/watch?v=Lx67-QG2Uho", Angular 2 Full App Tutorial - Weather App - #8 Adding a Form
"https://www.youtube.com/watch?v=EmUerC9dMSs", Angular 2 Full App Tutorial - Weather App - #7 Adding a Service
"https://www.youtube.com/watch?v=h4A0-53Olm4", Node.js + Express - Tutorial - Mongoose
"https://www.youtube.com/watch?v=JnyBjeMmJyY", Node.js + Express - Tutorial - MongoDB + Monk
"https://www.youtube.com/watch?v=g8AB5jt-D00", Angular 2 Full App Tutorial - Weather App - #6 Property Binding
"https://www.youtube.com/watch?v=vBzg0Us5MDk", Laravel Tutorial - Filemanager/ Image Upload with a WYSIWYG Editor (TinyMCE)
"https://www.youtube.com/watch?v=Y-SvIFS4J8o", Laravel Tutorial - WYSIWYG Editor Integration (TinyMCE)
"https://www.youtube.com/watch?v=u8WYJOp_NX0", Angular 2 Full App Tutorial - Weather App - #5 NgFor, Local Variables, Lifecycle
"https://www.youtube.com/watch?v=-JcgwLIh0Z4", Node.js + Express - Tutorial - Update and Delete Data with MongoDB
"https://www.youtube.com/watch?v=21aVzSN30f8", Laravel Tutorial - ACL (User Roles) - #4 Final Touches
"https://www.youtube.com/watch?v=2u1bJWc9nN4", Laravel Tutorial - ACL (User Roles) - #3 Middleware
"https://www.youtube.com/watch?v=d1d4-0v8Zmk", Laravel Tutorial - ACL (User Roles) - #2 Database Setup & Migrations
"https://www.youtube.com/watch?v=Kas2w2DBuFg", Laravel Tutorial - ACL (User Roles) - #1 Setup & Intro
"https://www.youtube.com/watch?v=hGKV_0djMn4", Angular 2 Full App Tutorial - Weather App - #4 Custom Classes & String Interpolation
"https://www.youtube.com/watch?v=ZKwrOXl5TDI", Node.js + Express - Tutorial - Insert and Get Data with MongoDB
"https://www.youtube.com/watch?v=3fj9sx7UXfE", Node.js + Express - Tutorial - Setup MongoDB
"https://www.youtube.com/watch?v=7WI0WKY8U4M", Angular 2 Full App Tutorial - Weather App - #3 Create first Components
"https://www.youtube.com/watch?v=d6Dp4Dyeke8", Angular 2 Complete Course - Sections 1 & 2
"https://www.youtube.com/watch?v=hE5zeEiVqpw", Node.js + Express - Tutorial - Express-Validator and Express-Session (Validation & Sessions)
"https://www.youtube.com/watch?v=mghrMCsDpug", The Laravel Playground
"https://www.youtube.com/watch?v=l2QnzdB6EDU", Laravel 5.2 PHP Build a social network - Wrap Up
"https://www.youtube.com/watch?v=gj6wJudsgCE", Angular 2 Full App Tutorial - Weather App - #2 Components & Directives
"https://www.youtube.com/watch?v=r7EhBTPlQkk", Angular 2 Full App Tutorial - Weather App - #1 Introduction
"https://www.youtube.com/watch?v=Sb8xyCa2p7A", Node.js + Express - Tutorial - GET and POST Requests
"https://www.youtube.com/watch?v=1srD3Mdvf50", Node.js + Express - Tutorial - Handlebars Templating Engine
"https://www.youtube.com/watch?v=sLGkQjEbOyE", Laravel 5.2 PHP Build a social network - Likes & Dislikes (3/3 - Updating the View)
"https://www.youtube.com/watch?v=drM19VKbCgU", Laravel 5.2 PHP Build a social network - Likes & Dislikes (2/3 - Finishing the Backend)
"https://www.youtube.com/watch?v=y5qZJ7sYN88", Laravel 5.2 PHP Build a social network - Likes & Dislikes (1/3 - Models & AJAX)
"https://www.youtube.com/watch?v=DSp9ExFw3Ig", Node.js + Express - Tutorial - PugJS Templating Engine (formerly JADE)
"https://www.youtube.com/watch?v=bf8L9tQi_MQ", Node.js + Express - Tutorial - Express Project Structure & First little App
"https://www.youtube.com/watch?v=gqcBptGjHTo", Node.js + Express - Tutorial - Setup of Express
"https://www.youtube.com/watch?v=45dAt9Gz8rE", Node.js + Express - Tutorial - What is Express? And why should we use it?
"https://www.youtube.com/watch?v=cwB-H7wJItc", Laravel 5.2 PHP Build a social network - Image Upload
"https://www.youtube.com/watch?v=tQT2Vn8BaHo", Laravel 5.2 PHP Build a social network - User Account
"https://www.youtube.com/watch?v=fjdTvsVKmNU", Web Design Tutorial - Adobe Illustrator - Creating a Speech Bubble
"https://www.youtube.com/watch?v=xiCk5OGCdCE", Laravel 5.2 PHP Build a social network - Updating DB & View
"https://www.youtube.com/watch?v=tiMLxUKrB-g", Node.js - Tutorial - Routing
"https://www.youtube.com/watch?v=xJmI1ugIOXU", Web Design Tutorial - Adobe Illustrator - Introduction to Illustrator and the UI
"https://www.youtube.com/watch?v=p5eCYKiZN-4", Node.js - Tutorial - Rendering HTML as Response
"https://www.youtube.com/watch?v=ioxgbkxIGwE", Node.js - Tutorial - My IDE
"https://www.youtube.com/watch?v=L2YXZ5fZcqM", Laravel 5.2 PHP Build a social network - Edit Posts with AJAX Request
"https://www.youtube.com/watch?v=vSGaHQ19fDQ", Web Design Tutorial - Adobe Photoshop & Illustrator - Vectors vs Pixels
"https://www.youtube.com/watch?v=FK6dlRfQunc", Web Design Tutorial - Adobe Photoshop & Illustrator - Introduction
"https://www.youtube.com/watch?v=NemVc0_pnzM", Node.js - Tutorial - JavaScript Modules & Anonymous Functions
"https://www.youtube.com/watch?v=VNw6EGDltNk", Laravel 5.2 PHP Build a social network - Use jQuery to fetch Post Content
"https://www.youtube.com/watch?v=JH4qVqplC8E", Node.js - Tutorial - First Application
"https://www.youtube.com/watch?v=65a5QQ3ZR2g", Node.js - Tutorial - Introduction
"https://www.youtube.com/watch?v=IczOmFOlG3w", Laravel 5.2 PHP Build a social network - Editing Posts (View)
"https://www.youtube.com/watch?v=E9kzgAxtTwM", Laravel 5.2 PHP Build a social network - User Logout & Fixing Post Deletion
"https://www.youtube.com/watch?v=B_dlH02ZO1U", Future Plans for this channel
"https://www.youtube.com/watch?v=c7khcdJdxXw", 1.000 Subscribers - THANK YOU
"https://www.youtube.com/watch?v=VoYzc3TLwmQ", Laravel 5.2 PHP Build a social network - Deleting Posts
"https://www.youtube.com/watch?v=VuSLCrR64mw", Laravel 5.2 PHP Build a social network - Outputting Posts
"https://www.youtube.com/watch?v=b64E6zPG1cg", Angular 2 Tutorial (2016) - Angular 2 & Firebase Example App
"https://www.youtube.com/watch?v=8zIWGhVmTKk", Laravel 5.2 PHP Build a social network - Post Validation & Outputting Errors
"https://www.youtube.com/watch?v=z-1bdYTNWm8", Laravel 5.2 PHP Build a social network - Creating Posts (Model & Controller)
"https://www.youtube.com/watch?v=PkiHgAmYLec", Laravel 5.2 PHP Build a social network - Creating the Dashboard View
"https://www.youtube.com/watch?v=vrdHEBkGAow", Angular 2 Tutorial (2016) - Angular 2 & jQuery (use with caution!)
"https://www.youtube.com/watch?v=S1cQkAu0gtE", Angular 2 Course Announcement
"https://www.youtube.com/watch?v=4ECNmNWFEBA", Laravel 5.2 PHP Build a social network - Middleware & Route Protection
"https://www.youtube.com/watch?v=gybCjXYBgNA", Laravel 5.2 PHP Build a social network - Input Validation
"https://www.youtube.com/watch?v=HPvMD0lck70", Angular 2 Tutorial (2016) - Dependency Injection (2/2)
"https://www.youtube.com/watch?v=cVoV9kVH1SA", Angular 2 Tutorial (2016) - Dependency Injection (1/2)
"https://www.youtube.com/watch?v=atWUeGBIAAM", Laravel 5.2 PHP Build a social network - Logging users in
"https://www.youtube.com/watch?v=3ke5c6nzVC0", Angular 2 Tutorial (2016) - Inputs & Outputs
"https://www.youtube.com/watch?v=hJIc9lVTJj4", Laravel 5.2 PHP Build a social network - Signup Controller & Model
"https://www.youtube.com/watch?v=KYElZJb09Qk", Angular 2 Tutorial (2016) - Pipes
"https://www.youtube.com/watch?v=IRR3ydBUEgY", Laravel 5.2 PHP Build a social network - Signup & Login Screen
"https://www.youtube.com/watch?v=_dd4-HEPejU", Laravel 5.2 PHP Build a social network - Setup & Introduction
"https://www.youtube.com/watch?v=I-EiQD3x8xY", Angular 2 Tutorial - WTF are Components, Directives and Dataflow?
"https://www.youtube.com/watch?v=L7xPwhwbcHE", Angular 2 Tutorial (2016) - HTTP (GET and POST to RESTful Service)
"https://www.youtube.com/watch?v=LyRgKQjsGa4", Angular 2 Tutorial (2016) - Forms using Angular 2 Formbuilder
"https://www.youtube.com/watch?v=FrnYzx2zrk8", Angular 2 Tutorial (2016) - Forms (with Two-Way Databinding)
"https://www.youtube.com/watch?v=Dv_5An-OvCk", Angular 2 Tutorial (2016) - Routing with Parameters
"https://www.youtube.com/watch?v=WXzdp8rwgcQ", Angular 2 Tutorial (2016) - Inserting Data with Services + More Routing
"https://www.youtube.com/watch?v=wZ_5des_6_c", Angular.js 2 Tutorial - Full app in 20 Minutes
"https://www.youtube.com/watch?v=amrzliujiag", Angular 2 Tutorial (2016) - Routing
"https://www.youtube.com/watch?v=-ZVZzq4xhv0", Angular 2 Tutorial (2016) - Two Way Databinding
"https://www.youtube.com/watch?v=SEM6-TkuOgo", Angular 2 Tutorial (2016) - Services
"https://www.youtube.com/watch?v=mZRKCQsFlro", Angular 2 Tutorial (2016) - Multiple Components + ngFor Directive
"https://www.youtube.com/watch?v=0scZXATiGSY", Angular 2 Tutorial (2016) - Setting up the Development Environment
"https://www.youtube.com/watch?v=PELRx7zYbPk", Angular 2 Tutorial - The Architecture of an Angular 2 Application
"https://www.youtube.com/watch?v=fyfY5aqbLNI", Angular 2 Tutorial (2016) - Introduction
"https://www.youtube.com/watch?v=hU8oxbwKesQ", Angular 2 Tutorial (2016) - Components (incl. Data Binding, Two-Way Binding!)
"https://www.youtube.com/watch?v=ft2gCJl-jlo", Real Beginners Corner: HTML, CSS & JavaScript Basics - #3 Basic HTML Tags (2/2)
"https://www.youtube.com/watch?v=saxfZqR2INM", Real Beginners Corner: HTML, CSS & JavaScript Basics - #3 Basic HTML Tags (1/2)
"https://www.youtube.com/watch?v=zwEL8Kfdt1o", Real Beginners Corner: HTML, CSS & JavaScript Basics - #2 HTML Introduction
"https://www.youtube.com/watch?v=8FxVEioS41U", Real Beginners Corner: HTML, CSS & JavaScript Basics - #1 The Basics about a Web Page
"https://www.youtube.com/watch?v=HhElHpiAWp8", Wordpress Custom Theme and Website - #8 - Adding Search Functionality to your WordPress Site
"https://www.youtube.com/watch?v=_TgSq1ULelA", Wordpress Custom Theme and Website - #7 - Adding and styling Post Meta Information
"https://www.youtube.com/watch?v=_FPEYG5fX34", Stylin' Around - Building a real Grid with CSS Flexbox - #2
"https://www.youtube.com/watch?v=MIJCkATvDSQ", Wordpress Custom Theme and Website - #6 - Adding Templates for Pages and Posts + Creating an Excerpt
"https://www.youtube.com/watch?v=PZLx8QG6HlA", Stylin' Around - Building a real Grid with CSS Flexbox - #1
"https://www.youtube.com/watch?v=cK3CAx0cuZs", Stylin' Around - Flexbox Introduction - Part 2: The Flex Children
"https://www.youtube.com/watch?v=BrmRCL0RTgo", Wordpress Custom Theme and Website - #4 - Creating a Navigation Menu
"https://www.youtube.com/watch?v=JszJ0kqvyMo", Wordpress Custom Theme and Website - #5 - Styling the Menu
"https://www.youtube.com/watch?v=-jbE_a0rrvM", Wordpress Custom Theme and Website - #3 - Splitting into Templates
"https://www.youtube.com/watch?v=SeD-go4vQmk", Stylin' Around - Flexbox Introduction - Part 1: The Flex Container
"https://www.youtube.com/watch?v=NwOKwQPbrnM", Stylin' Around - Creating a sticky Navigation Bar - Part 2
"https://www.youtube.com/watch?v=azlhEegg5LA", Stylin' Around - Creating a sticky Navigation Bar - Part 1
"https://www.youtube.com/watch?v=UYPpx4uPk10", Wordpress Custom Theme and Website - #2 - Creating the Theme and Setting Up a Basic Skeleton
"https://www.youtube.com/watch?v=O5-1NkC-Rvc", Wordpress Custom Theme and Website - #1 - Setup and First Steps
