"https://www.youtube.com/watch?v=wUc4d1Vlxe4", Using the axe Web Accessibility Testing Browser Plugin
"https://www.youtube.com/watch?v=bJMEpL4rxAQ", Sticky Positioning in CSS: How it Works, What Can Break It, and Dumb Tricks
"https://www.youtube.com/watch?v=5sJn7kNaVJk", A First Look at Cloudflare Pages
"https://www.youtube.com/watch?v=kO2dZxtsC1M", Centering List Markers
"https://www.youtube.com/watch?v=mRUhOYXWcd4", Doing Booping: Whimsical Effects on Mouseenter
"https://www.youtube.com/watch?v=7Pyb7UpxKMw", Simple Scroll to Zoom Function
"https://www.youtube.com/watch?v=axlLCbFfAN0", Playing with JSX
"https://www.youtube.com/watch?v=6-LwsTY22L8", Learn About the `position` Property in CSS
"https://www.youtube.com/watch?v=9jMmI3dNvIM", Using Jetpack Backup on WordPress Sites
"https://www.youtube.com/watch?v=rmFINtH5PNE", Learning Grid & Flexbox with Chris Coyier & Kyle Simpson
"https://www.youtube.com/watch?v=gdlQ1pJ46UQ", A Look at Stackbit and Stackbit Studio
"https://www.youtube.com/watch?v=-tki9Ctvodc", How to Draw a Line with CSS
"https://www.youtube.com/watch?v=WEKRuohH43A", Automate your site social media posting with Jetpack
"https://www.youtube.com/watch?v=2Clxv7gPqCc", Scully: the SSG for Angular
"https://www.youtube.com/watch?v=mxoSIF-Qm7g", Git Tricks (Getting Yourself out of Trouble)
"https://www.youtube.com/watch?v=KE8MdPD9yac", Learn by doing: CUBE CSS
"https://www.youtube.com/watch?v=P63MsyjvPac", CSS Custom Properties Penetrate the Shadow DOM
"https://www.youtube.com/watch?v=bGydZHUNWg0", Notion for Personal & Public Use
"https://www.youtube.com/watch?v=pjU5xAhYrY0", Exploring the Overlapping Header Pattern
"https://www.youtube.com/watch?v=2ClIZ6xOwlI", Notion for Team Meetings & Documentation
"https://www.youtube.com/watch?v=KPiz2Xpn0Bc", Notion for Web Development Teams
"https://www.youtube.com/watch?v=XFXVJBzsMCA", Nicely Aligned Ordered Lists
"https://www.youtube.com/watch?v=t4y7ouKa9iI", Playing with CSS Masks
"https://www.youtube.com/watch?v=Znrq4g9nZhw", Art Directing Images, the Picture Element, and Image CDNs
"https://www.youtube.com/watch?v=jmjXIvDkcRo", Baby's First Vue SFC
"https://www.youtube.com/watch?v=To5cBX8P_QY", Poking at HTML Lists
"https://www.youtube.com/watch?v=FeEDO68FEJM", Tinkering with Video on Mobile
"https://www.youtube.com/watch?v=8bhKjoowr4c", A Grid of Squares
"https://www.youtube.com/watch?v=Vbg81kc56FU", Percy helps make sure the visual changes you make to your sites are intentional
"https://www.youtube.com/watch?v=fY1pUeFqTsE", Working with Framer Motion
"https://www.youtube.com/watch?v=YBUMYqYDXtA", Workflow: Local WordPress Development to Production
"https://www.youtube.com/watch?v=YwAUdkEOhDg", 7 Things to Know About Webflow
"https://www.youtube.com/watch?v=iJYMP0x_EJk", Using Local Overrides in DevTools
"https://www.youtube.com/watch?v=YiBau30kIjI", Ooooops I guess weâ€™re full-stack developers now.
"https://www.youtube.com/watch?v=pKMLPHfLN7k", Hand-SVGing a Curved Line
"https://www.youtube.com/watch?v=NXtz59SJYfM", Movable Stacked Card Row in CSS
"https://www.youtube.com/watch?v=IPH-pVB-srw", Write an Email Newsletter with WordPress Gutenberg and Mailchimp
"https://www.youtube.com/watch?v=2qoumOxDirw", Watch an Amateur Spin Up a React + Babel + Webpack + CSS Modules Project
"https://www.youtube.com/watch?v=CKehxWHQXnE", Moving a WordPress.org Site to a WordPress.com Site
"https://www.youtube.com/watch?v=mQWxnofgG8E", Jetpack Let's You Use the WordPress.com Dashboard for your Self-Hosted WordPress Site
"https://www.youtube.com/watch?v=ull9iCMTGDE", CSS-in-JS Explained
"https://www.youtube.com/watch?v=XTWDFShNKPw", Jetpack Image Speed
"https://www.youtube.com/watch?v=pILaHZWFjw8", Jetpack Social Features
"https://www.youtube.com/watch?v=TIx8koZP-Mk", Learn to Integrate Visual Testing with Percy
"https://www.youtube.com/watch?v=S_xJICaV6XM", Use WordPress.com if you can!
"https://www.youtube.com/watch?v=iZrzuUwm-9Y", Building Your Backend With Serverless Functions
"https://www.youtube.com/watch?v=OWrzUrv7luI", Basic WooCommerce Walkthrough
"https://www.youtube.com/watch?v=Lrk3SNQb97U", Jetpack Security
"https://www.youtube.com/watch?v=6E_odMmKP6g", Using Netlify, Part 2: Forms & API, Notifications, and Configuration
"https://www.youtube.com/watch?v=jW9cPKFSUrw", Using Netlify, Part 1: Setting Up, Deploying, and Poking Around
"https://www.youtube.com/watch?v=h5R_SxV-cFY", First Steps with Serverless
"https://www.youtube.com/watch?v=2N_sUmpjzZk", What the heck is serverless?
"https://www.youtube.com/watch?v=ER215n6SsTA", CSS-Tricks Screencast #161: Jetpack
"https://www.youtube.com/watch?v=Dd-yJIt1z5w", CSS-Tricks Screencast #160: The All-Powerful Front-End Developer
"https://www.youtube.com/watch?v=g-y3SXeooyo", Extending a Gutenberg Block the WordPress REST API
"https://www.youtube.com/watch?v=TtV0S19MyPo", A Gentle Introduction to Gutenberg With create-guten-block
"https://www.youtube.com/watch?v=95SOyRUH7P8", CSS-Tricks Screencast #159: Vue
"https://www.youtube.com/watch?v=5peAOg3ArtE", CSS-Tricks Screencast 158: An Expando Button Menu
"https://www.youtube.com/watch?v=Bj6TFixkT1A", CSS-Tricks Video Screencast #157: A Tale of Four Properties
"https://www.youtube.com/watch?v=ZC3wgDoD1Fo", CSS-Tricks Screencast #156: Let's Talk About Webpack
"https://www.youtube.com/watch?v=JhGX3wT-TbE", CSS-Tricks Screencast #155: Responsive Images + WordPress
"https://www.youtube.com/watch?v=zTLEcLBMRsQ", CSS-Tricks Screencast #153: A Poster Child WordPress Site
"https://www.youtube.com/watch?v=5fkC6AG3XWU", CSS-Tricks Screencast #153: Getting Started with CSS Grid
"https://www.youtube.com/watch?v=aFT2BpSsrk0", CSS-Tricks Screencast #152: Font Loading with Zach Leatherman
"https://www.youtube.com/watch?v=ei9-L2wjdUk", CSS-Tricks Screencast #151: First Minutes with Sublime Text
"https://www.youtube.com/watch?v=QyDOn9iW8LE", CSS-Tricks Screencast #150: One Thing about JavaScript
"https://www.youtube.com/watch?v=V89VKYqfwJA", CSS-Tricks Screencast #149: Pattern Lab Node
"https://www.youtube.com/watch?v=tgK8uzTIZx8", CSS-Tricks Screencast 148: HTML & Flexbox on Tinge
"https://www.youtube.com/watch?v=LR_Fb2LbnhY", CSS-Tricks Screencast #147: Starting a React-Powered Comment Form
"https://www.youtube.com/watch?v=jSHqlFkJiBI", CSS-Tricks Screencast #146: Getting More from Analytics
"https://www.youtube.com/watch?v=W3XOzN9Q9ww", CSS-Tricks Screencast #145: WordPress Child Themes
"https://www.youtube.com/watch?v=h0y0JCmwGAc", CSS-Tricks Screencast #144: Building a JavaScript/Canvas Game with Kyle Simpson
"https://www.youtube.com/watch?v=9WdMKdQHBBE", Offline Site Example with ServiceWorker
"https://www.youtube.com/watch?v=BWhGLFrkdOU", CSS-Tricks Screencast #143: WordPress Transients
"https://www.youtube.com/watch?v=pLokyKj10Gw", CSS-Tricks Screencast #142: Hiding Things with CSS
"https://www.youtube.com/watch?v=Dt8hpqEIL1c", The Printliminator
"https://www.youtube.com/watch?v=OhrPDS7QHGA", CSS-Tricks Screencast #141 - The Images of Responsive Images
"https://www.youtube.com/watch?v=9wHKFO6a4ms", CSS-Tricks Screencast #140: Exploring CSS Layout Techniques
"https://www.youtube.com/watch?v=rrKxAIXnydE", Bug & Fix for YouTube Embeds Not Playable on Mobile
"https://www.youtube.com/watch?v=RljpEJNFVFo", CSS-Tricks Screencast #139: The Server Side Mustard Cut
"https://www.youtube.com/watch?v=5t01MwsvKwk", CSS-Tricks Screencast #138: HTTPS Conversion on WordPress
"https://www.youtube.com/watch?v=w83XRCkMtHQ", CSS-Tricks Screencast #137: SVG is for Everybody
"https://www.youtube.com/watch?v=fwFScmW7TDg", CSS-Tricks Screencast #136: Moving Things to a CMS as Needed
"https://www.youtube.com/watch?v=lM7cuk5DPgc", CSS-Tricks Screencast #135: Three Ways to Animate SVG
"https://www.youtube.com/watch?v=M7W5unPM_b4", CSS-Tricks Screencast #134: A Tour of an In-Progress Site
"https://www.youtube.com/watch?v=pw6shMBnISQ", CSS-Tricks Screencast #133: Figuring Out Responsive Images
"https://www.youtube.com/watch?v=LRrHk4rZtWw", CSS-Tricks Screencast #132: A Useful Case for Sass Math and Mixins
"https://www.youtube.com/watch?v=tge9YQDAasc", CSS-Tricks Screencast #131: Tinkering With Flexbox
"https://www.youtube.com/watch?v=Mr2VBRdRYak", CSS-Tricks Screencast #130: First Few Minutes with Grunt
"https://www.youtube.com/watch?v=0uIPGgq9R5Y", CSS-Tricks Screencast #129: Emmet (is awesome)
"https://www.youtube.com/watch?v=LgtGNK25UWA", CSS-Tricks Screencast #128: Effeckt.css
"https://www.youtube.com/watch?v=G16Di5Sf0Ik", CSS-Tricks Screencast #127: Basics of JavaScript Templating
"https://www.youtube.com/watch?v=dXDSzYu_bwc", CSS-Tricks Screencast #126: Using Modernizr
"https://www.youtube.com/watch?v=wh26-Pdw_0M", CSS-Tricks Screencast #125: How To Stay Up To Date on Web Technology
"https://www.youtube.com/watch?v=wLzaciMrmWU", CSS-Tricks Screencast #124: A Modern Web Designer's Workflow
"https://www.youtube.com/watch?v=xG418MfI3g8", CSS-Tricks Screencast #123: If it Moves When You Click, Make Something Stick
"https://www.youtube.com/watch?v=cPHneDzQkoE", CSS-Tricks Screencast #122: The State of Favicons
"https://www.youtube.com/watch?v=bToBgJYI8Pc", Slide in boxes
"https://www.youtube.com/watch?v=Q_tAyUrfKsk", CSS-Tricks Screencast #121: The Right CMS is a Customized One
"https://www.youtube.com/watch?v=xKabkIB8Ma8", CSS-Tricks Screencast #120: A Sublime Text Snippet for Media Query Mixins
"https://www.youtube.com/watch?v=AhvYN8RosJY", Screencast #119: Let's Answer Forum Posts! Vol. 2
"https://www.youtube.com/watch?v=oRHlvtvfILY", #118: Introduction to CodePen PRO
"https://www.youtube.com/watch?v=jgkbbu2y0V0", CSS-Tricks Screencast #117 - Let's Attempt To Do a "Pull Request"
"https://www.youtube.com/watch?v=Ms5UV4Jvgig", Style Injection
"https://www.youtube.com/watch?v=xKJVcBVAmX0", Screencast #116: Let's Answer Forum Posts!
"https://www.youtube.com/watch?v=9ScOYtky7CM", CSS-Tricks Screencast #115 - Don't Overthink It Grids
"https://www.youtube.com/watch?v=eVXTVAT9JKg", Eye Tracking study of CSS-Tricks (3 of 3)
"https://www.youtube.com/watch?v=Zpa4Ua4itFs", Eye Tracking study of CSS-Tricks (2 of 3)
"https://www.youtube.com/watch?v=HbJNfvqJUzY", Eye Tracking study of CSS-Tricks (1 of 3)
"https://www.youtube.com/watch?v=Xf6KGJEnrlM", Receding Background Modal
"https://www.youtube.com/watch?v=IQKVtAMyiG0", CSS-Tricks Screencast #114: Let's Do Simple Stuff to Make Our Websites Faster
"https://www.youtube.com/watch?v=HbkOzrpmhUc", CSS-Tricks Screencast #98: Playing with Body Borders
"https://www.youtube.com/watch?v=Md5LNfZ356A", CSS-Tricks Screencast #113: Using a Custom Icon Font
"https://www.youtube.com/watch?v=uiVWdEcFW58", CSS-Tricks Screencast #46: Domains, DNS, Hosting and Google Apps
"https://www.youtube.com/watch?v=MhQ5CPDSU34", CSS-Tricks Screencast #35: Intro to jQuery 2
"https://www.youtube.com/watch?v=KKG7JBwcZks", Lore.com Hovers
"https://www.youtube.com/watch?v=cYmYpm7ZasA", CSS-Tricks Screencast #100: Let's Write Semantic Markup
"https://www.youtube.com/watch?v=OhDcUM0S_CE", Dezvolta
"https://www.youtube.com/watch?v=Bs4HVBLi6jQ", Screencast #112: Using CodePen
"https://www.youtube.com/watch?v=kAC34jIwj4A", Screencast #28: Using Wufoo for Web Forms
"https://www.youtube.com/watch?v=7DAeiUHNbc4", CSS-Tricks Screencast #99: Overview of HTML5 Forms Types, Attributes, and Elements
"https://www.youtube.com/watch?v=V54taIbfpAQ", Screencast #40: How z-index Works
"https://www.youtube.com/watch?v=1JnrmmcoLSM", VoiceOver Reading page about how to use icon fonts
"https://www.youtube.com/watch?v=lCnoW-uhS-I", Screencast #111: Get Yourself Preprocessing in Just a Few Minutes
"https://www.youtube.com/watch?v=AUiVLIDoGuc", Viewport Sized Typography
"https://www.youtube.com/watch?v=ZVzihqsGOo0", Screencast #38: Basics & Tips on Designing for the iPhone
"https://www.youtube.com/watch?v=PoLkYT1iOZg", Screencast #29: Google Search for Your Site
"https://www.youtube.com/watch?v=REM-K7_JLUY", Screencast #28: Using Wufoo for Web Forms
"https://www.youtube.com/watch?v=u6sofxvuIE0", Screencast #13: Converting a Photoshop Mockup: Part Two, Episode Two
"https://www.youtube.com/watch?v=sOCXo2-C37Q", CSS-Tricks Screencast #10: Fixed Width, Fluid Width & Elastic Width
"https://www.youtube.com/watch?v=gKvxlYCzJXw", CSS-Tricks Screencast #110: Quick Overview of CSS Position Values
"https://www.youtube.com/watch?v=vqE1MZ0UlaM", Target Links
"https://www.youtube.com/watch?v=oMVysPpoEtI", Layout Transition Problem
"https://www.youtube.com/watch?v=4gv3f4p7jOY", Ad Folding
"https://www.youtube.com/watch?v=APvpov14iZ8", nclud website
"https://www.youtube.com/watch?v=cUeMF18zA4Y", Screencast #109: Getting off FTP and onto Git Deployment with Beanstalk
"https://www.youtube.com/watch?v=tQSLUNd5_i4", Screencast #108: Using Chartwell
"https://www.youtube.com/watch?v=l_B91Vkyo7I", Screencast #107: LiveReload, a Menu Bar App for Preprocessors and Speedy Developement
"https://www.youtube.com/watch?v=bfp2vt6JueQ", Screencast #106: Use BrowserStack for Live Web-Based Cross Browser Testing
"https://www.youtube.com/watch?v=yQeg8y3Tyqk", Screencast #105: Using SpriteCow
"https://www.youtube.com/watch?v=b0Z-b08HYNs", Screencast #104: Quick Tip: Use Dropbox to Make a Public URL for Anything
"https://www.youtube.com/watch?v=GGQwlSps_Hs", Screencast #103: Integrating FitVids.js into WordPress
"https://www.youtube.com/watch?v=W6Z1HfctUjg", Screencast #101: Let's Suck at GitHub Together
"https://www.youtube.com/watch?v=wBT_wC6gVMM", Screencast #102: Braindump on Responsive Web Design
"https://www.youtube.com/watch?v=VJufqV6P-xY", Screencast #97: Intro to CSS Animations
"https://www.youtube.com/watch?v=euCkt5_LsQo", Screencast #96: localStorage for Forms
"https://www.youtube.com/watch?v=MIYNB-3TC74", Screencast #95- A Tale of Border Gradients
"https://www.youtube.com/watch?v=vABfhlLx7jw", Preview of Tinker
"https://www.youtube.com/watch?v=BPvW0ffWhjI", Fluid ASCII Art Animation with Mouseover
"https://www.youtube.com/watch?v=bbYjxHCo93s", Grind
"https://www.youtube.com/watch?v=NH5SzhgTySM", Grey Goose
"https://www.youtube.com/watch?v=5lVjKaSKJTQ", Red Bull Stratos
"https://www.youtube.com/watch?v=MqxDfNmGOA0", Y.CO
"https://www.youtube.com/watch?v=64l1ZbjuXCI", Screencast #94: Intro to Pseudo Elements
"https://www.youtube.com/watch?v=QkWMYo4mX8Y", Screencast #93: CSS3 Slideup Boxes
"https://www.youtube.com/watch?v=0TfXpD69neM", Screencast #92: Code Walkthrough of Drawing Table
"https://www.youtube.com/watch?v=IiXPonOuo3M", Screencast #91: The WordPress Loop
"https://www.youtube.com/watch?v=KxVLpCaopAo", Subtle Scrolling Effects
"https://www.youtube.com/watch?v=DFBBnUmklWg", Scroll Down Fade Out from Dave Gamache's Site
"https://www.youtube.com/watch?v=jmhp1-nHd9c", Screencast #90: Simple TextMate Tips
"https://www.youtube.com/watch?v=Fh6pY89k8_k", Screencast #89: Organizing a Photoshop Document
"https://www.youtube.com/watch?v=opj1hV2b3gA", Screencast #88: Intro to Compass/Sass
"https://www.youtube.com/watch?v=JistkD7sBG0", Screencast #87: Moving Up with MAMP
"https://www.youtube.com/watch?v=dv68ejaokmM", Recent Posts
"https://www.youtube.com/watch?v=emjDyV6zIws", Huge search box
"https://www.youtube.com/watch?v=rTOKoS6rqbc", Screencast #85: Best Practices with Dynamic Content
"https://www.youtube.com/watch?v=50cUO2WTeMQ", Screencast #84: Site Walkthrough of chris-mcgarry.com
"https://www.youtube.com/watch?v=RO554aesdTs", Screencast #83: Thoughts on SEO
"https://www.youtube.com/watch?v=WZOYGXZLWnw", Screencast #81: AJAXing a WordPress Theme
"https://www.youtube.com/watch?v=KdDaBiYP8po", Screencast #80: Regarding Wheel Invention
"https://www.youtube.com/watch?v=lPWamEwiuUM", Screencast #79: Complete/Non-Queuing Animations with jQuery
"https://www.youtube.com/watch?v=w4WCUKAK2OU", Screencast #78: On Web Advertising
"https://www.youtube.com/watch?v=GXm9OfDKT9o", Screencast #77: Styling an Individual Article
"https://www.youtube.com/watch?v=t8uJ3hziLrU", Screencast #76: A Tour of jQuery on a Live Site
"https://www.youtube.com/watch?v=M1VH_gsw1xQ", Shopify Slider
"https://www.youtube.com/watch?v=Sd4T9mtifgU", Acko.net
"https://www.youtube.com/watch?v=-fPm6NmwSIc", Screencast #74: Editable CSS3 Image Gallery
"https://www.youtube.com/watch?v=mwJzmbGrKGY", Screencast #73: Building a Website (3 of 3): WordPress Theme
"https://www.youtube.com/watch?v=nSf7PI0UMCE", Screencast #72: Building a Website (2 of 3): HTML/CSS Conversion
"https://www.youtube.com/watch?v=RE73jITX38k", Screencast #71: Building a Website (1 of 3): Photoshop Mockup
"https://www.youtube.com/watch?v=S_c5DntniCU", Screencast #70: Random Pet Peeves
"https://www.youtube.com/watch?v=llMWKqI0H7s", Screenast #68: Think Geek Background Fade Technique
"https://www.youtube.com/watch?v=J0P7VfO9yzQ", Screencast #67: jQuery Part 3 -- Image Title Plugin
"https://www.youtube.com/watch?v=bZIfSZqpV_c", Screencast #66: Table Styling 2, Fixed Header and Highlighting
"https://www.youtube.com/watch?v=QsjfvloC4yc", Screencast #65: Advanced Uses for Custom Fields in WordPress
"https://www.youtube.com/watch?v=5JD5oL5fPAw", Screencast #64: Building a Photo Gallery
"https://www.youtube.com/watch?v=FPUXL-hE14I", Screencast #63: On Screencasting
"https://www.youtube.com/watch?v=lwQsbVx33fE", Screencast #62: Advanced Form Styling & Functionality
"https://www.youtube.com/watch?v=2xg50gMWQqc", Screencast #61: Basic Table Styling with CSS
"https://www.youtube.com/watch?v=ypBSEDYlvw8", Screencast #60: AJAX Refreshing RSS Content
"https://www.youtube.com/watch?v=wTf7dzXCTSw", Screencast #59: Embedding Audio
"https://www.youtube.com/watch?v=47y8X54l7f8", Screencast #58: HTML & CSS -- The VERY Basics
"https://www.youtube.com/watch?v=6P74kADJx6E", Screencast #57: Using CSS3
"https://www.youtube.com/watch?v=Ybm-oLfApvg", Screencast #56: Integrating FoxyCart and WordPress
"https://www.youtube.com/watch?v=VIraYro2J5c", Screencast #55: Adding RSS Content with SimplePie
"https://www.youtube.com/watch?v=z5lUvVk4cjc", Screencast #54: Introduction to FLIR
"https://www.youtube.com/watch?v=dhartVrA7gg", Checkbox Hack with Large Clickable Area
"https://www.youtube.com/watch?v=XkgpaU0e1GI", Screencast #53: Customizing PayPal Forms, Buttons, and Headers
"https://www.youtube.com/watch?v=OdIufcdf0rk", Screencast #52: Building a Print Stylesheet
"https://www.youtube.com/watch?v=NmikW6QqaDo", Better Number Keyboard in iOS5
"https://www.youtube.com/watch?v=XbvNEzzIsIQ", Screencast #51: A Lesson Learned in Accessibility
"https://www.youtube.com/watch?v=YWQUdO3NQK0", Screencast #50: Building a Customized and Dynamic Ordering Form
"https://www.youtube.com/watch?v=geQCsxM2tkg", Screencast #49: Hodgepodge of Photoshop Tricks
"https://www.youtube.com/watch?v=PHzShhtkzEk", Screencast #48: Skinning phpBB
"https://www.youtube.com/watch?v=rz5-mJeOEX0", Screencast #47: CSS Shorthand
"https://www.youtube.com/watch?v=qmwR3KigQWs", Screencast #45: Using FoxyCart for eCommerce
"https://www.youtube.com/watch?v=MTSY5jH8tvA", Screencast #44: Hodgepodge of WordPress Tricks
"https://www.youtube.com/watch?v=sukuajmtfVg", Screencast #43: How to Use CSS Sprites
"https://www.youtube.com/watch?v=fyWdofSeukE", Screencast #42: All About Floats Screencast
"https://www.youtube.com/watch?v=4zxdOd5iGZg", Screencast #41: WordPress as a CMS
"https://www.youtube.com/watch?v=Ky0g8HwzUso", Flipboard for iPhone Splash page
"https://www.youtube.com/watch?v=8IVL6L5z32U", Hobo Logo
"https://www.youtube.com/watch?v=j6Zlutm6JUY", Screencast #39: How to Use sIFR 3
"https://www.youtube.com/watch?v=cGG37Vg4nzA", Screencast #37: Status, Fluid and Menu Bar Apps
"https://www.youtube.com/watch?v=OHu4Vl9DZ-M", Screencast #36: Current Nav Highlighting: Using PHP to Set the Body ID
"https://www.youtube.com/watch?v=I_bnD8W0Y2o", Screencast #34: Integrating and Customizing Google Maps
"https://www.youtube.com/watch?v=T_3TICEL-9Q", Screencast #33: eCommerce Product Page Makeover
"https://www.youtube.com/watch?v=k-fwlTWz1Q0", Screencast #32: Using the Unit PNG Fix
"https://www.youtube.com/watch?v=VyLELXqU1-M", Screencast #31: Introduction to Google Analytics
"https://www.youtube.com/watch?v=3Xm1ulYJId8", Screencast #30: Creating and Sending HTML Email
"https://www.youtube.com/watch?v=d6y1k60PkhQ", Grip Limited
"https://www.youtube.com/watch?v=RIr7JfWvzyg", Wonderwall
"https://www.youtube.com/watch?v=1Ears0MRKsc", Screencast #27: Designing for WordPress: Part Three
"https://www.youtube.com/watch?v=GI0Lxhd3CB0", Screencast #26: Designing for WordPress: Part Two
"https://www.youtube.com/watch?v=di_qUqDFFgc", Android Animation
"https://www.youtube.com/watch?v=bEtmJ-McYuA", Screencast #25: Designing for WordPress: Part One
"https://www.youtube.com/watch?v=CjYF_H4Z0gE", Screencast #24: Rounded Corners
"https://www.youtube.com/watch?v=Yi3WyBPQC-0", Screencast #23: Conditional Stylesheets
"https://www.youtube.com/watch?v=4HWCppC5siY", Screencast #22: Cutting Clipping Paths
"https://www.youtube.com/watch?v=eki4H4DD-MQ", Screencast #21: Walkthrough of Contact Form
"https://www.youtube.com/watch?v=2a5HCdBUav0", Screencast #20: Introduction to jQuery
"https://www.youtube.com/watch?v=0GTSCWOMcoo", Screencast #19: Designing a Unique Page for Twitter Updates
"https://www.youtube.com/watch?v=StT94IfaZTA", Screencast #16: Creating the Photoshop Mockup
"https://www.youtube.com/watch?v=hJmdHnu8gz8", Screencast #14: Converting a Photoshop Mockup: Part Two, Episode Three
"https://www.youtube.com/watch?v=l_rdLq1KqWQ", Uniqlo
"https://www.youtube.com/watch?v=z3oVvqJNBBc", Screencast #12: Converting a Photoshop Mockup: Part Two, Episode One
"https://www.youtube.com/watch?v=_-iHbrtUGUE", Screencast #7: Creating a Three State Menu
"https://www.youtube.com/watch?v=WwIcic487Qc", Tabs with Replace State
"https://www.youtube.com/watch?v=7ceLcsgT7XY", Screencast #6: Tools of the Trade: The Mac Software I Use for Web Design
"https://www.youtube.com/watch?v=mC-CFObb7EM", Screencast #3: Converting a Photoshop Mockup (part 3 of 3)
"https://www.youtube.com/watch?v=Df87OqddMeU", Authentic Jobs | Charity Water
"https://www.youtube.com/watch?v=zK13Fbxx1Lk", Screencast #2: Converting a Photoshop Mockup (part 2 of 3)
"https://www.youtube.com/watch?v=ZNoHm5Iit7A", Scrolling Site: Flight
"https://www.youtube.com/watch?v=Konn2NMmSXw", Chris Coyier on Pseudo Elements at Front End Design Conference 2011
"https://www.youtube.com/watch?v=aLL02s8ma4E", Bricss Interactions
"https://www.youtube.com/watch?v=EMmar6SqO14", backface-visibility
"https://www.youtube.com/watch?v=fWd7NaDrnGs", Hard to Read
"https://www.youtube.com/watch?v=FyP4iDRVc7k", The "Scroll Down" experience
"https://www.youtube.com/watch?v=eLH1_5ayHpA", Twitter for Mac
"https://www.youtube.com/watch?v=WDacli3KItQ", Intro for CSS-Tricks Screencasts
"https://www.youtube.com/watch?v=lq47ihlTj6I", Convert Menu to Select
"https://www.youtube.com/watch?v=DrfXUyYyrLs", Summary/Details
"https://www.youtube.com/watch?v=7ExQ9HPMXkc", Awesome button
"https://www.youtube.com/watch?v=jr3RwMBrYOw", Scolling site: youlove.us
"https://www.youtube.com/watch?v=quG3mjgNZR4", Scrolling site: Dentsu
"https://www.youtube.com/watch?v=TdXRigt6TL4", Scrolling Site: Ben the Bodyguard
"https://www.youtube.com/watch?v=_dh22Z75N_I", Scrolling Site: Activated Drinks
"https://www.youtube.com/watch?v=sAZdJ_FIyRM", Scoll Down Site: New Zealand
"https://www.youtube.com/watch?v=U4YQyH-30l0", Scroll Down Site: ala
"https://www.youtube.com/watch?v=75WZBqcXCHY", Footer Background Fade
"https://www.youtube.com/watch?v=UOApoZPjJnA", Full Page Width Navigation Bars
"https://www.youtube.com/watch?v=GiRC8LOlds4", Screencast: #86: First Moments with MAMP
"https://www.youtube.com/watch?v=aO0FtQfZtwM", Screencast: #82 CSS Image Switcher
"https://www.youtube.com/watch?v=q__Tp4uRn1U", Active States and Hover Color Surprises
"https://www.youtube.com/watch?v=F3_8-tmS6Rk", Screencast #75: How Not To Design a Checkout
"https://www.youtube.com/watch?v=CIBoO6FkuXU", Screencast #69: First Ten Minutes with TypeKit
"https://www.youtube.com/watch?v=JgxCPlmSOsk", Screencast #18: Introduction to the Band Website Template
"https://www.youtube.com/watch?v=Iavv4I9CVLs", Screencast #17: Sliding Doors Button
"https://www.youtube.com/watch?v=bkefd6AAOt4", Screencast #15: Introduction to Firebug
"https://www.youtube.com/watch?v=th-INiD1cTU", Screencast #11: Working Modularly with PHP
"https://www.youtube.com/watch?v=m2NsJQyaxVo", Screencast #9: Starry Night: 3D Background with the Parallax Effect
"https://www.youtube.com/watch?v=1DfMQnKqT64", CSS Riffin Episode 1
"https://www.youtube.com/watch?v=0-X9tzOqrtY", Screencast #8: CSS Formatting
"https://www.youtube.com/watch?v=n_dZNLr2cME", Another cool scroll-down effect
"https://www.youtube.com/watch?v=1JRfHAPc53o", More Breakpoints in v9
"https://www.youtube.com/watch?v=bGBR2xUo-14", First Breakpoint in Responsive Design (v9)
"https://www.youtube.com/watch?v=p-FAqzaFJU4", Neat Scrolldown animation from Nizaapp.com
"https://www.youtube.com/watch?v=5sLRyBCwDnk", Demo of Magic Zoom
"https://www.youtube.com/watch?v=-B-_kHVPxLo", Quick Demo of Dynamic Page / Replacing Content
"https://www.youtube.com/watch?v=hyg44e9c_QI", Demo of Resolution Dependent Layouts
"https://www.youtube.com/watch?v=3zy5lR4hqN4", CSS Media Queries + Pseudo Elements
"https://www.youtube.com/watch?v=2qL4z3Hbn78", Footer Boxes from CSS-Tricks v7
"https://www.youtube.com/watch?v=G3dLywFxkaA", Slide to Unlock feature in WebKit
"https://www.youtube.com/watch?v=3nXIqsDBAvQ", Dynamic Archives for WordPress
"https://www.youtube.com/watch?v=Sk6P_cAL0qM", Rollover effect for Wufoo Form Embed Kit
"https://www.youtube.com/watch?v=a2z9ncmX-us", Slide in Meta Data Effect on CSS-Tricks v7
"https://www.youtube.com/watch?v=4gnGe5v-Rp0", Screencast by chriscoyier from Screenr.com
"https://www.youtube.com/watch?v=jV-V6XkFez4", Comment UX for CSS-Tricks v8
"https://www.youtube.com/watch?v=a6uAVSCxCbw", Some sidebar UX for CSS-Tricks v9 (pre launch)
"https://www.youtube.com/watch?v=ArjgPWfd6gc", Screencast #5: Columns of Equal Height: Super Simple
"https://www.youtube.com/watch?v=rMU816plAkc", Screencast #4: Forcing Scrollbars: Eliminating "Horizontal Jumps"
"https://www.youtube.com/watch?v=I7qnS_d9idY", Screencast #1: Converting a Photoshop Mockup (part 1 of 3)
