"https://www.youtube.com/watch?v=Nl0ALMBACOs", Установка и настройка яндекс карты на сайте
"https://www.youtube.com/watch?v=LXUoYZZ55_Y", Часть 3. Форма отправки сообщения на сайте: Валидация
"https://www.youtube.com/watch?v=O1OjcE7xfmo", Часть 2. Форма обратной связи для сайта: Ajax - отправка без перезагрузки
"https://www.youtube.com/watch?v=X_kZCHrhXJI", Часть 1. Форма обратной связи для сайта: PHP-обработчик
"https://www.youtube.com/watch?v=WNyRZytNxl4", 3. Адаптивный слайдер для сайта - Slick.js
"https://www.youtube.com/watch?v=-AFVIf8Uzxo", 2. Адаптивный слайдер для сайта - Slick.js (настройки)
"https://www.youtube.com/watch?v=MlWkcBqWISk", 1. Адаптивный слайдер для сайта - Slick.js
"https://www.youtube.com/watch?v=GBdC184pHWg", 5. [Уроки по CSS3] Селекторы в CSS. Часть 3 - Комбинированные селекторы
"https://www.youtube.com/watch?v=6Ni3UYxPFzM", 4. [Уроки по CSS3] Селекторы в CSS. Часть 2 - селекторы атрибутов
"https://www.youtube.com/watch?v=6zi1-K9HgHQ", 3. [Уроки по CSS3] Селекторы в CSS. Часть 1
"https://www.youtube.com/watch?v=kMieBHc7gPs", Создание страницы подписки [5. Адаптивка и попап]
"https://www.youtube.com/watch?v=YR-e1U7BqLk", Создание страницы подписки [4. Отзывы и подвал]
"https://www.youtube.com/watch?v=IcVSUzedbA0", Создание страницы подписки [3. Контент]
"https://www.youtube.com/watch?v=Vo3pIcjs670", Создание страницы подписки [2. Шапка]
"https://www.youtube.com/watch?v=4fqtVW5wdOo", Создание страницы подписки [1. Структура]
"https://www.youtube.com/watch?v=g0E2KxHko58", Скрипт модального окна remodal.js
"https://www.youtube.com/watch?v=_DpXOp1KVnI", Typed js - эффект печатания текста на сайте
"https://www.youtube.com/watch?v=nteZz3KeYZI", Как изменить цвет волос в фотошопе
"https://www.youtube.com/watch?v=eiNm-nek_Ec", 2. [Уроки по CSS3] Синтаксис CSS
"https://www.youtube.com/watch?v=Kwk7bC1M7lM", 1. [Уроки по CSS3] Что такое CSS и способы подключения стилей
"https://www.youtube.com/watch?v=xxTayqSZKLQ", Презентация курса - Как создать One Page Scroll сайт?
"https://www.youtube.com/watch?v=HIL1TWxs7NE", Розыгрыш 5 билетов по конкурсу №2
"https://www.youtube.com/watch?v=8aSWM0XyXCs", Конкурс №2. ЗАВЕРШЁН! Результат скоро выложу.
"https://www.youtube.com/watch?v=GHtRC4oKI94", Красивый Preloader на CSS3. Часть 2
"https://www.youtube.com/watch?v=eIIC41CjfxU", Красивый Preloader на CSS3. Часть 1
"https://www.youtube.com/watch?v=2wHfsKv9iwA", HTML формы - теги fieldset и legend
"https://www.youtube.com/watch?v=6uXDvkvdNNs", HTML формы - тег textarea
"https://www.youtube.com/watch?v=ffjc2lGWXNk", HTML формы - теги select, option и optgroup
"https://www.youtube.com/watch?v=ket0etzBvRA", HTML формы - input pattern
"https://www.youtube.com/watch?v=CadiTmg3gMA", HTML формы - input type color
"https://www.youtube.com/watch?v=qk22hlgfoaE", Презентация курса - Вёрстка шаблона Л.Е.В
"https://www.youtube.com/watch?v=DWYzmqtuwO0", +100 и более посетителей на ваш сайт!
"https://www.youtube.com/watch?v=E04x2Q9sxSM", Фиксированное меню (шапка) при прокрутке
"https://www.youtube.com/watch?v=nGoHO3KViqg", Как сделать вкладки jQuery для сайта - Tabs Short
"https://www.youtube.com/watch?v=D5reMR1AtSQ", HTML формы - поля для ввода даты и времени
"https://www.youtube.com/watch?v=mopjXVHVXic", Итоги конкурса
"https://www.youtube.com/watch?v=bDpyJ_oBew8", ЗАВЕРШЁН! Конкурс. 5 мест на курс по вёрстке шаблона Л.Е.В
"https://www.youtube.com/watch?v=oNnBpUcr8lE", Before/After - красивый скрипт до/после
"https://www.youtube.com/watch?v=fvgccgOo6C8", ★ Рисуем сайт в Photoshop [курс 2 - 7]
"https://www.youtube.com/watch?v=deviD1AfaFU", ★ Рисуем сайт в Photoshop [курс 2 - 6]
"https://www.youtube.com/watch?v=V2ZHnMCNxXo", ★ Рисуем сайт в Photoshop [курс 2 - 5]
"https://www.youtube.com/watch?v=f7oHt9Y-DqE", ★ Рисуем сайт в Photoshop [курс 2 - 4]
"https://www.youtube.com/watch?v=qwnZBk_ezrA", ★ Рисуем сайт в Photoshop [курс 2 - 3]
"https://www.youtube.com/watch?v=I2vyefKKkac", Урок 21: GET и POST + Работа с формами (PHP для начинающих)
"https://www.youtube.com/watch?v=r5UWV7BowJg", ★ Рисуем сайт в Photoshop [курс 2 - 2]
"https://www.youtube.com/watch?v=UdIxtEBXELg", ★ Рисуем сайт в Photoshop [курс 2 - 1]
"https://www.youtube.com/watch?v=aQnm-_TVHjU", Курс №2 по рисованию сайта в Photoshop
"https://www.youtube.com/watch?v=IEL20bF0i6U", Красивая анимация фона при наведении
"https://www.youtube.com/watch?v=NSASqw7xT7w", HTML формы - range, number и атрибуты
"https://www.youtube.com/watch?v=D2jNlbG1ar0", HTML формы - url, телефон, пароль, поиск
"https://www.youtube.com/watch?v=7H7FE71xS9w", Выпадающее меню на css
"https://www.youtube.com/watch?v=WMu4HhAtrZI", Keyframes CSS3 - анимация на практике
"https://www.youtube.com/watch?v=W2OeiUuVAmo", Кнопка для сайта с анимацией на CSS3
"https://www.youtube.com/watch?v=USH_maXEW8A", HTML формы - checkbox и radio в теге input. Часть 2
"https://www.youtube.com/watch?v=LtydgLVmnkg", 3D-transform на примере переворота блока
"https://www.youtube.com/watch?v=FlSnnXMod0A", Счетчик цифр на сайте (дополнение)
"https://www.youtube.com/watch?v=5rT4EzeXZUA", HTML формы - тег input и валидация форм. Часть 1
"https://www.youtube.com/watch?v=gyLXMCopUec", Счетчик цифр на сайте
"https://www.youtube.com/watch?v=HMCfVQB4nFQ", HTML формы - тег form и его атрибуты
"https://www.youtube.com/watch?v=-zKei-C-9zM", HTML таблицы – управление колонками
"https://www.youtube.com/watch?v=jVMZeOv1lPk", HTML таблицы – шапка, тело и подвал
"https://www.youtube.com/watch?v=w3q4cIXD9s8", HTML таблицы - ячейки и управление ими
"https://www.youtube.com/watch?v=GkuJfBPgWrQ", HTML таблицы – тег table
"https://www.youtube.com/watch?v=YvFNf-BJDn0", HTML ссылки на сайте. Часть 2
"https://www.youtube.com/watch?v=sQ_xSdXr3s8", HTML ссылки на сайте
"https://www.youtube.com/watch?v=tA44vugnHtc", HTML картинки и иконка сайта
"https://www.youtube.com/watch?v=y1C0XD7QRXo", HTML списки (3 вида)
"https://www.youtube.com/watch?v=iYQ6HoipepE", HTML оформление текста
"https://www.youtube.com/watch?v=19j4jioWF5U", HTML комментарии и синтаксис
"https://www.youtube.com/watch?v=Mn3sJRHWdn8", Doctype HTML 5 что это и зачем надо?
"https://www.youtube.com/watch?v=MzoQaciIYx8", HTML тег. Что это, как задается и какими бывают?
"https://www.youtube.com/watch?v=iW-n5lAKh_k", HTML-мастер - быть или не быть??
"https://www.youtube.com/watch?v=D1ySve_mPy4", Preloader - полоса загрузки сайта (NProgress.js)
"https://www.youtube.com/watch?v=7gMYtFGjg3s", WOW.js и Animate.CSS - вместе веселее!
"https://www.youtube.com/watch?v=oLCgXG7E8zY", Animate.CSS + анимация при прокрутке
"https://www.youtube.com/watch?v=Baa-W3GZHms", Filter CSS 3 - фильтры изображений
"https://www.youtube.com/watch?v=4kebtku3-a0", Рисуем сайт в Photoshop. Урок 9 - Иконка Вконтакте
"https://www.youtube.com/watch?v=4UGPy1Ug3fw", Рисуем сайт в Photoshop. Урок 8 - Иконка YouTube
"https://www.youtube.com/watch?v=ewFDEV6GYlE", Рисуем сайт в Photoshop. Урок 7 - Главное меню
"https://www.youtube.com/watch?v=pjDb1P7sp0k", Рисуем сайт в Photoshop. Урок 6 - Установка логотипа
"https://www.youtube.com/watch?v=OCBIwItBG74", Рисуем сайт в Photoshop. Урок 5 - Фоны
"https://www.youtube.com/watch?v=IH7ABHLB0mQ", Рисуем сайт в Photoshop. Урок 4 - Группы
"https://www.youtube.com/watch?v=neCqEYq3ryY", Рисуем сайт в Photoshop. Урок 3 - Направляющие по высоте
"https://www.youtube.com/watch?v=DGcran1ElbQ", Рисуем сайт в Photoshop. Урок 2 - Направляющие по ширине
"https://www.youtube.com/watch?v=UY8Xt8YXUIc", Рисуем сайт в Photoshop. Урок 1 - Создание документа
"https://www.youtube.com/watch?v=Jbi5WlPx7dw", Рисуем сайт в Photoshop. Урок 0 - Настройки
"https://www.youtube.com/watch?v=_0vsWj-YpoQ", PHP уроки 20: Массивы (PHP для начинающих)
"https://www.youtube.com/watch?v=ejZOG4L52CI", PHP уроки 19: Функции (PHP для начинающих)
"https://www.youtube.com/watch?v=rxJcLPsFTB8", Brackets урок 33. Response for Brackets - адаптивный дизайн
"https://www.youtube.com/watch?v=oXoxzbZVdfo", Brackets урок 32. Brackets Snippets (by zaggino) - сниппеты
"https://www.youtube.com/watch?v=-zHNp9kUmks", Brackets урок 31. SVG Font - просмотр SVG файлов
"https://www.youtube.com/watch?v=lf8Djf2uUko", Brackets урок 30. QuickFormTool - быстрая вставка форм
"https://www.youtube.com/watch?v=CzjaN9T5v5M", Brackets урок 29. eqFTP - клиент прямо в редакторе
"https://www.youtube.com/watch?v=KN_vev3pMoU", Плагин Sticky - повышение конверсии в 2 раза
"https://www.youtube.com/watch?v=AXUx0gCY9kY", Brackets урок 28. Extract for Brackets (Preview) - Часть 2
"https://www.youtube.com/watch?v=3Vpyz1NhRm0", Brackets урок 27. Extract for Brackets (Preview) - Часть 1
"https://www.youtube.com/watch?v=pnBWj1HPZx8", Brackets урок 26. Autoprefixer - автоматические префиксы
"https://www.youtube.com/watch?v=A1o5Xpvc4Rc", Brackets урок 25. JS Beautifier - форматируем код
"https://www.youtube.com/watch?v=KuBTdEUfy5Y", Brackets урок 24. Minifier - сжатие CSS и JS файлов
"https://www.youtube.com/watch?v=ulyev3z1Qeg", Brackets урок 23. CssFier - бысрая вставка селекторов в CSS
"https://www.youtube.com/watch?v=6gbKn-J1R14", Brackets урок 22. Emmet - быстрый набор HTML и CSS
"https://www.youtube.com/watch?v=iRagr29B6rA", PHP уроки. 18: Цикл "While", "Do... While", "For" (PHP для начинающих)
"https://www.youtube.com/watch?v=o7LRycG6CnM", PHP уроки. 17: Оператор Switch (PHP для начинающих)
"https://www.youtube.com/watch?v=TT3SHuaHm4c", PHP уроки. 16: Условные операторы (PHP для начинающих)
"https://www.youtube.com/watch?v=kAFqaDg4Paw", PHP уроки. 15: Логические операторы (PHP для начинающих)
"https://www.youtube.com/watch?v=A8zJkeLGt44", PHP уроки. 14: Операторы сравнения (PHP для начинающих)
"https://www.youtube.com/watch?v=VqMxMUyhPXo", PHP уроки. 13: Операторы присваивания (PHP для начинающих)
"https://www.youtube.com/watch?v=C6_B0eTACnY", PHP уроки. 12: Объединение строк (PHP для начинающих)
"https://www.youtube.com/watch?v=S84XIDbcyEg", PHP уроки. 11: Арифметические операторы (PHP для начинающих)
"https://www.youtube.com/watch?v=Kzyuox0oxvE", PHP уроки. 10: Константы (PHP для начинающих)
"https://www.youtube.com/watch?v=934rpfd-FK0", PHP уроки. 9: Типы данных (PHP для начинающих)
"https://www.youtube.com/watch?v=SgzzZprlGbc", PHP уроки. 8: Переменные (PHP для начинающих)
"https://www.youtube.com/watch?v=ju0BVOapQU4", PHP уроки. 7: Как написать комментарии в PHP? (PHP для начинающих)
"https://www.youtube.com/watch?v=m_oquU8wL8c", PHP уроки. 6: Как написать простой PHP код? (PHP для начинающих)
"https://www.youtube.com/watch?v=kYEzS7Y0pMs", PHP уроки. 5: Пишем свой первый PHP код (PHP для начинающих)
"https://www.youtube.com/watch?v=nEDxUE3kVvo", PHP уроки. 4: Используем Denwer (PHP для начинающих)
"https://www.youtube.com/watch?v=D9wxKEJ2NWI", PHP уроки. 3: Работа по FTP с помощью FileZilla (PHP для начинающих)
"https://www.youtube.com/watch?v=JFUzFWasv1E", PHP уроки. 2: Выбираем локальный веб-сервер (PHP для начинающих)
"https://www.youtube.com/watch?v=xYhVZMWj588", PHP уроки. 1: Выбираем редактор (PHP для начинающих)
"https://www.youtube.com/watch?v=n6Gfa-k5na0", Как создать 3D скриншот (free mockup)
"https://www.youtube.com/watch?v=GVdbGM1rqqc", Brackets урок 21. Documets Toolbar - горизонтальная панель открытых файлов
"https://www.youtube.com/watch?v=sVHp5VBbybw", Brackets урок 20. CodeFolding - сворачивание кода
"https://www.youtube.com/watch?v=v9fIabfcZXw", Brackets урок 19. Indent Guides - ориентация во вложенности кода
"https://www.youtube.com/watch?v=bmio6crfS8w", Brackets урок 18. Color Palette - выбор цвета с картинки
"https://www.youtube.com/watch?v=lrjNfir9euI", Brackets урок 17. ColorHints - быстрый выбор цвета
"https://www.youtube.com/watch?v=-4XI-Nz9W0k", Brackets урок 16. CSS Color Preview - быстрый просмотр цветов
"https://www.youtube.com/watch?v=6QsD9tFOxU4", Brackets урок 15. Special Charecters - таблица спецсимволов
"https://www.youtube.com/watch?v=bsgHU__cWuM", Brackets урок 14. Overscroll - перемотка ниже кода
"https://www.youtube.com/watch?v=inprSuJqoas", Brackets урок 13. Icons - иконки в редакторе
"https://www.youtube.com/watch?v=vgn0ftY9XvQ", Brackets урок 12. Темы оформления
"https://www.youtube.com/watch?v=2luM7HloHZY", Brackets урок 10. Inline Editors для CSS - быстрое редактирование
"https://www.youtube.com/watch?v=4ruATgFS7fo", Brackets урок 9. Inline Editors для HTML - быстрое редактирование
"https://www.youtube.com/watch?v=U_OYQZikri4", Brackets урок 8. Быстрый просмотр
"https://www.youtube.com/watch?v=Y6uMTY3m_6E", Brackets урок 11. Быстрая документация CSS
"https://www.youtube.com/watch?v=BYHJ8c-nvck", Brackets урок 7. Live Preview - интерактивный просмотр
"https://www.youtube.com/watch?v=eVooczpNcBY", Brackets урок 6. Боковая панель
"https://www.youtube.com/watch?v=LcAeAQu05tQ", Brackets урок 5. Split - разделение экрана
"https://www.youtube.com/watch?v=xTTrCT0oO34", Brackets урок 4. Базовая настройка редактора
"https://www.youtube.com/watch?v=iz5atmwWmCw", Brackets урок 3. Интерфейс редактора
"https://www.youtube.com/watch?v=CKCD5-Rn5eQ", Brackets урок 2. Исправляем проблему русского шрифта
"https://www.youtube.com/watch?v=O3_gus8nb0Q", Brackets урок 1. Установка редактора
"https://www.youtube.com/watch?v=Qwdv1IInXa4", Создание сайта на HTML5 и CSS3. Урок 10
"https://www.youtube.com/watch?v=G6BJhiWAbYI", Создание сайта на HTML5 и CSS3. Урок 1
"https://www.youtube.com/watch?v=QJKkVVQw4Ts", Создание сайта на HTML5 и CSS3. Урок 9
"https://www.youtube.com/watch?v=t15ShdanF4k", Создание сайта на HTML5 и CSS3. Урок 8
"https://www.youtube.com/watch?v=BRRLxDWm8tM", Создание сайта на HTML5 и CSS3. Урок 7
"https://www.youtube.com/watch?v=Z3SohjmWbvc", Создание сайта на HTML5 и CSS3. Урок 6
"https://www.youtube.com/watch?v=LRs7uZjVCi8", Создание сайта на HTML5 и CSS3. Урок 5
"https://www.youtube.com/watch?v=vLM9HzLplVw", Создание сайта на HTML5 и CSS3. Урок 4
"https://www.youtube.com/watch?v=xGv5pji6feg", Создание сайта на HTML5 и CSS3. Урок 2
"https://www.youtube.com/watch?v=heTKcndS6mg", Создание сайта на HTML5 и CSS3. Урок 3
"https://www.youtube.com/watch?v=ZJO6WKf0S-o", Seo оптимизация статей на сайте [чек-лист из 10 правил]
"https://www.youtube.com/watch?v=IADHMeEArOI", Страница подписки DarkEvent бесплатно (адаптивный дизайн и таймер)
"https://www.youtube.com/watch?v=dfAvhxb5c6Y", Фиксированный фон для блока
"https://www.youtube.com/watch?v=8EeFmTOMNqo", Урок 9. Sublime Text 3 - плагин Emmet
"https://www.youtube.com/watch?v=4fwZKtzPBs4", Урок 17. Sublime Text 3 - установка темы Soda.
"https://www.youtube.com/watch?v=Wa7RIw19kUM", Урок 12. Sublime Text 3 - плагин Tag
"https://www.youtube.com/watch?v=Pb18NHfQxxg", Урок 8. Sublime Text 3 - плагин Emmet LiveStyle
"https://www.youtube.com/watch?v=hU5M1hgrP_0", Урок 15. Маленькие секреты Sublime Text 3
"https://www.youtube.com/watch?v=TILv1I1uxE8", Урок 13. Sublime Text 3 - плагин Minifier
"https://www.youtube.com/watch?v=63YvqPKyTO8", Урок 10. Sublime Text 3 - плагин AdvancedNewFile
"https://www.youtube.com/watch?v=E8azklVwWgQ", Урок 14. Колонки в Sublime Text 3
"https://www.youtube.com/watch?v=IwQTz8P8-Uo", Урок 16. Создание сниппетов в Sublime Text 3
"https://www.youtube.com/watch?v=t1xZ0v5pBPY", Урок 11. Sublime Text 3 - плагин ColorPicker
"https://www.youtube.com/watch?v=8I0dJTd58kI", Урок 7. Sublime Text 3 - плагин SideBarEnhancements
"https://www.youtube.com/watch?v=3ME7durhy6s", Урок 6. Sublime Text 3 - плагин Package Controll
"https://www.youtube.com/watch?v=qDvh3_svmY8", Урок 5. Выбор цветовой схемы в Sublime Text 3
"https://www.youtube.com/watch?v=4vUUhP88pEA", Урок 4. Подключаем сайдбар в Sublime Text 3
"https://www.youtube.com/watch?v=Y91XMBIjtsY", Урок 3. Элементы окна программы Sublime Text 3
"https://www.youtube.com/watch?v=gFVEYeFF-OU", Урок 2. Создаем файлы в Sublime Text 3
"https://www.youtube.com/watch?v=tDPFIpZtcj4", Урок 1. SublimeText 3 - скачиваем и устанавливаем
"https://www.youtube.com/watch?v=s03O6MBp7bo", Карта онлайн тусовки завтра
"https://www.youtube.com/watch?v=Q3gkz5PY2d4", Всплывающее окно
"https://www.youtube.com/watch?v=Nc57s5XKHsA", Отзыв Тимура о тренинге по MaxSite Елены Лощиловой
"https://www.youtube.com/watch?v=hhD_g8E4UKM", Урок 7. Как установить шаблон на сайт?
"https://www.youtube.com/watch?v=58iXK8JwEL4", Отзыв Николая Тарасова о нашем обучении.
"https://www.youtube.com/watch?v=547gh9G9o28", 4 Урок. Настройка сайта
"https://www.youtube.com/watch?v=8DxLq4NzsDE", 6 Урок. Создание рубрик на сайте.
"https://www.youtube.com/watch?v=1A6QKemRil8", 5 Урок. Настройка меню сайта
"https://www.youtube.com/watch?v=WNHUBPFv5wA", 3 Урок. Установка сайта на хостинг
"https://www.youtube.com/watch?v=HUK4I4z4McU", 2 Урок. Регистрация хостинга и домена
"https://www.youtube.com/watch?v=zKpqlVWOFNE", 1 Урок. Введение. Про хостинг и домен.
"https://www.youtube.com/watch?v=sk0hupwShHs", Отзыв Елены Жаровой на "Создание сайта на MaxSite"
"https://www.youtube.com/watch?v=m6AqeZcEcBI", Сергей Федотов отзыв на "Создание сайта на MaxSite"
"https://www.youtube.com/watch?v=iiRaTRebfZ0", Сергей Федотов Отзыв на "Создание сайта на MaxSite" 1
"https://www.youtube.com/watch?v=WqZlcG5POSw", Какие бывают виды ссылок??
"https://www.youtube.com/watch?v=YrnajH2VIoc", Как писать статьи для сайта быстро и интересно?
"https://www.youtube.com/watch?v=DLWBA8MSXr4", Симпатичный слайдер на CSS3
"https://www.youtube.com/watch?v=fZecgdf3Q_M", Как разместить картинки на сайте?
"https://www.youtube.com/watch?v=T6T2I5DhEZU", Отзыв Сергея Федотова
"https://www.youtube.com/watch?v=ZQ_lyyB7YVI", Отзыв Николая о тренинге "Сам себе вебдизайнер"
"https://www.youtube.com/watch?v=Y6kv-ObgBEU", Отзыв Виталия о тренинге "Верстаем на 5+"
"https://www.youtube.com/watch?v=0TS97jaVbmU", Отзыв Михаила о тренинге "Сам себе вебдизайнер"
"https://www.youtube.com/watch?v=DnGD2PqghpI", Отзыв Сергея о тренинге "Сам себе вебдизайнер"
"https://www.youtube.com/watch?v=MS_Hia2Foks", Отзыв Елены о тренинге "Сам себе вебдизайнер"
"https://www.youtube.com/watch?v=uWtijk_5eGo", Как правильно разместить статью на сайте?
"https://www.youtube.com/watch?v=XTjHzuLBB0o", Урок № 7. Как установить шаблон на сайт?
"https://www.youtube.com/watch?v=vN-4YyedFyo", Урок № 6. Редактирование пунктов меню сайта
"https://www.youtube.com/watch?v=GXYh_F3qYf8", Урок № 5. Основные настройки сайта
"https://www.youtube.com/watch?v=DQhW0u9IZf0", Урок №4. Установка MaxSite CMS (0,85 версия)
"https://www.youtube.com/watch?v=Ydkd-3HO9Hg", Как разместить статью на сайте?
"https://www.youtube.com/watch?v=YnM4J28Y5N8", Как загрузить изображения на сайт?
"https://www.youtube.com/watch?v=aqb3-dKKFjA", 7 Урок. Как установить шаблон на сайт?
"https://www.youtube.com/watch?v=bhOlLbL-tj4", 5 Урок. Основные настройки сайта.
"https://www.youtube.com/watch?v=IINDgLrbtF8", 6 Урок. Как редактировать меню на сайте?
"https://www.youtube.com/watch?v=V8-bdepdBAs", 4 Урок. Установка сайта на хостинг.
"https://www.youtube.com/watch?v=mA2nu4l98jE", 3 Урок. Настройка хостинга.
"https://www.youtube.com/watch?v=ytc_vCdqGdU", 2 Урок. Регистрация домена.
"https://www.youtube.com/watch?v=fx1RntQirPg", 1 Урок. Хостинг: регистрация и оплата услуг.
"https://www.youtube.com/watch?v=msIesX_RVtg", Отзыв о тренинге по созданию сайтов на MaxSite
"https://www.youtube.com/watch?v=4aq8ukvmETM", Тренинг "Сверстай Меня". День1. Урок 5 - Заводим главные блоки
"https://www.youtube.com/watch?v=Bn5aAI4aY6k", Тренинг "Сверстай Меня". День1. Урок 4 - Подключаем файл стилей
"https://www.youtube.com/watch?v=Zv_UTnlw39o", Тренинг "Сверстай Меня". День1. Урок 3 - Основные теги
"https://www.youtube.com/watch?v=cBJURttv1lA", Тренинг "Сверстай Меня". День1. Урок 2 - Файлы и папки
"https://www.youtube.com/watch?v=V2HORC995XU", Тренинг "Сверстай Меня". День1. Урок 1 - Редактор кода
"https://www.youtube.com/watch?v=1HCoynQHDTE", Как переместить сайдбар влево и как поменять ширину сайта?
"https://www.youtube.com/watch?v=_QJO5Bt0T80", Как преобразить шапку сайта? Логотип, название и описание сайта.
"https://www.youtube.com/watch?v=V3WHlq_TdHM", Как настроить слайдер в шапке?
"https://www.youtube.com/watch?v=63LjS_1-p7w", Как настроить меню на сайте?
"https://www.youtube.com/watch?v=iyFz9wWexI4", Как поменять фон на сайте?
"https://www.youtube.com/watch?v=GwIVyXXgArA", Как обновить MaxSite CMS (до 0,84 версии)
"https://www.youtube.com/watch?v=y5Vw-26DjOI", Листик в клетку на CSS3
"https://www.youtube.com/watch?v=--MZTv5f1Eg", Вывеска на ветру - привлекает внимание!
"https://www.youtube.com/watch?v=JjEo5CPjczs", Создаем красивый логотип!
"https://www.youtube.com/watch?v=DU5QWFU6zaA", Рисуем красивую иконку за 6 минут!
"https://www.youtube.com/watch?v=CKtOgrlQVTs", Рисуем красивую кнопку для сайта без фотошопа!
"https://www.youtube.com/watch?v=ubtF43mVAlA", Как разместить счетчик в подвале сайта.
"https://www.youtube.com/watch?v=iG9IZz58DPI", Как быстро определить цветовую схему для сайта?
"https://www.youtube.com/watch?v=QVv-grkQQyc", Самый важный фактор перед созданием дизайна сайта!
"https://www.youtube.com/watch?v=cLJgHfZdwsY", Разбор ошибок в оформлении сайтов
"https://www.youtube.com/watch?v=omZ_DKXpq7M", План-схема "WEB-дизайн за 1 день"
"https://www.youtube.com/watch?v=j12FkicNUsc", Рисуем iLemon. Инструкция
"https://www.youtube.com/watch?v=y0G0zYeEI3s", Рисуем iLemon. 12. Наполняем подвал
"https://www.youtube.com/watch?v=ge12Xn55tlE", Рисуем iLemon. 12. Наполняем сайдбар
"https://www.youtube.com/watch?v=Ofa6UfVWsMA", Рисуем iLemon. 11. Фон сайдбара
"https://www.youtube.com/watch?v=Vi5cXXaLp6Q", Рисуем iLemon. 10. Текст контента
"https://www.youtube.com/watch?v=5CzHvQOFOZM", Рисуем iLemon. 9. Кнопка и картинка
"https://www.youtube.com/watch?v=zIpdS7MToVQ", Рисуем iLemon. 8. Фон контента
"https://www.youtube.com/watch?v=IKVuqJ3RLvo", Рисуем iLemon. 7. Социальный блок
"https://www.youtube.com/watch?v=qX56FeiBahI", Рисуем iLemon. 6. Названия и лого
"https://www.youtube.com/watch?v=WY0IlBOX8S4", Рисуем iLemon. 5. Форма поиска
"https://www.youtube.com/watch?v=fMbSVS1-PLQ", Рисуем iLemon. 4. Менюшки
"https://www.youtube.com/watch?v=z59K_oYCVhQ", Рисуем iLemon. 2. Призрачный каркас
"https://www.youtube.com/watch?v=mJXNtmQXkHU", Рисуем iLemon. 3. Основной дизайн
"https://www.youtube.com/watch?v=pgssLOCoHv8", Рисуем iLemon. 1. Настройка
"https://www.youtube.com/watch?v=K9Bnc5QrWAs", VIP Шаблон Aspirin
"https://www.youtube.com/watch?v=gyZQIldIXRY", Как подключить к своему сайту шрифты от Google Web Fonts?
"https://www.youtube.com/watch?v=vamHWQ077ng", Форма обратной связи в сайдбаре
"https://www.youtube.com/watch?v=8CfrOTtuEuQ", Как я набрал 376 новых подписчиков за 1500 рублей?
"https://www.youtube.com/watch?v=1SF-mf9cjis", Linerette. Часть 8 - Кнопки, пагинация и подвал.
"https://www.youtube.com/watch?v=0GBH6u9pxxU", Как вставить 3D-слайдер Cu3ox на MaxSite CMS?
"https://www.youtube.com/watch?v=s-Xya1ojkew", Linerette. Часть 7 - Заголовок, инфопанель и текст.
"https://www.youtube.com/watch?v=8Ttp-PcTb9U", Linerette. Часть 6 - Рисуем сайдбар.
"https://www.youtube.com/watch?v=JKdt5E5vSmE", Linerette. Часть 5 - Блок социальных кнопок.
"https://www.youtube.com/watch?v=Yf5LYI9HM70", Linerette. Элементы главного меню и шапки.
"https://www.youtube.com/watch?v=6nfBpNEGGHw", Linerette. Фон контента, сайдбара и подвала.
"https://www.youtube.com/watch?v=13bt_u1qJMw", Как я начал ходить :)
"https://www.youtube.com/watch?v=VCwG4pNe4as", Linerette. Общий фон, фон меню и шапки.
"https://www.youtube.com/watch?v=ZEUi17Oum2o", Подготовка к рисованию шаблона Linerette
"https://www.youtube.com/watch?v=HmeslhSvWu0", Как поменять смайлики в MaxSite на свои?
"https://www.youtube.com/watch?v=0TXdltRx5Vc", Как выбрать тему для сайта?
"https://www.youtube.com/watch?v=jZRdXGiOLIc", Важно! Настройка редиректа.
"https://www.youtube.com/watch?v=FHCTk4wIfjQ", Настройки шаблона. Часть 2.
"https://www.youtube.com/watch?v=4VZPF76SBA4", Основные настройки сайта.
"https://www.youtube.com/watch?v=-5_uGZLn9To", Установка сайта!
"https://www.youtube.com/watch?v=0_X6OqEmxYs", Настройка хостинга для установки сайта.
"https://www.youtube.com/watch?v=PpS9eejOucA", Регистрация домена для сайта.
"https://www.youtube.com/watch?v=602CRkNxJus", Регистрация и оплата хостинга.
"https://www.youtube.com/watch?v=qbk7sXbeupo", Почему люди создают сайт?
"https://www.youtube.com/watch?v=6NHeSHusPOQ", Красивая граница с тенью на CSS
"https://www.youtube.com/watch?v=3WiVYQPwjgQ", Как увеличить нажатия на социальные кнопки в 200 раз!
"https://www.youtube.com/watch?v=WvVwgHfvPiI", Тренинг "Верстаем на 5+"
"https://www.youtube.com/watch?v=OLTPPhbjRXA", С чего начинается создание сайта?
"https://www.youtube.com/watch?v=-lGGId7cNK8", Видео-инструкция для участников тренинга
"https://www.youtube.com/watch?v=D3HGK8rb0tY", 3 способа подключения стилей.
"https://www.youtube.com/watch?v=vQj8nK5Bh8Q", "Движуха" началась! Подключайся на бесплатный тренинг!
"https://www.youtube.com/watch?v=RkCd8ZsQFXc", Движуха началась! Регистрация на бесплатный тренинг.
"https://www.youtube.com/watch?v=PvJqQl_ucg0", Как обычную ссылку сделать кнопкой?
"https://www.youtube.com/watch?v=Zw52Qmjm6Bg", Бесплатный тренинг! Смотрим внимательно!
"https://www.youtube.com/watch?v=dXZ31nVq44Y", Установка MaxSite на локальный сервер.
"https://www.youtube.com/watch?v=saxeiofVzkc", Как создать второй сайдбар в шаблоне Default?
"https://www.youtube.com/watch?v=Fe3iwy7k82g", Скрипт портфолио -- очень красивое!
"https://www.youtube.com/watch?v=I6vGMt27sbM", Основные ошибки новичков в оформлении сайта
"https://www.youtube.com/watch?v=11_iN-ASveQ", Меню с плавающим пунктом на MaxSite CMS
"https://www.youtube.com/watch?v=Z46dUGUyU9o", Потерянные ключи.
"https://www.youtube.com/watch?v=acKjn6MQFt8", Как я обновляю свои сайты на MaxSite CMS?
"https://www.youtube.com/watch?v=MB1lZlRsn7Y", Как создать FTP соединение?
"https://www.youtube.com/watch?v=u2FZ1goE6h0", Как подключиться по FTP?
"https://www.youtube.com/watch?v=tS_p0ZPUdi0", conpag
"https://www.youtube.com/watch?v=CEFWSeXEr1c", Часть 3. Урок 2. Редактируем списки и ссылки.
"https://www.youtube.com/watch?v=leX4Supm0iM", Часть 3. Урок 1. Шапка, сайдбар и дизайн заголовков.
"https://www.youtube.com/watch?v=lnJp43vrjp0", Часть 2. Урок 2. Шапка и подвал.
"https://www.youtube.com/watch?v=18mRJHW9sgE", Часть 2. Урок 1. Фон и общий вид сайта.
"https://www.youtube.com/watch?v=tSPCGxcjy7Y", Часть 1. Настройки default шаблона в MaxSite CMS
"https://www.youtube.com/watch?v=sYK6OBzhpCM", Почта для домена от Yandex
"https://www.youtube.com/watch?v=EogAgKq2VfY", Оригинальная обратная связь для сайта
"https://www.youtube.com/watch?v=JDDnnbf-GNg", Как создать меню для сайта?
"https://www.youtube.com/watch?v=stkDPuUwmZI", Форма обратной связи для сайта
"https://www.youtube.com/watch?v=DTWGVfiMCDc", Установка Popup (попап) окна
"https://www.youtube.com/watch?v=O2vcwggfRVE", Анимированное FAQ на сайте.
"https://www.youtube.com/watch?v=GOV66-Lx1nA", Как создать водяной знак?
"https://www.youtube.com/watch?v=BKSG2kLHwB8", Заработай предлагая этот бесплатный курс!
"https://www.youtube.com/watch?v=0naOoT6mw3w", БОНУС Урок № 12. Установка счетчика посещаемости.
"https://www.youtube.com/watch?v=YEwC-G2V0iE", Урок № 11. Настройки шаблона.
"https://www.youtube.com/watch?v=TAm7jEBDXC0", Урок № 8. Выбор редактора. Создание странички.
"https://www.youtube.com/watch?v=j_eDFx0mz_Y", Урок № 10. Управление виджетами.
"https://www.youtube.com/watch?v=CqtF3Dp8UJk", Урок № 9. Полезные плагины.
"https://www.youtube.com/watch?v=T5aEXdvi8kQ", Урок № 6. Загрузка файлов, FTP - соединение.
"https://www.youtube.com/watch?v=QMemi3kTs_Q", Урок № 7. Рубрики.
"https://www.youtube.com/watch?v=Hwpe50hDzoo", Урок № 5. Установка шаблона.
"https://www.youtube.com/watch?v=J6H6KAh8cA0", Урок № 4. Основные настройки сайта.
"https://www.youtube.com/watch?v=OuGFeuneUxw", Урок №3. Установка сайта на хостинг!
"https://www.youtube.com/watch?v=eD4HdnsCBI8", Урок №2. Заказываем хостинг. Привязка домена.
"https://www.youtube.com/watch?v=sEsxkTQd7qA", Урок №1. Регистрация домена.
"https://www.youtube.com/watch?v=Zn0CQwo78YE", Как можно быстро убрать лишние детали с фото
"https://www.youtube.com/watch?v=Q4xNQilNubY", Создание галереи на сайте.
"https://www.youtube.com/watch?v=FnFDIRYAHaw", 2 легких способа выделения волос в фотошопе!
"https://www.youtube.com/watch?v=gwI9CLWUEas", Установка всплывающих красивых подсказок TipTip.
"https://www.youtube.com/watch?v=R-y3l28zJoQ", Меню со всплывающими картинками
"https://www.youtube.com/watch?v=5aFPIELgulY", 2
"https://www.youtube.com/watch?v=Oxg5KwRfiPc", 1
"https://www.youtube.com/watch?v=gMyjcnjEG0k", Создание уголка на сайте!
"https://www.youtube.com/watch?v=vFDs6S0ebMw", Создаем кнопки клавиатуры на сайте (без графики)
"https://www.youtube.com/watch?v=J-dhNOQ3Hhw", Как открыть файл ASD?
"https://www.youtube.com/watch?v=dcTfVN-Zx_A", Как установить видео на сайте при помощи YouTube.com
