"https://www.youtube.com/watch?v=kt4Sbb1fkL8", How To Make A Classified Ads Website With Wordpress & Elementor 2021 (Like Craigslist)
"https://www.youtube.com/watch?v=NwFxpbcXcQ0", How To Speed Up Your Wordpress Website By Enabling HTTP3!
"https://www.youtube.com/watch?v=eNlQu-TQgBA", The Top 10 Best WooCommerce Themes For Wordpress 2021 (Seriously)
"https://www.youtube.com/watch?v=H6nu5Hmc5aM", How to Create A Social Media Website with WordPress & Buddyboss 2021 (Like FaceBook)
"https://www.youtube.com/watch?v=stAyNRBV-Ho", BuddyBoss Vs Peepso - Which Is Better To Create Your Community Wordpress Website?
"https://www.youtube.com/watch?v=1dMAigVV4ds", The Best Free Wordpress Plugins For 2021 And Beyond (Seriously)
"https://www.youtube.com/watch?v=JpeWLAkEF_Y", Channel Update: How I Create My Wordpress Tutorials In 6 Other Languages (New Channels)
"https://www.youtube.com/watch?v=o1bE0tuhEEQ", WordPress News! Caldera Forms Is Retired? Kadence Theme Sold? And Is My Content Stolen?
"https://www.youtube.com/watch?v=BE3iqBZfMvc", How To Convert Your Wordpress and WooCommerce Websites Into A Mobile App (Super Easy)
"https://www.youtube.com/watch?v=Ygtvj_4AQBQ", How To Start A Digital Marketing Agency From Scratch In 2021 (Complete Tutorial)
"https://www.youtube.com/watch?v=F7xCTGklcoI", Googles New SEO Algorithm Is Coming Next Month, Here Is What Is Changing.
"https://www.youtube.com/watch?v=pWXji1OM9mw", NEW! WooCommerce Email Customizer With A DRAG and DROP Builder! (MUST SEE)
"https://www.youtube.com/watch?v=DaE-PmPoct4", How To Make Your Wordpress Website Accessible (IMPORTANT)
"https://www.youtube.com/watch?v=uFraCwWZDE4", Is The Bricks Builder The New Era Of Wordpress Themes and Page Builders?
"https://www.youtube.com/watch?v=05jr0XdB00U", How To Host A Wordpress Website On Amazon AWS (Managed)
"https://www.youtube.com/watch?v=W8K1A8sGBh8", Complete Content Writing Tutorial For Beginners (Create High Ranking SEO Posts)
"https://www.youtube.com/watch?v=8fhRyyAdWFk", Complete Blocksy Wordpress Theme Tutorial (All Features, WooCommerce, Blogging)
"https://www.youtube.com/watch?v=eJBHGYipOCk", The Complete Amazon Affiliate Marketing Tutorial For Beginners 2021 (Affiliate Marketing Tutorial)
"https://www.youtube.com/watch?v=vkox6QPKKLc", Complete Rank Math SEO Plugin Tutorial 2021 - Step-By-Step (Wordpress SEO Tutorial)
"https://www.youtube.com/watch?v=oTr--KR4qoM", The Complete WooCommerce Tutorial 2021 (eCommerce Tutorial)
"https://www.youtube.com/watch?v=Q7Ek1MVitwA", Templately - The New Elementor & Gutenberg Cloud [500 Free Elementor Templates]
"https://www.youtube.com/watch?v=uvOrGepCXj0", Uh oh..Elementor Is Raising Their Prices - My "Counter" Pricing Idea And My Honest Thoughts
"https://www.youtube.com/watch?v=CXopgNU2sNY", How To Make A Wordpress Website With Elementor - 2021
"https://www.youtube.com/watch?v=P5mRYyuDg6U", How To Accept Bitcoin Payments With WooCommerce and Coinbase (100% FREE)
"https://www.youtube.com/watch?v=zUWMW0l6q3c", Namehero Review + SPEED TEST Update! - Is Namehero The Best Cheap Wordpress Hosting?
"https://www.youtube.com/watch?v=2T6HdT4ypiw", BRIZY's MASSIVE GIVEAWAY! (Free Lifetime Plans) - Darrel Wilson
"https://www.youtube.com/watch?v=c0xqyPf70uE", How To Customize The Wordpress Dashboard (Into Something Modern) - Darrel Wilson
"https://www.youtube.com/watch?v=X2xo7Exc2Rk", NEW Astra Theme Header And Footer UPDATE IS HERE! (MASSIVE UPDATE)
"https://www.youtube.com/watch?v=LXCby5pBOxM", WordPress NEWS! NEW Elementor Plugin Released, HUGE UPDATES coming to Astra + Elementor Hosting?
"https://www.youtube.com/watch?v=WiCxBtJNdAQ", Top 10 BEST FREE WordPress Themes For 2021 (Seriously)
"https://www.youtube.com/watch?v=u5LnscsMoKo", Come Roast My WordPress Website!
"https://www.youtube.com/watch?v=NksWI-sGrTo", The Wordpress Rewind 2020: Pushing Forward - Darrel Wilson
"https://www.youtube.com/watch?v=wHwkYPV_49U", How To Stop Wordpress Comment Spam (Super Easy)
"https://www.youtube.com/watch?v=WzTd4HofgRA", Best Free Wordpress Theme For 2021 (And Beyond!)
"https://www.youtube.com/watch?v=RvehqgXKvmM", How To Make A WordPress Website 2021 | Divi Theme Tutorial üî•üî•
"https://www.youtube.com/watch?v=48OKFapaTKM", Best Wordpress Black Friday Deals That Are Worth Your Time
"https://www.youtube.com/watch?v=DMoQCvcQ81Q", How To Make A WordPress Website 2021‚úÖ Step By Step For Beginners
"https://www.youtube.com/watch?v=44BZSDIYY8o", How To Create A Web Design Proposal -Step By Step- Darrel Wilson Ep4.
"https://www.youtube.com/watch?v=yEh7r7Pc6GE", Elementor Theme Builder Tutorial - Create Custom Shop Pages, Product Pages and More!
"https://www.youtube.com/watch?v=ZWM5r6d6dQU", How To Add Social Login To Wordpress (Its Free)
"https://www.youtube.com/watch?v=HKgcPnLNyIA", How To Create A Web Design Questionnaire (Free Template) [Deals With Darrel] Ep 3.
"https://www.youtube.com/watch?v=1sHsvqPspas", Essentials Wordpress Theme Review: A NEW Interesting Theme For Elementor
"https://www.youtube.com/watch?v=5LxrkDI_h-0", Complete YouTube Ads Tutorial For Beginners 2021 ( How I Spent $106,352 On Ads )
"https://www.youtube.com/watch?v=AAT74H4Kwjs", 7 Ways To Make Recurring Revenue With Wordpress And Web Design - Darrel Wilson Ep2
"https://www.youtube.com/watch?v=ql274Fn_xgE", The Evolution Of The WordPress Dashboard (2005-2020) How WordPress Has Changed!
"https://www.youtube.com/watch?v=8RZvuFX5ENc", MAILCHIMP TUTORIAL 2021 | Complete Email Marketing Guide For Beginners (Updated)
"https://www.youtube.com/watch?v=2V-KPYUSy50", How To Get Your First Client For Your Web Design Business [Deals With Darrel] Ep. 1
"https://www.youtube.com/watch?v=df5hfVID5mo", How to Create an LMS Educational Website like UCLA with WordPress & Moodle 2021 - Moodle Tutorialüìñ
"https://www.youtube.com/watch?v=9_nQ3edyVXk", The New Divi Theme Marketplace Is Pretty Awesome
"https://www.youtube.com/watch?v=x6uUczE-qFA", Here Is My Wordpress Recommendation List... Wordpress Themes, Plugins, And Page Builders
"https://www.youtube.com/watch?v=ai4A7s27iDI", How To Make an eCommerce Website With Wordpress and Elementor 2021 [Elementor Tutorial]‚úÖ
"https://www.youtube.com/watch?v=NYcmpUkzgMM", [MASSIVE] NEW DIVI Theme Sticky Options - Make Any Part Of Your Wordpress Website Sticky!
"https://www.youtube.com/watch?v=Aq72sgAvruQ", How To Translate Your Wordpress Website (Multilingual) For FREE [FAST And EASY]
"https://www.youtube.com/watch?v=mD9IdNdLaFg", NEW Elementor Theme Builder 3.0 BETA - First Look (Coming In 2 Weeks)
"https://www.youtube.com/watch?v=h6FIIr4Vy3k", The ASTRA THEME was Temporarily Removed From Wordpress, Hear Why..
"https://www.youtube.com/watch?v=uH3p9sJa8ik", Best Web Hosting For Wordpress 2021 üî•90 DAY BEST WORDPRESS HOSTINGüî•
"https://www.youtube.com/watch?v=WIqoFWUO1p8", How To Easily Add Google Adsense To Your Wordpress Website [Google Adsense Tutorial]
"https://www.youtube.com/watch?v=rjuVoP7VQWY", How To Easily Host A Zoom Meeting With Wordpress
"https://www.youtube.com/watch?v=tE8LN1VyYNU", How To Build A KICKASS Sales Funnel With Wordpress and Cartflows üí∞‚úÖ
"https://www.youtube.com/watch?v=U_Jfazk-sFU", 8 NEW Awesome Features Coming to Brizy ( You Need To See These )
"https://www.youtube.com/watch?v=fuxydnXgY94", 8 EASY Ways To Get More Traffic To Your Website + FAST GROWTH HACK
"https://www.youtube.com/watch?v=HAZzCAHbgJ4", 6 Easy Ways To Speed Up Your Wordpress Website
"https://www.youtube.com/watch?v=GDbR0sN1mWE", How To Start an Online Business With Wordpress And Web Hosting (Reseller Hosting Tutorial)
"https://www.youtube.com/watch?v=7b5A9ii4PZM", Watch This Video Party People!
"https://www.youtube.com/watch?v=8ixjtIqfpQM", 5 Signs you NEED to FIRE Your CLIENT! (Plus Clients To Avoid)
"https://www.youtube.com/watch?v=ksM1-TMSFaw", NEW Affiliate Marketing Tutorial For Beginners 2020 - üî•How I Make $35,000 A Month (Step by Step)üî•
"https://www.youtube.com/watch?v=m18ykdopSpE", WooCommerce Bookings Tutorial: Create A Booking Website With Wordpress
"https://www.youtube.com/watch?v=k-wS9hGiyU8", How to Make a FREE Restaurant Food Ordering Website With WordPress in 1 HOUR! [DELIVERY AND BOOKING]
"https://www.youtube.com/watch?v=qvSW6LFjZkM", Dear Party People..
"https://www.youtube.com/watch?v=d9tcmqJEEu4", How To Make A Wordpress Website With Elementor PRO 2020 - NEW FAST & EASY WAY!
"https://www.youtube.com/watch?v=9vsdjTew7MU", How To Make Money Online During A Quarantine (5 Easy Ways)
"https://www.youtube.com/watch?v=35vVv2SrHtM", How To Make Money Online With DropShipping - $50,000/Month Store REVEALED!
"https://www.youtube.com/watch?v=mQ-s75D2CaI", How To Create An Online Course LMS Website With Wordpres (SELL ONLINE COURSES IN 1 HOUR!)
"https://www.youtube.com/watch?v=TKPfkKkeln4", Top 5 Things You MUST DO Before Starting Your Web Design Business!
"https://www.youtube.com/watch?v=-nr1em0F0sU", Google Shopping Ads Tutorial 2021 (Step By Step For Beginners)
"https://www.youtube.com/watch?v=YiAvreVmpgQ", How To Add A Downloadable File With Wordpress and AmazonAWS (Direct Download Link)
"https://www.youtube.com/watch?v=qIsjHjEjX78", How To Create An Amazing Custom Product Page - Flatsome Theme Tutorial
"https://www.youtube.com/watch?v=TDNGEFd-aEE", How To Create An eCommerce Website With Wordpress 2021 -ONLINE STORE- (Easy For Beginners)
"https://www.youtube.com/watch?v=yGuW0-LbGAc", Top 15 Best WooCommerce Plugins That Will Make You Money!üí∞üí∞
"https://www.youtube.com/watch?v=GH0F_u5IAN0", 10 Most Useful Websites For Web Designers You Wish You Found Earlierüò±
"https://www.youtube.com/watch?v=wbgdQyHi_yg", How To Install Wordpress Locally and Move to Live Website (FAST, EASY, and FREE!)
"https://www.youtube.com/watch?v=BbvzxnjBtio", How To Make A MultiVendor eCommerce Marketplace With Wordpress 2020 [Divi Theme Tutorial]‚úÖ
"https://www.youtube.com/watch?v=aX3-bjO8ER8", How To Make A Multi Vendor eCommerce Marketplace With Wordpress 2020 [Elementor Tutorial]‚úÖ
"https://www.youtube.com/watch?v=j5EgHukZxpk", How To Create An Affiliate Marketing Website For Beginnersüî• [MAKE MONEY ONLINE]üî•
"https://www.youtube.com/watch?v=YPss6y0CS78", Should You Use The Flatsome Theme For Your eCommerce Website?
"https://www.youtube.com/watch?v=QwEoe_uK060", Wordpress Web Design Pricing Methods: How Much Should You Charge?
"https://www.youtube.com/watch?v=BHjMNTZU21M", WooCommerce Subscription Plugin Tutorial: Create A Subscription Wordpress Website!
"https://www.youtube.com/watch?v=KEWORGRSNHo", Wordfence Security Plugin Tutorial - How To Secure Your Wordpress Website üòéüîí
"https://www.youtube.com/watch?v=nCuSAdWBQkk", Brizy Page Builder Just Keeps Getting Better - New Features Have Arrived
"https://www.youtube.com/watch?v=__RQrKf7RTs", Elementor Theme Builder Tutorial [Elementor PRO Tutorial]
"https://www.youtube.com/watch?v=elFJb5xUJVA", Best Dedicated Server Hosting 2020 (And How To Choose One)
"https://www.youtube.com/watch?v=2HA88gO8cZc", WOW! New Divi Theme Feature Is üî•üî•+ A New Divi Marketplace?
"https://www.youtube.com/watch?v=OzPv3x34qgE", Top 10 Best Affiliate Niches (HIGHEST PAYING AFFILIATE PROGRAMS)
"https://www.youtube.com/watch?v=srou7mePj58", So, Whats New For 2020?
"https://www.youtube.com/watch?v=xtzIcOaKfbI", Flatsome Theme Vs Divi Theme Vs Elementor: Which One Is Better For eCommerce?
"https://www.youtube.com/watch?v=Nm453BguCNo", Best Cloud Web Hosting 2020 [90 DAY TESTED!]
"https://www.youtube.com/watch?v=lUzsbwYJlo0", How To Make A DropShipping Website With Wordpress 2020
"https://www.youtube.com/watch?v=lYf5_f1B7yY", How To Make A Custom Shop Page With Divi Theme [Divi WooCommerce Tutorial]
"https://www.youtube.com/watch?v=UgmAxfoEtqo", WooCommerce Memberships Tutorial: Create A Membership Website With Wordpress
"https://www.youtube.com/watch?v=P3woSuiDlco", How To Create a Custom Product Page With Divi Theme [Divi 4.0 WooCommerce Tutorial]
"https://www.youtube.com/watch?v=6ec97v3wPl4", Wordpress NEWS! New updates, features, and Wordpress Drama!
"https://www.youtube.com/watch?v=mg4j90DI-cg", How To Make An eCommerce Website With Wordpress 2020 | üí∞Divi Theme eCommerce Tutorialüí∞
"https://www.youtube.com/watch?v=-2d0G-ixmG8", Best Web Hosting For Wordpress 2020 üî•( Exclusive Discounts ) üí∞
"https://www.youtube.com/watch?v=vXHupJ2mFhc", Best Wordpress Black Friday Deals 2019 (Plus The FASTEST Web Hosts REVEALED)
"https://www.youtube.com/watch?v=vY_19T4jCSA", How To Make A Wordpress Website 2020 | Divi Theme Tutorialüî•(DIVI 4.0)üî•
"https://www.youtube.com/watch?v=mFLMUWtHabQ", WooCommerce Table Rate Shipping Tutorial 2020 [WooCommerce Shipping Tutorial]
"https://www.youtube.com/watch?v=_JiizFfhO68", Top 15 Best and FREE Wordpress Themes 2020 Of ALL TIME!üòç MUST WATCH!üî•
"https://www.youtube.com/watch?v=8UEGcVAZ6ok", Is RankMath Better Than Yoast? - Rank Math SEO Plugin Setup (Optimal Settings)
"https://www.youtube.com/watch?v=eDcGNrc0y5U", The Best Wordpress Page Builders Compared 2020 - Brizy, Elementor, Divi Compared!üî•
"https://www.youtube.com/watch?v=0HMgTZzZbRk", Divi Theme Vs Elementor 2020 - Which One Wins? üò±üò±
"https://www.youtube.com/watch?v=b7EmrtLK4UE", Latest Wordpress NEWS! New UPDATES, New THEMES, + Sneak Peek For Best Web Hosting Results!
"https://www.youtube.com/watch?v=SyAI1GF70hw", DIVI THEME BUILDER TUTORIAL - New Divi Theme 4.0 update is WOW!üî•üî•
"https://www.youtube.com/watch?v=mDu_WyMABnA", How To Create An eCommerce Website FREE With Wordpress 2020! [Elementor WooCommerce Tutorial]üí∞‚úÖ
"https://www.youtube.com/watch?v=536C08O1AZM", How To Make A Wordpress Website For FREE 2020 | Elementor Tutorial‚úÖ[1,800 FREE TEMPLATES]üî•
"https://www.youtube.com/watch?v=TzW_uuNVxZY", Psst...Channel Update + Sneak Peaks
"https://www.youtube.com/watch?v=1lZzq5b500s", How To Add Multiple Websites Using SiteGround Addon Domains
"https://www.youtube.com/watch?v=Yh_-VlLrJv0", How These Wordpress Websites Are Making $100,000 To $1,000,000 A MONTH!
"https://www.youtube.com/watch?v=CQ7WraKYA0k", HUGE Brizy Update - NEW Design Kit, NEW Google Fonts and BRIZY VS ELEMENTOR Comparison! üò±üò±
"https://www.youtube.com/watch?v=icuP-D7d2ro", How To Use The Revolution Slider Plugin 6.0 - FULL TUTORIAL 2020
"https://www.youtube.com/watch?v=vC1vM5bnchI", 10 Ways How To Make $100 A Day Online From Home [PROOF]
"https://www.youtube.com/watch?v=0rXlhALD9es", 20 Best Websites To Sell Products Online
"https://www.youtube.com/watch?v=M3BhyckqP7w", Divi Theme 4.0 Theme Builder Update - This Update Is Going To Change Everything
"https://www.youtube.com/watch?v=ihymaUI1ErY", NEW Yoast SEO Tutorial 2020 (BEST SETTINGS) How to Setup Yoast Wordpress
"https://www.youtube.com/watch?v=juQBPFJvt8Q", Divi Theme - NEW WooCommerce Builder Update Tutorial!üòÄüòÄ
"https://www.youtube.com/watch?v=LsElA0klvNk", Channel Update And OFFICE TOUR! Come Take A Look!
"https://www.youtube.com/watch?v=uVOrA4_eXPo", How To Add LIVE CHAT and CHATBOT To Wordpress [SUPER CLEAN]
"https://www.youtube.com/watch?v=BHdYp4jYvuE", Printful Review: Create An Automated Dropshipping T-Shirt Business With Wordpress
"https://www.youtube.com/watch?v=EHNp8m2BxSo", How to Install Wordpress with Siteground Hosting
"https://www.youtube.com/watch?v=vlMAx73BWRY", How To Create A T-Shirt Business Online IN 1 HOUR STEP BY STEP with Print On Demand!
"https://www.youtube.com/watch?v=O38RDSWyHJE", BREAKING: Avada Theme Introduces A NEW Live Frontend Builder! üò±Avada Theme Review!
"https://www.youtube.com/watch?v=QT9EdUS7EjI", Essential Grid Tutorial - Create AMAZING Grids With This Wordpress Plugin
"https://www.youtube.com/watch?v=Z1nDjhj7kHw", 25 Best FREE Wordpress Plugins - MUST HAVE PLUGINS For Wordpress!
"https://www.youtube.com/watch?v=jy39v-kydQc", One By Template Monster Review: +1000 Elementor Wordpress Themes, Layouts, And Plugins?!
"https://www.youtube.com/watch?v=ZAZiTNHzg7s", I Purchased A $400 WEBSITE From FIVERR PRO!! THIS IS WHAT I GOT! üò±üò±üò±
"https://www.youtube.com/watch?v=KQreZzSVcs0", Google SiteKit For Wordpress: Instantly Connect Your Wordpress Website With Google
"https://www.youtube.com/watch?v=-mdPm3mqyb4", New Facebook Group! Talk To Me Personally!
"https://www.youtube.com/watch?v=C6n-VrI0sn4", Top 10 Best Divi Theme Plugins For Wordpress - MUST HAVE DIVI THEME PLUGINS!
"https://www.youtube.com/watch?v=T-018KKvhfI", Wordpress News! BIG Wordpress Themes Upcoming Features + WCEU 2019 Questions!
"https://www.youtube.com/watch?v=uSvh6KEu6KQ", The Best Wordpress 4th of July 2019 Discounts are Live!
"https://www.youtube.com/watch?v=xi4GtesK-es", Customify Review - The First FREE Wordpress Theme With A THEME BUILDER!
"https://www.youtube.com/watch?v=sErHStK7sek", How To Add A Tracking Number In WooCommerce ( WooCommerce Shipping)
"https://www.youtube.com/watch?v=b6IXLcHcfTI", How I Lost $53,125 With HostGator.. HostGator Scam Affiliate Program Review
"https://www.youtube.com/watch?v=NfymFBAsLfE", Brizy Pro Review - How It Stacks Up Against Elementor?
"https://www.youtube.com/watch?v=rCcd6IcmA64", How To Make A Wordpress Website 2020 - Easy For Beginners
"https://www.youtube.com/watch?v=nT51AMsishI", 12 Ways To Make Money Online With Wordpress and Work From Home!
"https://www.youtube.com/watch?v=0dh2F4dcmVM", Coming Soon..
"https://www.youtube.com/watch?v=tIuNtlougj0", Top 7 Best Social Media Plugins For Wordpress
"https://www.youtube.com/watch?v=cPAWDUE4_e8", How To Create And Cloak Affiliate Links With Wordpress
"https://www.youtube.com/watch?v=0ZKv8PKB-sk", Easy Digital Downloads Review - A Great Way To Sell Digital Products Online
"https://www.youtube.com/watch?v=UrWwg67IKb0", How To Get More Clients For Your Web Design Business
"https://www.youtube.com/watch?v=DdrBrvwxf7Y", How To Create an Online Contract For Web Designers ( A Must Have For Web Designer )
"https://www.youtube.com/watch?v=0KzV8ZgWM-c", How to Add a Cost Estimation Form to Wordpress ( Payment Forms Builder)üòÆ
"https://www.youtube.com/watch?v=qhEXXcjPuS0", Top 15 Best Wordpress Chrome Extensions
"https://www.youtube.com/watch?v=ADfTvr-RHvw", Peepso Plugin Review - A New Way To Create Social Websites With Wordpress
"https://www.youtube.com/watch?v=mYdeAenSMlc", How To Add A Customer Support Ticketing System To Wordpress (Wordpress Helpdesk Plugin)
"https://www.youtube.com/watch?v=bsozEMV9cho", Top 10 Best Elementor Add-on Plugins For Elementor
"https://www.youtube.com/watch?v=1QFuGUBHE3I", How To Make A Social Media Website With Wordpress 2020 ( Just Like Facebook )
"https://www.youtube.com/watch?v=I0GFOiJug7A", How To Create A Digital Download Website With Wordpress 2020 - Sell Digital Products!
"https://www.youtube.com/watch?v=qRla6vr3KBg", How To Make A Membership Website With Wordpress 2020
"https://www.youtube.com/watch?v=7qZl_7mrVLQ", How To Make A Booking Website With Wordpress 2020
"https://www.youtube.com/watch?v=ZFAPrG6Pv6g", How To Make A Real Estate Website With Wordpress
"https://www.youtube.com/watch?v=9q6xzYCsG9A", Top 10 REAL WAYS To Make Money Online - PROOF! How To Make Money Online
"https://www.youtube.com/watch?v=Xd1FDDMLDQA", Dr Disrespect Gives Me A Shoutout On Live Steam!
"https://www.youtube.com/watch?v=zgL6KKp91xw", Envato Market Gives Out FREE Stuff Every Month!
"https://www.youtube.com/watch?v=t7zedLzrmgo", I Purchased A $100 Website Fiverr Gig, This is What I Got üò±
"https://www.youtube.com/watch?v=pVZywujc-_Y", Top 7 Best Membership Plugins For Wordpress!
"https://www.youtube.com/watch?v=__LoYD7N1iU", Wordpress News! Some of the latest news and updates in the Wordpress Community!
"https://www.youtube.com/watch?v=az1sjV2nARo", NEW Divi Toolbox Plugin For The Divi Theme - Adds 50+ Features For The Divi Theme!
"https://www.youtube.com/watch?v=ZvOAnB2RU9Y", How To Categorize Images In Wordpress - Add Categories to WordPress Media Library
"https://www.youtube.com/watch?v=hCjyo1rGC-8", Top 7 Best Booking Plugins For Wordpress
"https://www.youtube.com/watch?v=hSsKfwKEuCM", How To Download Your Entire Media Wordpress Media Library - WP File Manager Wordpress Plugin
"https://www.youtube.com/watch?v=18IIqpsqIro", Wordpress News and Drama! - WPML Hacked, Envato Author Removed + More!
"https://www.youtube.com/watch?v=sSdSVUMwAoo", MailChimp Tutorial 2019 | How To Use MailChimp Step By Step For Beginners [Email Marketing]
"https://www.youtube.com/watch?v=iZ6IKMcMcVw", How To Use The Bloom Plugin - Best Email Optin Plugin For Wordpress!
"https://www.youtube.com/watch?v=wl1-4JlzNq0", How To Use The Divi Theme Contact Form - Divi Theme Tutorial
"https://www.youtube.com/watch?v=iN2_e42EhlM", New Divi Theme Plugin! - Add 21 More Divi Modules To The Divi Theme!
"https://www.youtube.com/watch?v=e1RkMMyjkOM", How To Make A Wordpress Website 2020 - Divi Theme For Beginners
"https://www.youtube.com/watch?v=J1FUZKIXJrU", WPFriends.com - A Social Network For WordPress Users
"https://www.youtube.com/watch?v=vyGUd-k55EA", I'll Be Back
"https://www.youtube.com/watch?v=_-VE-JWF5x8", Wordpress Gutenberg 5.0 FIXES For Divi, Elementor, and Brizy! + My Response To Wordpress 5.0 Update
"https://www.youtube.com/watch?v=8xGhXQjST0w", Lifterlms Review - Creating Online Courses With Wordpress
"https://www.youtube.com/watch?v=Xt1Ebw5nDUc", Wordpress Gutenberg 5.0 RELEASED: DONT UPDATE! - Divi Theme, Elementor and Brizy TESTED!!
"https://www.youtube.com/watch?v=_Zx8BknqX2U", Namehero Hosting Review - A SpeedDemon Web Host?
"https://www.youtube.com/watch?v=hHqTK_aRgoI", Best Wordpress Black Friday Deals ANNOUNCED + FREE GIVEAWAYS!
"https://www.youtube.com/watch?v=Da8tgqNh6qo", $1000 CASH GIVEAWAY! Countdown To BLACK FRIDAY!
"https://www.youtube.com/watch?v=6uoXqjVl4TQ", What is GPL - GPL Fully Explained
"https://www.youtube.com/watch?v=rZ73-fduzoI", X Theme Review - Envatos Top Seller Wordpress Theme Reviewed
"https://www.youtube.com/watch?v=WM6vhTUpGeI", How To Make A Web Hosting Website With Wordpress - WHMCS Tutorial
"https://www.youtube.com/watch?v=-SNiKTXYfvU", OMGG 100k Subs! A HUGE Thanks And UPCOMING NEWS!
"https://www.youtube.com/watch?v=Vo5-VQOBMSM", Greengeeks Hosting Review - A Hidden Gem For Web Hosting?
"https://www.youtube.com/watch?v=P1othp7p-E4", How To Manage Multiple Wordpress Websites With ManageWP
"https://www.youtube.com/watch?v=QtkJ2xS-hDI", Brizy PRO Feature Update - New " Styles" + 53 PRO Templates! - Also A Quick Announcement!
"https://www.youtube.com/watch?v=WtxdTPVRMOE", How To Make A Website In Under 10 Minutes - FAST AND EASY!
"https://www.youtube.com/watch?v=gheMfzZSbW8", How To Create Promo Bars For the Divi Theme With DIVI BARS!
"https://www.youtube.com/watch?v=06CVBvkYZio", How To Create An Online Course Website With Wordpress - NEW!
"https://www.youtube.com/watch?v=sIQ_LGL7cB8", Best Web Hosting For Wordpress 2019
"https://www.youtube.com/watch?v=R7636QIopMg", Divi Theme Vs Elementor [PROS AND CONS]
"https://www.youtube.com/watch?v=C49EG7PrqTc", How To Make A ChatBot For FREE To Your Website
"https://www.youtube.com/watch?v=J-EVbNjl_-k", Top 5 Wordpress Plugins To Speed Up Your Wordpress Website!
"https://www.youtube.com/watch?v=NGKbvf0brNk", How To Setup Aweber Step By Step [Aweber Email Marketing Tutorial]
"https://www.youtube.com/watch?v=RsqpWa_cvCA", Brizy Review - NEW FEATURE UPDATE!
"https://www.youtube.com/watch?v=lwcTV3dxxT0", How To Easily add CSS To Your Wordpress Website ( No Experience ) With Yellow Pencil Plugin
"https://www.youtube.com/watch?v=5ppGE0abD1Q", How To Create A Custom Registration Form With Wordpress
"https://www.youtube.com/watch?v=gvWGmAzB6K0", Lets Take A Look At The New Divi Theme Features - You Need To See This! Divi Theme Feature Review
"https://www.youtube.com/watch?v=CcOzgFO8akY", How To Create And Add A Questions And Answers Website With Wordpress!
"https://www.youtube.com/watch?v=W8GYvMCDt5A", Gutenberg Review - Lets Take A Closer Look at the Gutenberg Editor For Wordpressüò±
"https://www.youtube.com/watch?v=y8Vk7Pkqdrg", How To Add Google Forms To Your Wordpress Website
"https://www.youtube.com/watch?v=_No4OIhwLXc", How To Use Alidropship Plugin for Wordpress - Alidropship Plugin Review and Tutorial
"https://www.youtube.com/watch?v=dCakJBl7J3U", Free Divi Theme Layouts For Wordpress! Come Get It!
"https://www.youtube.com/watch?v=DBcLSStrH0s", What Is Dropshipping - How To Start Dropshipping
"https://www.youtube.com/watch?v=9AkAlxg3-0I", How To Create an Affiliate Program With Wordpress - AffiliateWP Tutorial
"https://www.youtube.com/watch?v=aOWUfJT65P8", The Best Colors To Use For Your Website
"https://www.youtube.com/watch?v=KWpO9fVmmgI", How To Create A Dropshipping Website With Wordpress and Aliexpress 2019
"https://www.youtube.com/watch?v=XKMdz-56BJo", How To Setup Google Product Listing Ads (Adwords Shopping Campaign) - Google Merchant Tutorial 2018
"https://www.youtube.com/watch?v=-WTo2UrNxYk", Complete FaceBook Ads Tutorial 2019 - MASTER FaceBook Ads in 1 Hour!
"https://www.youtube.com/watch?v=tfE0K-7OxMU", How To Create A Custom Category Page and Product Page With The Divi Theme!
"https://www.youtube.com/watch?v=Aj6YkHmuUKc", How To Make A Youtube Video 2018 - Youtube Video Tutorial Step By Step
"https://www.youtube.com/watch?v=UsatAQkdOPM", Memberpress Review - How To Quickly Create A Membership Website With Wordpress
"https://www.youtube.com/watch?v=kqJmVvwO1-Q", NEW Elementor Page Builder Feature Update - Blend Modes and Filter Effects!
"https://www.youtube.com/watch?v=0UIsGBY9SS4", NEW Divi Theme Feature Update For The Divi Builder. Custom Posts Types And More!
"https://www.youtube.com/watch?v=as75eYwfEiY", Top 10 Best Wordpress Resources For Beginners - Wordpress Tips And Tricks!
"https://www.youtube.com/watch?v=-DCX-9-tYUc", Top 12 Best WooCommerce Plugins For Wordpress 2019 - Must Have WooCommerce Plugins!
"https://www.youtube.com/watch?v=NifzUbVkdPE", ** URGENT: South Dakota Vs Wayfair - How Internet Sales Tax Will Change eCommerce Forever
"https://www.youtube.com/watch?v=JPBLOlWtBV8", Brizy Review - A NEW Free Wordpress Page Builder! - Brizy
"https://www.youtube.com/watch?v=nYyVv36KCSA", How To Get Unlimited Free SSL Certificates With Wordpress Using Siteground Hosting
"https://www.youtube.com/watch?v=fEepPHN91s8", Top 10 Best Divi Child Themes 2018
"https://www.youtube.com/watch?v=PK30-hguZ_Y", Yoast Seo Tutorial 2020 - How To Setup Yoast SEO Plugin - Wordpress SEO By Yoast
"https://www.youtube.com/watch?v=L7r_-FaJNV4", How To Make A Wordpress Website 2020 - EASY And FAST!
"https://www.youtube.com/watch?v=wpz2maT9dFU", Best Elementor Templates and Plugins For Wordpress - CrocoBlock Review! üòç
"https://www.youtube.com/watch?v=NEAtVPH9Wgk", Massive Dynamic Theme Review - Best Wordpress Theme Series
"https://www.youtube.com/watch?v=_CXY8ee0eJE", Best Wordpress Themes For The Elementor Page Builder 2018
"https://www.youtube.com/watch?v=sUjb-QOFk2Q", How To Make A Forum With Wordpress | Free Forum Website
"https://www.youtube.com/watch?v=gjgwv1pMrKM", How To Add Live Sales Notifications To Your eCommerce Website With WooCommerce
"https://www.youtube.com/watch?v=9SESvjpKhDE", My Japan Trip! -Amazing Things To Do In Japan!
"https://www.youtube.com/watch?v=wSXP4JURrpk", Top 7 Best Gigs on Fiverr 2018
"https://www.youtube.com/watch?v=usH0FK2eh5A", How To Get Google Review Stars For Your WordPress Website 2018
"https://www.youtube.com/watch?v=kTuL4CPBM2c", The Divi Theme Just Made History For Wordpress
"https://www.youtube.com/watch?v=xVX_f4wd1l8", I Have An Announcement
"https://www.youtube.com/watch?v=PKdu_Y0xaIg", How To Add Google Maps In Wordpress 2018
"https://www.youtube.com/watch?v=9Ymxjq9K0HQ", How To Add Smooth Scroll To Your Wordpress Website
"https://www.youtube.com/watch?v=xmSyB8MXvFs", Top 10 Best And Responsive Wordpress Themes 2019
"https://www.youtube.com/watch?v=Kwe3V6DyAP8", Flatsome Wordpress Theme Review 2018 - Best eCommerce Wordpress Theme?
"https://www.youtube.com/watch?v=2UpflaYiWKw", How To Add Social Login To Wordpress 2018
"https://www.youtube.com/watch?v=MmUN3I7ZUSE", My Costa Rica Trip! -Amazing Things To Do In Costa Rica!
"https://www.youtube.com/watch?v=vKBSrdKWb4Y", How To Create An eCommerce Website With Wordpress 2020 [ONLINE STORE!]
"https://www.youtube.com/watch?v=eRO4WZyKYZA", Top 10 Plugins For Wordpress 2019 | Must Have Plugins For Wordpress!
"https://www.youtube.com/watch?v=Ra4A0NpQEvk", NEW DIVI THEME FEATURE - Shape Dividers! A Must See!
"https://www.youtube.com/watch?v=DGTh833xAFA", How To Change WP-Admin Url For Wordpress - Hide Your WP-Admin!
"https://www.youtube.com/watch?v=oCdX2R7t8yI", How To Add FaceBook Messenger To Your Wordpress Website 2018
"https://www.youtube.com/watch?v=UvX3_vlFf5w", How To Make A Wordpress Website 2019 - Divi Theme Tutorial
"https://www.youtube.com/watch?v=NFifgsE6Y1g", Divi Theme Competition - Vote For Your Favorite Divi Designer! Free Layout For Winner!
"https://www.youtube.com/watch?v=az1zE2H1vdA", What Is The Best Wordpress Page Builder - Divi Theme Vs Elementor Vs Thrive Arcitect Compared!
"https://www.youtube.com/watch?v=T5kRgBzg61Q", How To BackUp Or Migrate Your Wordpress Website 2018
"https://www.youtube.com/watch?v=yBNh4nKVYDA", How To Setup Google Adsense - Complete Google Adsense Tutorial 2018
"https://www.youtube.com/watch?v=N5d6AJxED8M", How To Add The Revolution Slider To The Divi Theme - Divi Theme Customizations
"https://www.youtube.com/watch?v=JCHFLk1Bwrw", How To Add The Revolution Slider With The Elementor Page Builder
"https://www.youtube.com/watch?v=ZByfu9Bg0B8", How To Use The Revolution Slider Plugin 5.4 - FULL TUTORIAL 2018
"https://www.youtube.com/watch?v=v4qslJa3wXo", 50,000 Subscribers! --THANK YOU ALL!
"https://www.youtube.com/watch?v=8G31f9D8cHM", How To Create A Web Hosting Business With Wordpress - WHMCS Tutorial
"https://www.youtube.com/watch?v=mYb13f_YDWs", How To Create A Donation Website Like GOFUNDME - Crowdfunding Plugin For Wordpress
"https://www.youtube.com/watch?v=Fa5G8H8oWnw", NEW WHMCS TUTORIAL FOR WORDPRESS - Create A Web Hosting Business - COMIN SOON!
"https://www.youtube.com/watch?v=y4lCIEFumRI", Divi Theme Review 2017 - Most Popular Wordpress Theme In the World?
"https://www.youtube.com/watch?v=Le555jXH4Qs", Divi Theme Customization - How To Use Divi Overlays
"https://www.youtube.com/watch?v=ZoQkSvibopE", How To Add A Popup and Notice Bar To Wordpress 2017
"https://www.youtube.com/watch?v=16HY2C-nV4o", Siteground Review For Wordpress Hosting + Full Tutorial 2017 NEW!
"https://www.youtube.com/watch?v=HTT5F-hhRaw", Top 10 Divi Child Themes For Wordpress
"https://www.youtube.com/watch?v=5LI2UCS3JNE", How To Add A Downloadable File With Wordpress - Add A Direct Download Link!
"https://www.youtube.com/watch?v=6oN8QJTKhoc", How To Make A Membership Website with Wordpress 2018 - MemberPress Tutorial
"https://www.youtube.com/watch?v=0j8RrMJ5oeQ", How To Get More Traffic To Your Website - How To Promote Your Website And Increase Traffic!
"https://www.youtube.com/watch?v=Ob30Yse_XqA", How To Setup "All In One SEO Pack" Plugin For Wordpress 2017
"https://www.youtube.com/watch?v=-5UaKhN1r6I", How To Make A Divi Child Theme - Divi Child Theme Tutorial
"https://www.youtube.com/watch?v=bIy9bNYoBKY", How To Setup Your FaceBook Pixel - Facebook Pixel Tutorial 2017 - EASY!
"https://www.youtube.com/watch?v=hbILibNKG2s", Elementor Page Builder Pro Review and Tutorial
"https://www.youtube.com/watch?v=kGe95mSXD2s", How To Send Push Notifications With Wordpress
"https://www.youtube.com/watch?v=pd_AmonHgxQ", How To Create An Appointment Booking Website With Wordpress 2017 - Bookly Plugin Tutorial
"https://www.youtube.com/watch?v=VdKB7UjEo_k", How To Make A Wordpress Website 2019
"https://www.youtube.com/watch?v=dTxvD5jzvGs", New Wordpress Tutorial With The Elementor Page Builder
"https://www.youtube.com/watch?v=lcp7btFaicE", Wordfence Plugin Tutorial : Best Security Plugin For Wordpress!
"https://www.youtube.com/watch?v=SIXVG7lVQik", Top 10 Free and Responsive Wordpress Themes 2017
"https://www.youtube.com/watch?v=VyysV3EGTvw", How To Speed Up Your Wordpress Website
"https://www.youtube.com/watch?v=nIk-XxswHIs", Help Support My Channel With Patreon - Darrel Wilson
"https://www.youtube.com/watch?v=Ht-yw7J5y_0", Top 10 Unusual Wordpress Plugins! Must Have Fun Plugins For Wordpress
"https://www.youtube.com/watch?v=DMzWqtUHhsw", How To Add A Drop Shadow To The Divi Theme - Divi Theme Customization
"https://www.youtube.com/watch?v=F0AueLwznGw", I Got A Drone
"https://www.youtube.com/watch?v=goq3H5jz-hs", How To Create A Real Estate Website With Wordpress
"https://www.youtube.com/watch?v=OhqMZozBekc", FREE+NEW Divi Theme 3.0 Layouts For Wordpress 2017 ‚úÖ üòÄ
"https://www.youtube.com/watch?v=4hTI0_2CPCs", Easy Digital Downloads Tutorial 2017
"https://www.youtube.com/watch?v=AVq0d2brXp8", How To Create An eCommerce Website with Wordpress - Online Store
"https://www.youtube.com/watch?v=9CrCMHI_V2U", How To Use The Monarch Plugin For Wordpress | Monarch Plugin Tutorial
"https://www.youtube.com/watch?v=tMwj8vyVLJs", Best Web Hosting For Wordpress 2018
"https://www.youtube.com/watch?v=-8xKKTYiA90", Divi Child Themes: How To Install Divi 3.0 Child Themes With Wordpress - MUST WATCH!
"https://www.youtube.com/watch?v=XERI5k8-RFY", 25,000 Subscribers On Youtube. Thank You All!
"https://www.youtube.com/watch?v=JGUBNmMiHbU", How To Make A Paypal Donate Link or Button 2017 - PayPal Tutorial
"https://www.youtube.com/watch?v=KNTi3taqZDk", MailChimp Tutorial 2018 | How To Use MailChimp Step By Step For Beginners [Email Marketing]
"https://www.youtube.com/watch?v=Q38uP0vtTrA", How to Make a Forum in Wordpress 2017 | Buddypress and BBPress Tutorial For Wordpress‚≠ê
"https://www.youtube.com/watch?v=m5odJrTRYgk", How To Make The Divi Menu Transparent | Divi Theme Customization
"https://www.youtube.com/watch?v=7q-qOOeGSdI", How To Get A Green Padlock and SSL Certificate For Your Wordpress Website - HTTPS
"https://www.youtube.com/watch?v=0OHZ6Uf5lnU", SkillShare Promotion: 3 Months SkillShare Premium For $.0.99 - SkillShare Coupon Code
"https://www.youtube.com/watch?v=Q-qglehHkxw", 20 Best Free eCommerce Wordpress Themes 2018
"https://www.youtube.com/watch?v=M042skoqgQ8", Shopisle Companion Plugin: How To Add The Slider To The Shopisle Theme
"https://www.youtube.com/watch?v=v7-PCrVKAQE", Unsplash.com: Best Free Photography Pictures and Images From Around The World | Unsplash Tribute
"https://www.youtube.com/watch?v=vN42OUlm6AY", NEW Divi Theme Tutorial On Udemy And Skillshare! üòÄ
"https://www.youtube.com/watch?v=ld1JBCJutpo", Divi Theme Customization: How to Create Diagonal Lines Between Sections in Divi Theme
"https://www.youtube.com/watch?v=GqJuTs69lCo", How To Make A Wordpress Website 2019 | Divi Theme Tutorial
"https://www.youtube.com/watch?v=h8tb3E7jmzM", How To Install Wordpress With TMDhosting - MAXIMUM TMDHOSTING COUPON CODE!!
"https://www.youtube.com/watch?v=LiihybrYO24", How to Fix Wordpress Problems | Fix Wordpress Issues!
"https://www.youtube.com/watch?v=C1iRlQ0g0Vs", Yoast Seo Premium Tutorial 2017 | Wordpress SEO By Yoast
"https://www.youtube.com/watch?v=W0k49q0AyJA", SEO For Beginners 2017 | How To Rank High In Google | Freelancer.com Tutorial
"https://www.youtube.com/watch?v=hbL8VL1Bubg", Elementor Page Builder Tutorial - How To Create A Wordpress Website 2017
"https://www.youtube.com/watch?v=dmXvNjWv47Y", How To Make The Divi Slider Fullscreen | Divi Theme 3.0 Customization
"https://www.youtube.com/watch?v=7xP9DUIIIf4", How To Make A Parallax Wordpress Website 2017 -NEW!!
"https://www.youtube.com/watch?v=lb5DUdbseE4", NEW DIVI THEME 3.0 Layout Packs | Importing Divi Theme Layouts For Wordpress
"https://www.youtube.com/watch?v=baG8E150V28", Survey For Wordpress Themes!
"https://www.youtube.com/watch?v=3BMe5dre9M0", How To Make A Wordpress Blog - Create A Blog With Wordpress - EXTRA THEME
"https://www.youtube.com/watch?v=nk8O-7d6gnM", BLACK FRIDAY SALES! Wordpress Themes, Plugins, and DIVI THEME DISCOUNT!
"https://www.youtube.com/watch?v=Bkze7P6JSnA", How To Advertise and Promote on Youtube For Beginners | Youtube Advertising Tutorial 2017
"https://www.youtube.com/watch?v=B8hGjl_AEvY", How To Install and Setup Google Analytics To Your Wordpress Website - 2016! EASY!
"https://www.youtube.com/watch?v=IFzUOoLdNqg", 10k Subscribers. Thank You All!
"https://www.youtube.com/watch?v=ppEqly6GFsA", Yoast Seo Tutorial 2017 - How To Setup Yoast SEO Plugin - Wordpress SEO By Yoast
"https://www.youtube.com/watch?v=Rk1lBpI1igY", How To Add Live Chat In Wordpress For FREE! - Best Live Chat Plugin For Your Website
"https://www.youtube.com/watch?v=GJnBOLuGt7s", NEW 3.0 Divi Theme Customization For Wordpress | Create Amazing Animations! -Must WATCH!
"https://www.youtube.com/watch?v=1tlopUaE-qE", FREE and NEW 3.0 Divi Theme Layouts For Wordpress - Review, Tutorial, And Customization!
"https://www.youtube.com/watch?v=ioWWxeIxo5w", How To Create An eCommerce Website With Wordpress 2017 | ONLINE STORE | NEW 3.0 Divi Theme -AMAZING!
"https://www.youtube.com/watch?v=mfQAuvjuQIs", Udemy Course: How To Make A Wordpress Website With The Divi Theme 2016! EVERY MODULE COVERED!
"https://www.youtube.com/watch?v=edCJ-NsnEMw", Flippa.com Review: Buy And Sell Websites + Domains With Flippa Auctions
"https://www.youtube.com/watch?v=7Xtc4otamJ0", Divi Theme 3.0 Customization and Review | Tips on Divi 3.0 for Wordpress! MUST WATCH!
"https://www.youtube.com/watch?v=8ApYE1InvzI", Divi Theme 3.0 Customization | Tips and Tricks For Divi 3.0 for Wordpress!
"https://www.youtube.com/watch?v=FR_sKdJ_5Zo", How To Advertise Your Website On Reddit 2016 | MARKET Your Website and Get Traffic!
"https://www.youtube.com/watch?v=VQtBQgfUd6A", How To Use The Bloom Plugin By Elegant Themes | Add An Email opt-in Form To Your Wordpress Website
"https://www.youtube.com/watch?v=yFkhv7fDpGI", How To Make A Wordpress Website 2017 | NEW Divi Theme 3.0 Tutorial - AMAZING!
"https://www.youtube.com/watch?v=e9ev4P-RQZg", How To Make a Wordpress Website 2017 | NEW Divi Theme 3.0 Tutorial For Beginners!
"https://www.youtube.com/watch?v=7z8ZTXvP9H0", Divi Theme 3.0 Tutorials for Wordpress. Coming Soon.
"https://www.youtube.com/watch?v=E-DyO2ZkRMg", NEW Divi Theme 3.0 Layout Packs! | Divi Theme Review For Wordpress
"https://www.youtube.com/watch?v=ZFG-P92dCi4", How To Update The Divi Theme to 3.0 | Update Divi Theme From 2.7 to 3.0! Elegant Themes!
"https://www.youtube.com/watch?v=GTR5RplrNxw", NEW Divi Theme 3.0 Visual Editor for Wordpress | Divi Theme Review!
"https://www.youtube.com/watch?v=dojwz--zBWk", How To Use Facebook Ads For Beginners 2017 | Complete Facebook Ads Tutorial
"https://www.youtube.com/watch?v=9DVsLFdgWz0", Best Web Hosting 2016! FREE DOMAINS! Top 5 Wordpress Web Hosting!
"https://www.youtube.com/watch?v=ZrOvh-hI5GA", SEO Tutorial For Beginners 2016 | What Is SEO and How Does It Work?
"https://www.youtube.com/watch?v=LaddNSri3GM", 20 Best Websites To Sell Your Products! The Best Websites To Sell Online !
"https://www.youtube.com/watch?v=ZRUl2G2iSZw", How To Add Amazing Resume Layout Packs For Your Wordpress Website | Divi Theme tutorial
"https://www.youtube.com/watch?v=6jENMAX6r-Y", Top 10 Free and Responsive Wordpress Themes 2017
"https://www.youtube.com/watch?v=juDHnvK2cMY", How To Reset Your Wordpress Website | Reset Wordpress Back To Original Settings
"https://www.youtube.com/watch?v=1P-olG9C5WQ", How To Make Beautiful Web Pages For Your WordPress Website! | Divi Theme Tutorial
"https://www.youtube.com/watch?v=TAsHswdh_uM", How to Create a Free eCommerce Website with Wordpress 2017
"https://www.youtube.com/watch?v=jn3O4wOlF3Q", Top 11 Best Wordpress Plugins 2018 | Must Have Plugins For Wordpress!
"https://www.youtube.com/watch?v=iJ_0B28gdik", How To Add Intergeo Maps Plugin For Your Wordpress Website
"https://www.youtube.com/watch?v=9QX9eVuWF60", Piehost.com | New Web Hosting and Wordpress Support! (Free Wordpress Website Giveaway!)
"https://www.youtube.com/watch?v=LctHI8XelXs", How To Create A Professional and Free eCommerce Website with Wordpress 2017 (Online Store)
"https://www.youtube.com/watch?v=P6zvbc5tTZk", Onlywire: Promote Your Wordpress Website to +50 Social Networks With Social Media SEO
"https://www.youtube.com/watch?v=e048qmBij5w", How To Create a Coming Soon(Under Construction) Page in Wordpress 2016!
"https://www.youtube.com/watch?v=z4oqyRhDvXM", Yoast Seo Tutorial 2016 - How To Setup Yoast SEO Plugin - Wordpress SEO By Yoast
"https://www.youtube.com/watch?v=orsGfuoYpng", How To Create Amazing Landing Pages For Your WordPress Website! | Divi Theme Tutorial
"https://www.youtube.com/watch?v=mE_e7HiPQWc", How To Make A PREMIUM eCommerce Website with WordPress | Online Store Tutorial 2016!
"https://www.youtube.com/watch?v=gM-BGZtHHys", How To Setup Subscriptions and Recurring Payments For Your Website | Paypal Tutorial 2016
"https://www.youtube.com/watch?v=eVQu-eUwaXw", How To Create A Stunning and Free eCommerce Website With Wordpress 2017 | Online Store Tutorial
"https://www.youtube.com/watch?v=8y-QknKiIow", How To Make A WordPress Website 2017 - Step By Step Wordpress Tutorial
"https://www.youtube.com/watch?v=lQVci4DIevg", How To Create A Beautiful and Free eCommerce Website with Wordpress 2017 (Online Store!)
"https://www.youtube.com/watch?v=4u9YKhsA_0o", How To Make A Blog With Wordpress - 2016 | Beginners Tutorial
"https://www.youtube.com/watch?v=yUqOZjySJlE", How To Accept Payments Online With Your Wordpress Website
"https://www.youtube.com/watch?v=9yCM3SJqGqg", How To Make A Wordpress Website 2016 | Beginners Tutorial
"https://www.youtube.com/watch?v=xgkw1o2pwfc", How To Create An Amazing eCommerce Website with Wordpress - 2017 | FREE Theme
"https://www.youtube.com/watch?v=-iGX1m6xYFo", How to make a Free Wordpress Website for Music or Fanpages - Beginners Tutorial 2016
"https://www.youtube.com/watch?v=zbEYQ2iDebQ", How To Make A Wordpress Website | For Business | 2016
"https://www.youtube.com/watch?v=mWMKZHU90ME", How To Embed A Youtube Video On Your Wordpress Website in 60 Seconds
"https://www.youtube.com/watch?v=nw_-nDq-Doc", How To Add Google Analytics To Your Wordpress Website 2016!
