"https://www.youtube.com/watch?v=DXUC3S-y4E0", 50 UI Designs Reviewed in 30 Minutes
"https://www.youtube.com/watch?v=1JchBJgO46Q", Can you use Radial Gradients in Modern UI Design?!
"https://www.youtube.com/watch?v=ot4yHfl6x9A", Create an AWESOME Animated Full Screen Navigation
"https://www.youtube.com/watch?v=DjlK99RsVac", Help me Create an Interactive UI Test! [LIVE]
"https://www.youtube.com/watch?v=D29KL52Srtw", 11 UX Tips for Successful Navigations (in 7 minutes!)
"https://www.youtube.com/watch?v=y2CGjeFnKxA", Rapid ReDesigns - BALANCE in UI Design
"https://www.youtube.com/watch?v=_yL0A02imXU", Get Better at Design - Live UI/UX Reviews
"https://www.youtube.com/watch?v=nHhSYBg5wbk", 4 Ways to use Photographs in your UI Designs
"https://www.youtube.com/watch?v=6atEig0UyTA", Modern GRADIENT Trends in UI Design
"https://www.youtube.com/watch?v=kaOjgBn-xJQ", Rapid ReDesigns - CHOOSE, BETTER, ILLUSTRATIONS!
"https://www.youtube.com/watch?v=UQS2JTRRGQA", Building a Navigation with Figma's BETA Interactive Components
"https://www.youtube.com/watch?v=1nxSE0R27Gg", Getting Started with Bootstrap 5 for Beginners - Crash Course
"https://www.youtube.com/watch?v=ZyAsNw7XZ1c", Why DESIGN First when I can CODE? ANSWERED.
"https://www.youtube.com/watch?v=XKlzgd_HU0Y", Teaching a Coder DESIGN - Live! with Dennis Ivy
"https://www.youtube.com/watch?v=F-gvF92uOws", Coding a MODERN, Trendy Website - HTML, CSS, JavaScript - Part 2 of 2
"https://www.youtube.com/watch?v=QJ_euqBsN44", Progress of DesignCourse.com Launch (UPDATE #1)
"https://www.youtube.com/watch?v=XaCagwRQ2Jg", Creating a MODERN, Trendy UI Design in Figma! - Part 1 of 2
"https://www.youtube.com/watch?v=8vkPnAbsRGs", The Negative Space - ROAST EDITION! ðŸ˜‚ Live UI/UX Reviews
"https://www.youtube.com/watch?v=-dyXFaxQToo", Redesigning FAANG Websites! Can I do BETTER?
"https://www.youtube.com/watch?v=ojq4J6i_nuI", What's WRONG with this LAYOUT? (And how to FIX!)
"https://www.youtube.com/watch?v=9UukUyXqBCg", Creating an Animated Phone in Three.js & Blender!
"https://www.youtube.com/watch?v=juu8xOG_nEA", BAD at Colors? Try ANALOGOUS Color Schemes!
"https://www.youtube.com/watch?v=IFVO8FV4sWQ", Working on the DesignCourse Relaunch LIVE!
"https://www.youtube.com/watch?v=s6G7P5yoByg", From Figma to Code
"https://www.youtube.com/watch?v=3Y1JnOInnZQ", I Challenge KEVIN POWELL to Code THIS Layout!
"https://www.youtube.com/watch?v=cTQsvM7SJkM", Can YOU Code this Layout BLIND?!
"https://www.youtube.com/watch?v=vhlGNhNYkQU", WIX ATTACKS WordPress?!
"https://www.youtube.com/watch?v=W1GEr61Bm08", Create a Fantastic BOUNCY Line with SVG & JS!
"https://www.youtube.com/watch?v=001OLmwourI", Drawing with CSS - Intermediate to Advanced CSS/Sass
"https://www.youtube.com/watch?v=OVduxgg81XA", I'M BACK! Negative Space UI/UX Live Reviews!
"https://www.youtube.com/watch?v=l_AUK0Z6D68", 7 CSS Techniques That I Use the MOST!
"https://www.youtube.com/watch?v=dLYMzNmILQA", Working with Three.js Particle Systems - They're AWESOME!
"https://www.youtube.com/watch?v=zVR1WBGWVT8", CSS Container Queries Tutorial - #FutureCSS
"https://www.youtube.com/watch?v=uQoYH2wLlhY", Creating a Visual Studio Code Theme - EASILY!
"https://www.youtube.com/watch?v=oNXX2iww5Is", Creating Awesome Transitions with Clip Path & GSAP
"https://www.youtube.com/watch?v=U29j5NiSMVQ", Creating Smooth Scroll & Raycasting with ThreeJS
"https://www.youtube.com/watch?v=LXuWtCTeCHU", Reviewing your UI/UX Designs (Not Live!)
"https://www.youtube.com/watch?v=2AQLMZwQpDo", ThreeJS Displacement & AlphaMaps - Create a 3D Terrain!
"https://www.youtube.com/watch?v=7JR2VFu-9KQ", Creating Smooth Cursor Follows, SVG Text Paths & More..
"https://www.youtube.com/watch?v=pUgWfqWZWmM", Getting Started with THREE.JS in 2021!
"https://www.youtube.com/watch?v=NaoM4SQt-dg", RAPID Logo Design Concepts in 30 Minutes! (Start to Finish)
"https://www.youtube.com/watch?v=EkEyA4RtfNE", Scroll Linked Animations With NO JAVASCRIPT!?
"https://www.youtube.com/watch?v=ek50iuo5zkE", Full Stack Development Tutorial - THE FULL PROCESS!
"https://www.youtube.com/watch?v=6eTpOprlglc", Drop Your Boring Layouts - Adding Interactivity with JavaScript!
"https://www.youtube.com/watch?v=nkoZLpzyViA", I Built a $10,000 Burmese Python Enclosure
"https://www.youtube.com/watch?v=nL5M0qGN5RM", The WORST Thing You Can Do (in UI Design)
"https://www.youtube.com/watch?v=ebsnh9Rk6Rw", Playing a COLOR Game. Can you...
"https://www.youtube.com/watch?v=h920WraAO_c", 20 Tips for Becoming a GREAT Designer
"https://www.youtube.com/watch?v=Y3VJTnmJEgM", A NEW UI Design Trend? I LIKE IT! (And how to do it)
"https://www.youtube.com/watch?v=j2ksdtu8kxg", Improving your UI/UX Designs IN ADOBE XD - LIVE!
"https://www.youtube.com/watch?v=uKiqSOOcJdI", Fixing your BROKEN Portfolio Project Listings - Rapid ReDesigns
"https://www.youtube.com/watch?v=7C6l2HG0fJg", Here's 1 Trick to EASILY Make An Awesome Looking Website
"https://www.youtube.com/watch?v=Lg13omZ8EwU", Fixing your Broken Contact Forms - Rapid ReDesigns
"https://www.youtube.com/watch?v=pWYAzzfQP0w", Cool UI Effect with SVG Clip Path, CSS Aspect Ratio & More..
"https://www.youtube.com/watch?v=EguvR7K7kcw", Improving your UI/UX Designs - LIVE!
"https://www.youtube.com/watch?v=D-h8L5hgW-w", HTML and CSS Tutorial for 2021 - COMPLETE Crash Course!
"https://www.youtube.com/watch?v=YHYpEMgDPkU", Building an AWESOME Button Micro-interaction (Frontend Dev)
"https://www.youtube.com/watch?v=bktHNavQLSI", Improving your UI/UX Designs - LIVE!
"https://www.youtube.com/watch?v=3rQ-eTmWah0", Learn Adobe XD in 2021 by Example (Crash Course)
"https://www.youtube.com/watch?v=viuZyJogbsQ", Create SICK Transitions with the GSAP Flip Plugin!
"https://www.youtube.com/watch?v=PQNKPn65i5M", Improving your UI/UX Designs - LIVE!
"https://www.youtube.com/watch?v=ZjndQLmsOC0", 22 Years Worth of My Work as a Web Designer (REPOST)
"https://www.youtube.com/watch?v=eCQCm4MbiKo", Adobe XD's New Update ROCKS! - Stroke & Path Animation
"https://www.youtube.com/watch?v=7fyN-R65feo", Improving your UI/UX Designs - LIVE!
"https://www.youtube.com/watch?v=x8WW0DDXZ4w", Add AMAZING Animations with LottieFiles - SO EASY
"https://www.youtube.com/watch?v=Gu1so3pz4bA", The Figma 2021 Crash Course by Example
"https://www.youtube.com/watch?v=KeNrCqeeU9I", How a Scammer Nearly Stole $30,000 from my Bank Account
"https://www.youtube.com/watch?v=VdTAap8yg4o", Complex Animations Without Writing CSS?! Hello AnimXYZ
"https://www.youtube.com/watch?v=9t4_9gjSsbw", I Bought a House in the Country (HOUSE TOUR!)
"https://www.youtube.com/watch?v=5dKjwYWOqxw", Forget Design Trends in 2021 - Do THIS Instead!
"https://www.youtube.com/watch?v=NNAdAWQK_JI", What's RIGHT with your Design! (Live REVIEWS)
"https://www.youtube.com/watch?v=_KvKB03n9W8", Which Tools are UI/UX Designers Using the MOST in 2020!?
"https://www.youtube.com/watch?v=zfpmc-NnjXQ", EASILY Create Awesome 3D for the Web with Spline!
"https://www.youtube.com/watch?v=HVPfOq5X02g", Here's 1 Way to Get Better at UI Design
"https://www.youtube.com/watch?v=HfKBKQOyWHM", Glassmorphism - A New UI Trend for 2021?!
"https://www.youtube.com/watch?v=n4_s0DpiHjQ", Creating an Awesome Slide-out Navigation
"https://www.youtube.com/watch?v=a821gLAdLAU", Build an Interactive UI Card - UI Experiments #1
"https://www.youtube.com/watch?v=A1imaOTsHcg", The Single WORST Thing about YOUR Design! (Live REVIEWS)
"https://www.youtube.com/watch?v=9iUJJHEIpls", Designing & Building a Personal Portfolio from SCRATCH!
"https://www.youtube.com/watch?v=kK-7GrmQ9uc", Did Discord SCREW UP their New Design?
"https://www.youtube.com/watch?v=FIxqjpcHWpg", Design Refactoring for ANOTHER YouTuber!
"https://www.youtube.com/watch?v=TF5r2-BdUSU", Does your Typography Stink? Let's FIX that!
"https://www.youtube.com/watch?v=M9Jfyz2lJ-U", Live UI/UX Review - Submit your designs for review!
"https://www.youtube.com/watch?v=UUyFFJ8sqyI", 1 Layout and a MILLION Variations
"https://www.youtube.com/watch?v=1Tdc6XQq7Is", "What is the Most ANNOYING Thing You Get Asked?" QA #1
"https://www.youtube.com/watch?v=ftRy59tx-D8", Live UI/UX REDESIGNS *Special Edition*
"https://www.youtube.com/watch?v=m0VHFrhceik", 7 Design Portfolios that I MIGHT Rate a 10!
"https://www.youtube.com/watch?v=-f1k2UjKG5g", Here's 1 GREAT way to Improve your UI/UX Designs
"https://www.youtube.com/watch?v=bolPxF0esHg", Live UI/UX Review - Submit your designs for review!
"https://www.youtube.com/watch?v=5MhfwvlGkfA", The Adobe XD Visual Studio Code Plugin (Crash Course)
"https://www.youtube.com/watch?v=OdU0lxUydsU", Designing a Logo for Another YouTuber (Adobe Illustrator CC 2020)
"https://www.youtube.com/watch?v=kIU_9gBhcy0", Live UI/UX Review - Submit your designs for review!
"https://www.youtube.com/watch?v=NFw7hUNII4A", Adobe XD's Brand New Feature is AWESOME (3D)
"https://www.youtube.com/watch?v=rh6KtCKRP8U", Making your Layouts More UNIQUE - Rapid ReDesigns
"https://www.youtube.com/watch?v=i2kCNV73luw", Live UI/UX Review - Submit your designs for review!
"https://www.youtube.com/watch?v=Obt5cvjcRj4", Creating a Full Screen Navigation with GSAP 3
"https://www.youtube.com/watch?v=fxpALQzjp1E", Create an Awesome Full Screen Navigation - UI/UX
"https://www.youtube.com/watch?v=sQrcXjWUvtc", Live UI/UX Review - Submit your designs for review!
"https://www.youtube.com/watch?v=G1cEBQZpMNs", The 10 Worst Web Design Trends in the Last 20 Years!
"https://www.youtube.com/watch?v=WSuSCQcc2P8", You're Doing your Web Design Photographs Wrong. FIX!
"https://www.youtube.com/watch?v=kyL_xA6L42E", Live UI/UX Reviews AND Working on Tomorrow's Video
"https://www.youtube.com/watch?v=PQtpZZQU0u0", 2 HTML Elements I Never Used!? (Details & Summary)
"https://www.youtube.com/watch?v=zrM6N-G6U_M", Locomotive Scroll is Awesome - Here's how to use it
"https://www.youtube.com/watch?v=vu-vCH2VoZ8", Live UI/UX Reviews AND Working on a DesignCourse Project
"https://www.youtube.com/watch?v=4uHxJMCzeGg", UX Design - Why you NEED to know User Flows!
"https://www.youtube.com/watch?v=dg488RrpNTc", Truly Fluid Typography with 1 CSS PROPERTY!
"https://www.youtube.com/watch?v=lj37QZ047f8", Animating SVG with the Awesome GSAP 3.0
"https://www.youtube.com/watch?v=eZp8rXzOTL4", Designing a New Landing Page in XD (My Project)
"https://www.youtube.com/watch?v=TEQjTVJLk2c", Live Wireframing of the DesignCourse.com Relaunch
"https://www.youtube.com/watch?v=qimopjP6YoM", Full Dark Mode with only 1 CSS PROPERTY?!
"https://www.youtube.com/watch?v=mNtLjzzxGQM", Building a REAL Web Component from Scratch! - Tutorial
"https://www.youtube.com/watch?v=ID0fwi2q028", You need to know Usability Testing (with Maze)
"https://www.youtube.com/watch?v=2gI2FKhi56U", Editor X - The Most ADVANCED Visual Website Builder?
"https://www.youtube.com/watch?v=5WxczXi82ig", How to Approach Redesigning a Website
"https://www.youtube.com/watch?v=wpgekh-4c1c", How fast can I type? (AND UI/UX!)
"https://www.youtube.com/watch?v=ltMJQ4jGwZM", Adobe XD's AWESOME New Update for UX'ers!
"https://www.youtube.com/watch?v=WpoTZyyW4sE", Should you EVER use a Web Design Template?
"https://www.youtube.com/watch?v=kimr9kznOWA", What is the 5 SECOND TEST in Usability?
"https://www.youtube.com/watch?v=_NxyGDHsJk4", The Framer Crash Course â€” Interactive Prototyping for Beginners
"https://www.youtube.com/watch?v=TIdn8wXqwQE", Shoelace - An Awesome Web Component Library
"https://www.youtube.com/watch?v=XWYTYw2riBI", Should you EVER use a "Logo Maker"?!
"https://www.youtube.com/watch?v=TwHbXw_JAWs", The Negative Space - LIVE UI/UX REVIEWS!
"https://www.youtube.com/watch?v=Mv8Pjtvujno", STOP Doing THIS to your Designs! (BORDERS)
"https://www.youtube.com/watch?v=U16v2YxHZmI", SHOW ME YOUR SIDE PROJECT! [LIVE REVIEW]
"https://www.youtube.com/watch?v=ZZLyHu6XaGI", Using SVG Filters to Recreate a Neumorphic Logo Design
"https://www.youtube.com/watch?v=uXBoQ4WRD9A", CSS Art Crash Course - By Example!
"https://www.youtube.com/watch?v=dqNSZ3DRTHE", I Took a UI Design Quiz... Results?
"https://www.youtube.com/watch?v=DOZ8jK4hkgM", Live UI/UX Design Reviews - The Negative Space
"https://www.youtube.com/watch?v=Xs1Dz4ECH9M", The World's FASTEST UI Design?! Did I do it?
"https://www.youtube.com/watch?v=Ugjd_BI9cCs", The Shopify Bootcamp for Complete Newbies - Part 1
"https://www.youtube.com/watch?v=8vVjsAyCmDE", Designing Awesome SUB PAGES of a Site
"https://www.youtube.com/watch?v=_J1Le-4aXhE", 9 Tips for Becoming a GREAT UI Designer
"https://www.youtube.com/watch?v=PprHhokH_8Q", Live UI/UX Design Reviews - The Negative Space
"https://www.youtube.com/watch?v=9CH2xB1fTvM", Stop screwing up your typography! - Rapid ReDesigns
"https://www.youtube.com/watch?v=zIGoqlw_tMQ", 6 Things you SHOULDN'T DO on your Portfolio
"https://www.youtube.com/watch?v=6AQUHnkOQl0", 9 UI Design Techniques That Will Last Forever!
"https://www.youtube.com/watch?v=wLmS0IWftPw", Checking out a Powerful UI/UX Prototyping Tool (Proto.io)
"https://www.youtube.com/watch?v=InhdJtIAI48", BIG Sites with BAD UX?!
"https://www.youtube.com/watch?v=6lsJliBnUfM", Bootstrap 5 Alpha - What's New & What Changed?!
"https://www.youtube.com/watch?v=HDB8QHX33zg", Adobe XD's NEW Updates - Stacks & Scroll Groups - Tutorial
"https://www.youtube.com/watch?v=l3cizzbo_wc", MOMENTUM Scrolling with Smooth-Scrollbar.js!
"https://www.youtube.com/watch?v=ygcEKd0RIGg", GSAP's NEW ScrollTrigger Plugin! - Tutorial
"https://www.youtube.com/watch?v=k44OFRWvul8", Revamping 3 Mobile Designs - Rapid ReDesigns
"https://www.youtube.com/watch?v=OmCIo-5yrvQ", Live UI/UX Design Reviews - The Negative Space (SATURDAY EDITION!)
"https://www.youtube.com/watch?v=FLSC0g3GaII", 12 UX Nightmares you MUST Avoid!
"https://www.youtube.com/watch?v=LQw2ljPHJU0", Do THIS to Improve you UI/UX Skills!
"https://www.youtube.com/watch?v=_392dehSDTQ", UX Copywriting 101 - You probably aren't doing it..
"https://www.youtube.com/watch?v=ST3fmk8UG8I", RAPIDLY Create UI Designs in Minutes with Tailblocks
"https://www.youtube.com/watch?v=Hab6O2YkDvo", Live UI/UX Design Reviews - The Negative Space (SUNDAY EDITION!)
"https://www.youtube.com/watch?v=pvPZKk0NeRo", Can you still use PHOTOSHOP for Web Design?!
"https://www.youtube.com/watch?v=s_ILpj6inEw", Sometimes you need (small) changes, and other times.. - Rapid ReDesigns
"https://www.youtube.com/watch?v=Za9gMG12uvU", Would I personally HIRE you? Let's find out
"https://www.youtube.com/watch?v=sfkF8aBT4dw", How do you Design a Layout with a TON of Content?!
"https://www.youtube.com/watch?v=oFojbY5u4CM", Why can't YOU find clients? Hint: It's not them..
"https://www.youtube.com/watch?v=iMbb0qSat8U", 3 CSS Psuedo-Classes You Didn't Know About! They ROCK!
"https://www.youtube.com/watch?v=z9H7p1_iI14", You Suck at Form Design ((Probably))
"https://www.youtube.com/watch?v=2FYFZg-8T60", Live UI/UX Design Reviews - The Negative Space
"https://www.youtube.com/watch?v=5Z_JX-EhRJA", #FutureCSS - The CSS SUBGRID is Awesome!
"https://www.youtube.com/watch?v=VCwzh6qVGdE", Did they pull it off? AUTOMATIC Prototype to HTML/CSS!
"https://www.youtube.com/watch?v=o0TvQ18ZDZI", 1 Project, 3 Challenges. The FINALE is here. #7days7designs
"https://www.youtube.com/watch?v=wcGycJagBAE", The EASIEST Challenge Ever. #7Days7Designs
"https://www.youtube.com/watch?v=t-sr6TKdfIM", I made an Illustration. USE IT! #7Days7Designs
"https://www.youtube.com/watch?v=dc_gABZzt_U", Can you Design & Prototype a Chat Sequence? #7Days7Designs
"https://www.youtube.com/watch?v=C9WSSN2f4u0", #7Days7Designs - Design & Prototype an Email Capture Form
"https://www.youtube.com/watch?v=ypD_oAwEPFU", Creating Design Systems & Style Guides with Catalog
"https://www.youtube.com/watch?v=erA1Q0jmO4A", Stop making your UI's boring - Rapid ReDesigns
"https://www.youtube.com/watch?v=xj-gEK6tEzE", Live UI/UX Design Reviews - The Negative Space
"https://www.youtube.com/watch?v=jqKF51U3IB4", Is it worth it to wireframe? UI/UX.
"https://www.youtube.com/watch?v=AOq6v-bmpYs", A "Broken Layout" to HTML & CSS - Full Process!
"https://www.youtube.com/watch?v=B7_W7LvIRU0", Watch me BREAK this layout - The BROKEN Layout Trend
"https://www.youtube.com/watch?v=tehnDpACl_k", My Top 5 Tips for Landing that Design/Developer Job in 2020
"https://www.youtube.com/watch?v=Nw16SLYYxcc", Improving the UX of your Project!
"https://www.youtube.com/watch?v=Ly6pm8UxZU4", The 2020 HTML & CSS Crash Course - From Mockup to Product
"https://www.youtube.com/watch?v=M8Gq_HPDXsU", SVG Text Path Animation is SWEET! NO LIBRARIES!
"https://www.youtube.com/watch?v=dYRD_6OLOvE", 17 UI/UX Design YouTube Channels You Should Follow
"https://www.youtube.com/watch?v=VxcOPuHhpp4", The UI Design Bootcamp - Become a UI Designer
"https://www.youtube.com/watch?v=iuxhmzEdH7g", What's the BEST element in your UI Design!? (LIVE UI/UX)
"https://www.youtube.com/watch?v=ZGXlWYspf-U", Using YellowImages to Announce my UI Design Bootcamp Release!
"https://www.youtube.com/watch?v=aMucZErEdZg", Creating Sick Page Transitions with Barba.js & GSAP
"https://www.youtube.com/watch?v=1KbBl3YNqRk", Judging your Figma CONTEST Entries LIVE (UI/UX)
"https://www.youtube.com/watch?v=t15BZZ1giGo", Figma + No Code + Rest API = NATIVE APP?! -- Bravo Studio
"https://www.youtube.com/watch?v=t-2Gdmx0t08", Figma UI Design Tutorial AND Contest!
"https://www.youtube.com/watch?v=NqYhCvOu7fY", What's the WORST element in your UI DESIGN? [LIVE]
"https://www.youtube.com/watch?v=qII5BueXWD4", The Magic of CSS Grid AUTO-FIT vs AUTO-FILL
"https://www.youtube.com/watch?v=1iD3T9L00_g", My 3 Takeaways after Launching a Real App
"https://www.youtube.com/watch?v=FvQv5bwkU1s", Live UI/UX Design Reviews - The Negative Space
"https://www.youtube.com/watch?v=4anIHp9INsU", Can you still DROP SHADOW like it's 2004?
"https://www.youtube.com/watch?v=yx-YHFZ4LPs", 6 Ways to KILL a Great UI Design
"https://www.youtube.com/watch?v=1D4FzPcEiN4", Your Mobile Navigations STINK! Better UX AWAITS!
"https://www.youtube.com/watch?v=LEEbe9Kp3xs", EASILY Create Onboarding Feature Tours with GuideChimp (Tutorial)
"https://www.youtube.com/watch?v=5tjr7g5WFqc", Redesigning my Personal Site from Scratch (LIVE)
"https://www.youtube.com/watch?v=is87ILGUQWU", Avoiding CSS Code Redundancy -- SASS Extend Tutorial
"https://www.youtube.com/watch?v=32C0Urc2CzI", CSS Sequence Animations - with NO JS?!
"https://www.youtube.com/watch?v=er1JEDuPbZQ", You Probably Need BEM CSS in Your Life (Tutorial)
"https://www.youtube.com/watch?v=tRpoI6vkqLs", The 2020 UI Design Fundamentals Crash Course (INTERACTIVE)
"https://www.youtube.com/watch?v=3J3T5NG_hm4", Live UI/UX Design Reviews - The Negative Space
"https://www.youtube.com/watch?v=61o7LHgisi8", EASILY Animate Complex SVG's with SVGator - Tutorial
"https://www.youtube.com/watch?v=mrmIcns3N-s", A LITTLE Changes a LOT in UI Design
"https://www.youtube.com/watch?v=1Wh-diWkG10", Watch me work on my Guitar App! + 500k SUBS INCOMING?
"https://www.youtube.com/watch?v=YNB-JD7iPoQ", STOP The CSS Grid Confusion - 2 Ways to GRID!
"https://www.youtube.com/watch?v=s9p3nF4rFaU", Bad at Picking COLORS? Let's fix that - RAPID Color Scheming
"https://www.youtube.com/watch?v=FIb_7DMxjNM", LIVE - Watch Me Work on My New Course!
"https://www.youtube.com/watch?v=46iQVS7WddE", Create a Custom SVG Checkbox (Animated AND Accessible!)
"https://www.youtube.com/watch?v=ab3Sy-HnUB0", The 2020 Logo Design (Mini) Crash Course
"https://www.youtube.com/watch?v=QA0XpGhiz5w", The 2020 Frontend Developer Crash Course for Absolute Beginners
"https://www.youtube.com/watch?v=bxm89gSRUOE", Your Layouts are BORING! Layout Design Tutorial
"https://www.youtube.com/watch?v=Boh_h81unwg", UI/UX LIVE Design Battles + Reviews
"https://www.youtube.com/watch?v=KlSLdEB3lzg", Could this be the BIGGEST UI Design Trend of 2020? #Neumorphism
"https://www.youtube.com/watch?v=NGpo8K-XlUk", UI/UX LIVE Redesigns - Submit your designs
"https://www.youtube.com/watch?v=k2eGQx20dr4", The DesignCourse DECADE in Review + Plans for 2020!
"https://www.youtube.com/watch?v=DG6C-GMeLiI", Become a CSS Shadow Master! Layered CSS Shadows Tutorial
"https://www.youtube.com/watch?v=n1j0Q3lbb4I", UI/UX LIVE Design Review - Submit your designs
"https://www.youtube.com/watch?v=2fJf2fs1lxw", UI Designer? Don't do this.. (UI/UX Workshop)
"https://www.youtube.com/watch?v=Bj88pcN5xuI", Hello World, Feat. JavaScript 0.1 (Official Music Video)
"https://www.youtube.com/watch?v=kfMn1SzXVAg", Adobe Photoshop CC 2020 Crash Course for Absolute Beginners
"https://www.youtube.com/watch?v=ciMsVVyv3Og", Finally Figure out the SVG ViewBox - Tutorial + ViewBox Tools
"https://www.youtube.com/watch?v=jP7szP9nUnI", UI/UX LIVE Design Review - Submit your designs
"https://www.youtube.com/watch?v=0-LGAjW6BUk", Animated Icon Design Crash Course - Illustrator & Lottie.js - FINAL
"https://www.youtube.com/watch?v=PU9r0HfZkaE", Animated Icon Design Crash Course - Illustrator & Lottie.js - 1/2
"https://www.youtube.com/watch?v=u9IUbFYHALo", Reviewing your LOGOS (And some UI/UX stuff too!)
"https://www.youtube.com/watch?v=UH8oHNvoqEg", ReDesigning Wikipedia Founder's New Social Network & More...
"https://www.youtube.com/watch?v=YqOhQWbouCE", GSAP 3.0 Crash Course - JavaScript Animation Library
"https://www.youtube.com/watch?v=dnkWk_4UWOw", Adobe XD Prototyping to GSAP 3.0 Tutorial - Part 1
"https://www.youtube.com/watch?v=W-A-q5lseCY", Adobe XD Advanced Prototyping of an Embedded Media Player
"https://www.youtube.com/watch?v=h4yYj_AaT14", Adobe XD's NEW Feature: Component States - Tutorial
"https://www.youtube.com/watch?v=lPGM-GgIqmo", 7 Tips for a Better Design Portfolio - WITH EXAMPLES
"https://www.youtube.com/watch?v=4LgN2ER4w7o", Mobile UI Design (The Negative Space)
"https://www.youtube.com/watch?v=NfYMErH-P5Q", Photography in UI Design can look GREAT - UI/UX Workshop
"https://www.youtube.com/watch?v=tbt9oGgYwFc", Awesome Masonry Layouts with Colcade.js **REUPLOAD**
"https://www.youtube.com/watch?v=V3variHNCP0", WOW Create a 3D Cube Swipe Effect with Swiper.js!
"https://www.youtube.com/watch?v=P4g9-hD5KcA", 80's Retrowave Art in HTML, CSS & SVG Tutorial + ANNOUNCEMENT!
"https://www.youtube.com/watch?v=_DnRVy9C04U", Creating Killer Design Portfolios from Scratch
"https://www.youtube.com/watch?v=NV0XA4Szacc", UI/UX Workshop #2 - Price Comparisons, Blog Design & More!
"https://www.youtube.com/watch?v=P5zGTEGPpu4", Parallax in HTML, CSS and JavaScript Tutorial - Let's make it happen!
"https://www.youtube.com/watch?v=qzzmX1Us3yM", The Negative Space - LIVE Design Reviews - Episode 20
"https://www.youtube.com/watch?v=RT5h-lLH0QA", Figma Parallax Effect - NEW Smart Animate Feature! ðŸ¤©
"https://www.youtube.com/watch?v=TgqeRTwZvIo", What is UI vs. UX Design? A Practical Example in Under 6 Minutes
"https://www.youtube.com/watch?v=F0cN6AgtUDM", UI/UX Workshop #1 - Cards, Information Architecture & More!
"https://www.youtube.com/watch?v=KImylrZJdhk", Is your website or app not accessible?
"https://www.youtube.com/watch?v=0hqhAIjE_8I", ARIA HTML Tutorial - What is ARIA & Why it's Important to Use!
"https://www.youtube.com/watch?v=T4qLTXGvJ7k", Create a Personal Blog with Nuxt.js & Headless CMS (Ghost) - 2 of 2
"https://www.youtube.com/watch?v=PE1rGl1HKr4", Create a Personal Blog with Nuxt.js & Headless CMS (Ghost) - 1 of 2
"https://www.youtube.com/watch?v=9UQEGqwAjyE", UI Design Contrast: 2 MUST NEED Tools & How to Use Them
"https://www.youtube.com/watch?v=CB2SWbjbm8o", The Negative Space - LIVE Design Reviews - Episode 19
"https://www.youtube.com/watch?v=B7UQS5My4D0", 13 Mistakes Beginner UI Designers Make
"https://www.youtube.com/watch?v=XYdDiZa_O3k", SVG Filters are Sick! Image Turbulence & Displacement Tutorial
"https://www.youtube.com/watch?v=6mTKlOGBYfM", Native Lazy Loading + A Fallback Solution ..in 60 seconds
"https://www.youtube.com/watch?v=syG7ljxqzNg", CSS Multi-Columns - Awesome Newspaper Style Layouts (NO Flexbox or Grid)
"https://www.youtube.com/watch?v=JLKzr83xZGo", Creating an Email List - MailChimp API Integration with Node.js
"https://www.youtube.com/watch?v=GTyMUjhA-o4", From Prototype UI Design to HTML, CSS & JS Tutorial
"https://www.youtube.com/watch?v=acdN4mxjoaE", How do you find the RIGHT layout? Hint: It's not one and done! (Tutorial)
"https://www.youtube.com/watch?v=36NdsLIs0Mw", The Negative Space - LIVE Design Reviews - Episode 18
"https://www.youtube.com/watch?v=mTwn1jqfpHc", Blender + UI Design?! Learning 3D for UI Designers (Tutorial)
"https://www.youtube.com/watch?v=MjB1Nyx6hns", Web Share API Tutorial - Native Sharing is Easy!
"https://www.youtube.com/watch?v=8IanQJWRYyE", Pro Design without Pro Software? Hello Crello.
"https://www.youtube.com/watch?v=4zzbNac6f6Q", Writing & Publishing your First NPM Package!
"https://www.youtube.com/watch?v=BZzBtzl6aq4", Svelte 3 Crash Course for TOTAL Beginners
"https://www.youtube.com/watch?v=_4DMgEFGBiU", The Negative Space - LIVE Design Reviews - Episode 17
"https://www.youtube.com/watch?v=kQAci8m0SpE", #FutureCSS - Creating a Custom CSS Houdini Paintlet!
"https://www.youtube.com/watch?v=DX7McYRGJ8o", UnCSS your CSS! Removing Unused CSS with PostCSS & Parcel
"https://www.youtube.com/watch?v=bXeeMuKI2YM", Is Bootstrap Still Worth It? -- 1 Design, 2 Code Bases.
"https://www.youtube.com/watch?v=7RPbpu0HvEs", The NEW Figma Plugins! Let's Create a UI Design
"https://www.youtube.com/watch?v=kVKuH5H7nuA", #FutureCSS - The AMAZING Prefers-Color-Scheme - Native Dark Mode
"https://www.youtube.com/watch?v=_5Bu3JY-ZHc", IntersectionObserver?! Scroll Activated Animations & More with No Dependencies
"https://www.youtube.com/watch?v=muE2B0Zylbw", Complex CSS Backgrounds with a Single Property!? #repeatinggradients
"https://www.youtube.com/watch?v=0Xg6r_MKGJ4", CSS Animation Optimization and Performance 101
"https://www.youtube.com/watch?v=ZU0wY6L1d7U", Making your CSS Custom Properties Dynamic!
"https://www.youtube.com/watch?v=9RlYsH2Hw9k", The Negative Space - LIVE Design Reviews - Episode 16
"https://www.youtube.com/watch?v=tPkZqXpibpA", Lazy Loading Images with Bounds.js - Less than 1KB!
"https://www.youtube.com/watch?v=_TLhUCjY9iA", Learn Angular 8 from Scratch for Beginners - Crash Course
"https://www.youtube.com/watch?v=F4kJXbaunUg", Awesome UI Interactions with the CSS Clip Path Property
"https://www.youtube.com/watch?v=IHw1RVmoDpk", Quickly Featuring your UI Design Animations with MokupFrames
"https://www.youtube.com/watch?v=y_MTsIQuNEo", New UI Design Trends - Vibrant Gradients & Colored Drop Shadows!
"https://www.youtube.com/watch?v=2pCA4UEs4SE", Creating JavaScript Animations with Scene.js (GSAP Alternative)
"https://www.youtube.com/watch?v=_pw3quyGomM", Should every Frontend Developer own this software? Checking out 'Sizzy'
"https://www.youtube.com/watch?v=17ESyT6dIck", The Negative Space - LIVE Design Reviews - Episode 15
"https://www.youtube.com/watch?v=I3DTw4dPHlM", An INSTANT Dark Mode Toggle Solution?! - DarkMode.js
"https://www.youtube.com/watch?v=sckbApgo4Fk", The New Windows Terminal ROCKS! Let's customize it!
"https://www.youtube.com/watch?v=S67X-sfW0IA", Webflow Crash Course - Responsive Web Design without Code?
"https://www.youtube.com/watch?v=IxpxQ62Im14", WordPress 5 Crash Course for Absolute Beginners
"https://www.youtube.com/watch?v=RSbZJYVQmPU", Pickr - An Awesome Color Picker for your next Project!
"https://www.youtube.com/watch?v=70dW3dmRHGQ", SHIRT Design Contest! Create a DesignCourse Merchandise T-Shirt!
"https://www.youtube.com/watch?v=1zedEAZ0r_c", Designer or Coder = Back Problems? Standing Desk Review & More
"https://www.youtube.com/watch?v=kX4oBdI2MB8", The Negative Space - LIVE Design Reviews - Episode 14
"https://www.youtube.com/watch?v=IeZSN6lWsWM", FullPage.js -- Create Modern, Scrolling Landing Pages Easily!
"https://www.youtube.com/watch?v=6ln_PFw_dYU", Create a Modern Web Design from Scratch - Full Process - Part 2 of 2
"https://www.youtube.com/watch?v=0yQxb0fCRGE", Create a Modern Web Design from Scratch - Full Process - Part 1 of 2
"https://www.youtube.com/watch?v=y-sqPKhMa8E", Create 5 AWESOME Text Effects with Blotter.js
"https://www.youtube.com/watch?v=9Yx6eVGXtrw", The Negative Space - LIVE Design Reviews - Episode 13
"https://www.youtube.com/watch?v=uCNgWcKrFfQ", Speed up your HTML workflow by 50%?! Emmet Tutorial
"https://www.youtube.com/watch?v=VnPCyUSJyCs", Making AWESOME Elastic SVG's from Scratch
"https://www.youtube.com/watch?v=FQnaWAZckHg", NEW Adobe XD Animation Possibilities with the Polygon Tool - Tutorial
"https://www.youtube.com/watch?v=9BKYYGQ446I", The 7 Best NEW Features in Adobe XD - And how to use them!
"https://www.youtube.com/watch?v=bam83Xv4VMA", Responsive CSS Grid with NO MEDIA QUERIES!
"https://www.youtube.com/watch?v=tYkTF4OsUxI", The Negative Space - LIVE Design Reviews - Episode 12
"https://www.youtube.com/watch?v=lc9PZxX6mIQ", VisBug Tutorial - Rapidly Improve Layouts in the Browser
"https://www.youtube.com/watch?v=x9_ULV1vjQE", SVG Clip Path Tutorial - Create Awesome UI Animations with Clip Path
"https://www.youtube.com/watch?v=THDZW96GQaI", Recreating Adobe XD Animations in the Browser with GSAP (Awesome!)
"https://www.youtube.com/watch?v=EXHO_Yu8G00", Creating Animated Sortable Lists with Vue.js & Sortable.js
"https://www.youtube.com/watch?v=C4ytTUu0RcQ", Uizard - A VERY Cool Tool for Rapid Prototyping Hand Drawn Sketches
"https://www.youtube.com/watch?v=UU9MYENSB0g", The Negative Space - LIVE Design Reviews - Episode 11
"https://www.youtube.com/watch?v=tg1qQASfVf0", Adobe XD Mobile App Design Tutorial & Animating UI's
"https://www.youtube.com/watch?v=-gipbcWCifc", Creating Custom 3D Objects for use with Three.js
"https://www.youtube.com/watch?v=8jRtWAOU2Iw", The Negative Space - LIVE Design Reviews - Episode 10
"https://www.youtube.com/watch?v=joB2BkFvgjM", Invision Studio Tutorial - It's out for Windows! Let's check it out
"https://www.youtube.com/watch?v=UWr-HAamc70", Perfecting Contrast in UI Design - Beginners, GET IN HERE NOW!
"https://www.youtube.com/watch?v=7g8blK5Ryog", The Negative Space - LIVE Design Reviews - Episode 9
"https://www.youtube.com/watch?v=bedVCq5Y-Jo", Vectary - A 3D Design Tool that UI Designers can Understand!
"https://www.youtube.com/watch?v=TVLURx2nFqw", Editor.js - An Awesome Next Gen Block Styled Content Editor!
"https://www.youtube.com/watch?v=ctRUgniLWNs", The Negative Space - LIVE Design Reviews - Episode 8
"https://www.youtube.com/watch?v=A1-pyF75Ro4", 9 FREE Illustration Resources for your Next Web Design Project
"https://www.youtube.com/watch?v=ZKXv_ZHQ654", Creating a Dark & Light Toggle Mode on your UI Designs
"https://www.youtube.com/watch?v=F9EKTKGE4-w", Truly Responsive FLUID Type? Welcome to Typetura.js
"https://www.youtube.com/watch?v=amw65MDzlC4", The Negative Space - LIVE Design Reviews - Episode 7
"https://www.youtube.com/watch?v=p4fEOi0-dbc", Building an Email List in 2019 - Getting Started
"https://www.youtube.com/watch?v=jaVy3SCibJw", Laxxx.js - An Awesome Scroll Animation Library that's Only 2KB!
"https://www.youtube.com/watch?v=d6FefbbP39I", Creating Seamless Patterns in Adobe Illustrator CC - For Websites & Other Projects
"https://www.youtube.com/watch?v=6r7v_Llq5x4", Creating Beautiful Adobe XD Parallax Effects from Scratch
"https://www.youtube.com/watch?v=hpi2Spa-z8o", Here's a Great Way to Get Better at Logo Design
"https://www.youtube.com/watch?v=8k165Y0qBN0", Web Design with NO CSS? TailwindCSS Crash Course
"https://www.youtube.com/watch?v=PyFpwVnotQw", The Negative Space - LIVE Design Reviews - Episode 6
"https://www.youtube.com/watch?v=XIf_Ip0TdEM", The State of Domain Names in 2019
"https://www.youtube.com/watch?v=6oFvqLfRnsU", Three.js Crash Course for Absolute Beginners - 3D in the Browser
"https://www.youtube.com/watch?v=ITmm2WJM7l0", Skeuomorphic App Launcher Icon - Live Project Follow Along
"https://www.youtube.com/watch?v=TzdEpgONurw", Webpack 4 Tutorial - Getting Started for Beginners
"https://www.youtube.com/watch?v=OTKnhVTeN4w", Awesome SVG Text Masking with Video - Tutorial
"https://www.youtube.com/watch?v=qPas_GZb6-0", The Negative Space - LIVE Design Reviews - Episode 5
"https://www.youtube.com/watch?v=OK6akGZCC88", The Parcel Bundler - A SUPER Easy JavaScript Bundler for your Projects
"https://www.youtube.com/watch?v=epRI930heds", PreloadJS - Preloading Content with Progress Bars
"https://www.youtube.com/watch?v=p4l1tB57SbM", The Negative Space - LIVE Design Reviews - Episode 4
"https://www.youtube.com/watch?v=Xm_EZAGGGdU", PWA's Made Easy with Ionic 4 / Angular - Tutorial
"https://www.youtube.com/watch?v=8Ilogu5J0TA", Is College Worth It for Web Development - MY ANSWER
"https://www.youtube.com/watch?v=au7066pUA9M", UI/UX Design Tutorial - Random App - Design On The Spot LIVE!
"https://www.youtube.com/watch?v=We2ijSkByw0", DiscordJS Tutorial - Create a Discord Bot from Scratch
"https://www.youtube.com/watch?v=qTdwUpQRptc", Ionic 4 Crash Course for Beginners - Build an App
"https://www.youtube.com/watch?v=vqv7qwtcMkU", The Negative Space - LIVE Design Reviews - Episode 3
"https://www.youtube.com/watch?v=foI604UVeG0", This SVG Turbulence Animation with Anime.js is AWESOME! Tutorial
"https://www.youtube.com/watch?v=WogfLKQHi1A", Slick UI Animations with Anime.js Tutorial (And Vanilla JS!)
"https://www.youtube.com/watch?v=oapd7UThlF8", The Negative Space - LIVE Design Reviews - Episode 2
"https://www.youtube.com/watch?v=aDinSKCE7EQ", THREE Graphic Design Trends to Avoid in 2019?
"https://www.youtube.com/watch?v=0KcAnU5awAs", Create an Expandable Search Bar from Scratch (Vanilla JS)
"https://www.youtube.com/watch?v=DYNDDYItCgE", Live UI Redesigns Follow-Along
"https://www.youtube.com/watch?v=rfpRZ2t_BrQ", Creating Custom Cursors - CSS Only, and JavaScript!
"https://www.youtube.com/watch?v=heRdSR2C8n0", Creating Web Fonts from Scratch & Using them on Mobile in 2019
"https://www.youtube.com/watch?v=uTOGffPxQ3M", The Negative Space - LIVE Design Reviews - Episode 1
"https://www.youtube.com/watch?v=8gNrZ4lAnAw", The 2019 Frontend Developer Crash Course - HTML & CSS Tutorial for Beginners
"https://www.youtube.com/watch?v=Ejbu4ZyCCrs", Responsive Web Design Tutorial in Adobe XD
"https://www.youtube.com/watch?v=rd9jloBv3A0", Awesome Icon Design in Adobe Illustrator CC 2019 - Follow Along Tutorial
"https://www.youtube.com/watch?v=NzKMk1gLHf4", 300k Subscriber Countdown!
"https://www.youtube.com/watch?v=_Hp_dI0DzY4", The 2019 UI Design Crash Course for Beginners
"https://www.youtube.com/watch?v=R1phvR6Zuas", 2019 Office Tour + My Process for Producing & Editing Videos
"https://www.youtube.com/watch?v=E3g6vIC_gYc", Live Design Review (WITH NEW RATING SYSTEM!) - Gary Reviews Your Design! #19
"https://www.youtube.com/watch?v=9kl30htP1iw", Becoming a Frontend Developer / Designer in 2019 - Five Step Guide
"https://www.youtube.com/watch?v=Dxm6EwvQIl8", Vanilla JavaScript Parallax with just a Few Lines of Code
"https://www.youtube.com/watch?v=ZTo_U_pPe8Q", Live Design Review - Gary Reviews Your Design! #18
"https://www.youtube.com/watch?v=15LZV8-WKok", Building a Scrolling Parallax Effect with Rellax and ScrollOut
"https://www.youtube.com/watch?v=vTjHiM3A4u4", LIVE - Gary Redesigns Your Logo! (How to Redesign a Logo)
"https://www.youtube.com/watch?v=qzpO2rBdNoQ", The Top 8 Chrome Extensions for Frontend Developers in 2019
"https://www.youtube.com/watch?v=tXUrW39YlPo", Creating a Modern Web Design Illustration using Adobe Illustrator CC 2019 (Tutorial)
"https://www.youtube.com/watch?v=pUgLQ3Lj51I", Project & Team Management on Steroids? Let's Get Organized
"https://www.youtube.com/watch?v=SJ4pU9VtxTo", Live Design Review - Gary Reviews Your Design! #17
"https://www.youtube.com/watch?v=qyunxbowKJo", A Look at Late 90's Amateur UI Design - "AOL Progs"
"https://www.youtube.com/watch?v=mWeYMyN5-oo", Creating Page Transition Animations EASILY with Swup
"https://www.youtube.com/watch?v=ZYs0_t_Gdhk", Understanding Visual Hierarchy in UI Design - Live Project Follow-Along
"https://www.youtube.com/watch?v=CTkVnaohIRA", Building an Awesome Landing Page Illustration with "Images 360" & Adobe XD
"https://www.youtube.com/watch?v=2Tm8ijJsuMc", Creating an Animated SVG Icon with Bodymovin
"https://www.youtube.com/watch?v=5oj7HAqhvZA", Live Design Review - Gary Reviews Your Design!
"https://www.youtube.com/watch?v=3TqMbjQmC3o", Morph Any SVG Into Another with the MorphSVGPlugin - UI Morph Example
"https://www.youtube.com/watch?v=S18Wh9IELo0", Creating Awesome UI's that Animate Only On Scroll
"https://www.youtube.com/watch?v=Elm9im3_uMQ", GSAP TimelineMax Tutorial - Take Control of your JavaScript Animation
"https://www.youtube.com/watch?v=eY4sXczY5AQ", Getting Started with GSAP TweenMax (Tutorial) - Animating a Landing Page
"https://www.youtube.com/watch?v=FT9e8EQi8ys", Creating Sliders and Carousels with Glider.js (Only 2.5kb gzipped!)
"https://www.youtube.com/watch?v=dc-ow4Lone4", Live Design Review - Gary Reviews Your Design!
"https://www.youtube.com/watch?v=GWNby7jGClA", Goodbye Notepad - This is how I manage my creative projects!
"https://www.youtube.com/watch?v=aWJgIETz-Kk", Use Rellax.js to Create this Awesome Parallax Scrolling Effect
"https://www.youtube.com/watch?v=hwxuJ1eqfxc", How to Create an Adobe XD Plugin from Scratch!
"https://www.youtube.com/watch?v=m2Zqxpli8C8", LOOKY: 35 Active Design Communities for UI - UX - Web Dev - Graphic Design
"https://www.youtube.com/watch?v=LKwXoaFwYFk", Using Anime.js to Create SVG Morphing Page Transitions with Vanilla JS!
"https://www.youtube.com/watch?v=m-MpXGFKomE", A 1kb Scroll Animation Library? Hello Scroll-Out
"https://www.youtube.com/watch?v=fwPWQWScGKw", Live Design Review - Gary Reviews Your Design!
"https://www.youtube.com/watch?v=4G9c5swUyOc", From Adobe XD Prototype to HTML, CSS & JS - Making an Animated Mega Menu
"https://www.youtube.com/watch?v=FcEyCwNmcfU", Getting your Web Design CONTRAST Perfect 100% of the Time
"https://www.youtube.com/watch?v=6UcPiTjB9-E", Angular Console - A Visual UI for Creating & Managing Angular Projects
"https://www.youtube.com/watch?v=-IwTQgKIjCQ", Angular 7 Google Maps Tutorial with IPAPI (Plotting a User's Location)
"https://www.youtube.com/watch?v=5wtnKulcquA", Learn Angular 7 in 50 Minutes - A Free Beginner's Crash Course
"https://www.youtube.com/watch?v=2-_oUWLL_80", Live Designer Portfolio Review
"https://www.youtube.com/watch?v=_C89fysipC8", Adobe XD Drag Tutorial - Create an Interactive Image Carousal
"https://www.youtube.com/watch?v=Sw576YvXDc0", Using Adobe XD Auto-Animate & Delay to Create Complex UI Animation Sequences
"https://www.youtube.com/watch?v=V4AqcglDEng", 5 Awesome New Adobe XD Features Just Released! (And how to use them!)
"https://www.youtube.com/watch?v=FemC7IS2BNU", Mobile Mockup Presentations Made Easy with Artboard Studio
"https://www.youtube.com/watch?v=FEprTIQeKVc", Creating Vibrant Illustrations for Web Design using Adobe XD
"https://www.youtube.com/watch?v=IkrbIFZz_IM", Learn NUXT 2 by Example - A Crash Course for Beginners
"https://www.youtube.com/watch?v=t7_oiKfekzQ", Live Designer Portfolio Review
"https://www.youtube.com/watch?v=Ha_ooKAWAJI", "As a developer how can I become a better designer?" ANSWERED!
"https://www.youtube.com/watch?v=AQMuUyL05k4", Creating Vue Slideshows with Eagle.js - A Hackable Slideshow Framework!
"https://www.youtube.com/watch?v=bwNGfJu-T2k", SMOOTH SCROLLING with Jump.js - 5kb!
"https://www.youtube.com/watch?v=6zGTxITQkN0", Super Lightweight Scroll Animations with Sal.js - 2.8kb!
"https://www.youtube.com/watch?v=PviGD9w5U6I", New Adobe XD Updates Demo - Responsive Design & Time Triggers
"https://www.youtube.com/watch?v=yibJDhrVlYk", How to Apply a Color Scheme Palette to a Project
"https://www.youtube.com/watch?v=rDQZquvuc4w", Live Designer Portfolio Review (11:30 AM ET)
"https://www.youtube.com/watch?v=RGtDqHK8XGo", The Top 6 Color Scheme Pickers and How to Use Them
"https://www.youtube.com/watch?v=4Xe4DUHka1o", AdonisJS 4.1 Crash Course for Beginners - Learn by Example
"https://www.youtube.com/watch?v=oqp2o49H7ww", I'm finally on Patreon. Design Challenges, Reviews, and much more await you ;)
"https://www.youtube.com/watch?v=0Og_kQUsxEw", Pure CSS Snap Scrolling with these New CSS Properties!
"https://www.youtube.com/watch?v=QmIT0Rtyfpw", Creating & Animating CSS Thumbnail Galleries
"https://www.youtube.com/watch?v=X8R78uEjJ4o", Live Designer Portfolio Review (11:30 AM ET)
"https://www.youtube.com/watch?v=qyjzxDQvoTw", Create a Web Design Business with Bookmark (AI Powered Design Software)
"https://www.youtube.com/watch?v=cSYfnfZRcjw", Creating CSS Title Reveal Animations
"https://www.youtube.com/watch?v=Onglr1_Kgls", The Hexo Static Site (Blog) Generator - Beginner's Crash Course
"https://www.youtube.com/watch?v=jHCGjxB7EYk", Figma Just Introduced Microinteractions! Let's check them out..
"https://www.youtube.com/watch?v=DVW40wXkwQw", Live Designer Portfolio Review (Sunday Edition)
"https://www.youtube.com/watch?v=-wKyI6-DMGs", Do you want to Become a Great Designer? Welcome Failure
"https://www.youtube.com/watch?v=ySrbvSf0xiA", Splitting JS Tutorial - Easily animate type, lists and images
"https://www.youtube.com/watch?v=NTyCpC7IrD8", Create a Custom Toggle Switch with Pure CSS from Scratch
"https://www.youtube.com/watch?v=pNLfm5vxFZc", Creating Custom Video Backgrounds from Scratch
"https://www.youtube.com/watch?v=ABNn58dwm-s", Live Designer Portfolio Review @ 10:30 AM ET
"https://www.youtube.com/watch?v=wc5krC28ynQ", What is a Design System? Design Systems 101 for Designers
"https://www.youtube.com/watch?v=mWRkaT5pjpw", What Domain Extension Should a Designer Get?
"https://www.youtube.com/watch?v=zeyvSIbNV7U", Let's Look at Trump's Space Force Logo Designs
"https://www.youtube.com/watch?v=5Kqyhu_eIcw", VuePress Tutorial - Learn how to use VuePress for a Documentation Site (Beginner)
"https://www.youtube.com/watch?v=xtzcFYI7dEM", Q&A Reveal from This Week + Live Portfolio Review @ 10:00 AM ET
"https://www.youtube.com/watch?v=JUjiZs3t8Yc", Creating Color Themes for Your Websites & Apps
"https://www.youtube.com/watch?v=rG2kGKZfKHM", Control Type Position with CSS Shape-Outside - Endless Possibilities!
"https://www.youtube.com/watch?v=3G4usXo9ChE", Designing a Logo for my next YouTube Channel
"https://www.youtube.com/watch?v=FcVImQ968AU", The Top 2018 Design Trends - The Good and the Bad
"https://www.youtube.com/watch?v=djL-7YdSa5s", Q&A Reveal from This Week + Live Portfolio Review @ 10:30 AM ET
"https://www.youtube.com/watch?v=-y5xYznyQ1A", The New Vue UI is Amazing for Creating & Managing your Projects! Let's check it out
"https://www.youtube.com/watch?v=roywYSEPSvc", Learn Sass in this Free Crash Course - Give your CSS Superpowers!
"https://www.youtube.com/watch?v=cBzU1zCSovQ", How to Make Super Effective Call to Actions in your UI Designs
"https://www.youtube.com/watch?v=74eaw_nM5tY", Quickly and Easily Create Custom Scrollbars that Look Awesome
"https://www.youtube.com/watch?v=GCE4vhS2dk0", Q&A Reveal from This Week + Live Portfolio Review @ 10:30 AM ET
"https://www.youtube.com/watch?v=4Bfdnz6sqm8", [LIVE] Design Follow-Along - Let's Design a Dark UI Dashboard
"https://www.youtube.com/watch?v=PL2DG9LJoVQ", Build a Simple PWA based on Basic JavaScript using Google's Workbox
"https://www.youtube.com/watch?v=othhfZ0mGjU", Build your First Angular PWA from Scratch (Angular 6 PWA Tutorial)
"https://www.youtube.com/watch?v=ZXx_U7SsZeg", The Future of Web Fonts looks Awesome - Variable Font Tutorial
"https://www.youtube.com/watch?v=LRyRXSEiKik", Q&A Reveal from This Week + Live Portfolio Review @ 10:30 AM ET
"https://www.youtube.com/watch?v=8PSSLDxCn_A", Mastering the Adobe XD Shape Building Tools (Pen tool, I'm looking at you)
"https://www.youtube.com/watch?v=Ea2lWsumTrM", Build a Native Desktop App with Electron (YouTube Stats App)
"https://www.youtube.com/watch?v=_Y8EgGjcRZM", Artboard Studio Early Adopter Preview - Powerful Product Presentations
"https://www.youtube.com/watch?v=jt2mca5H6Wk", Q&A Reveal from This Week + Live Portfolio Review @ 10:30 AM ET
"https://www.youtube.com/watch?v=N-6LtzJezsk", Deploy your Angular App to a Serverless Environment (AWS)
"https://www.youtube.com/watch?v=OXEiLklEviA", Making Money Online in 2018 as a Designer or Coder
"https://www.youtube.com/watch?v=qTGbWfEEnKI", Easily Structure your Layout with CSS Grid's 'grid-template-areas'
"https://www.youtube.com/watch?v=oSAi10QQyoI", Creating Step by Step Feature Introductions with Shepherd.js
"https://www.youtube.com/watch?v=5q7TzRxwe4s", Q&A Reveal from This Week + Live Portfolio Review @ 10:30 AM ET
"https://www.youtube.com/watch?v=HiegEfkenXA", Create an Awesome Scroll-based HTML5 Video Explainer
"https://www.youtube.com/watch?v=msOHdG1eh_I", Create an Animated CSS Illustration with just 5 Lines of HTML
"https://www.youtube.com/watch?v=HKuDR0fYtCY", An HTML & CSS Tutorial for 2018 - Part 2 of 2
"https://www.youtube.com/watch?v=alswD2tCc_Q", A Beginner's Web Design Tutorial for 2018 - Part 1 of 2
"https://www.youtube.com/watch?v=Ef5FHUpqJL8", [Live] Q&A Reveal from This Week + Live Portfolio Review
"https://www.youtube.com/watch?v=En8IjZbeKws", Color Fonts - How to make your own in Adobe Illustrator
"https://www.youtube.com/watch?v=h8tInajwIHo", Wow.. You can Export Adobe After Effects Animations as SVG! Here's how.
"https://www.youtube.com/watch?v=-IKGFG8rkBA", New Videos Weekly @ 11:30 AM EST (Channel Trailer)
"https://www.youtube.com/watch?v=u8p21XaSzpo", Pure CSS Sticky Storytelling with 1 Property??
"https://www.youtube.com/watch?v=Ca3ZkTV4RdM", Design & Animate SVG Illustrations for Web Design
"https://www.youtube.com/watch?v=olE86OdKYQs", One CSS Trick You Didn't Know About! +200k Subscribers Today!
"https://www.youtube.com/watch?v=3g2W25x0t-k", Adobe XD's 2 New Awesome Features! Fixed Elements & Overlays Tutorial
"https://www.youtube.com/watch?v=VTtNBpSidNw", Animating CSS Perspectives for UI Design
"https://www.youtube.com/watch?v=Fcr-gM-QThc", Getting Started with Angular 6 Material (Tutorial)
"https://www.youtube.com/watch?v=M9YVFgiSdyQ", My #1 Tip for Becoming a Better Designer
"https://www.youtube.com/watch?v=eh5-7EAUdZ8", Trying out Adobe Dreamweaver for the First Time in 13 Years!
"https://www.youtube.com/watch?v=ZV8PT2Xh04I", Create an Isometric Illustration for Web Design in Illustrator CC
"https://www.youtube.com/watch?v=gD--c1-2Fv0", SVG Icons Tutorial - A Look at Vivid.js
"https://www.youtube.com/watch?v=H598jXvQhLw", Create CSS Animations Easily with this Chrome Extension
"https://www.youtube.com/watch?v=ZSEmthIpWi0", Creating Adobe Photoshop Templates for Mockups (Full Process!)
"https://www.youtube.com/watch?v=hxG9nuvnh-A", Setting up Angular 6 SEO in a Few Seconds? I'll show you how
"https://www.youtube.com/watch?v=z4JUm0Bq9AM", Learn Angular 6 in 60 Minutes - Free Beginners Crash Course
"https://www.youtube.com/watch?v=yHWGX4ps25E", Animated Mockups in Photoshop? Who knew?
"https://www.youtube.com/watch?v=2AfYAlivbWI", Need a simple video editor? Sometimes less is more..
"https://www.youtube.com/watch?v=RIBdrNzbAVE", UI Design & Animate a Smart Watch App with Adobe XD & After Effects
"https://www.youtube.com/watch?v=wYMLh1LTFVY", [Live] UI/UX Design in Adobe XD - Movie Ticket Purchasing Flow
"https://www.youtube.com/watch?v=FBoIxe89ViI", Adobe XD is Free! + An 8 Day Design Challenge Starting Tomorrow
"https://www.youtube.com/watch?v=hfud0M9k22o", Animating SVG's for Web Design with SVGator Tutorial
"https://www.youtube.com/watch?v=XbEqfYr9pIo", CSSGR.ID - An Easy, Interactive Way to Learn the CSS Grid
"https://www.youtube.com/watch?v=2wr1iixy20I", Anime.js Tutorial - Morphing SVG's in Web Design
"https://www.youtube.com/watch?v=P35hQOsW0xU", Animating SVG Icons? UI Animations with ShapeShifter! (Tutorial)
"https://www.youtube.com/watch?v=3q3FV65ZrUs", Figma Tutorial - A Free UI Design/Prototyping Tool. It's awesome.
"https://www.youtube.com/watch?v=OjIxscGV-Qg", Creative SVG Backgrounds for Modern Web Design
"https://www.youtube.com/watch?v=-r_R12vpnas", Gravit Designer Tutorial - A Free, Feature Packed, Multi-OS Design Tool
"https://www.youtube.com/watch?v=HI21vsLscic", A Sketch for Windows? Maybe.. Meet Lunacy
"https://www.youtube.com/watch?v=SfiO3bDUK7Q", Angular NGXS Tutorial - An Alternative to Ngrx for State Management
"https://www.youtube.com/watch?v=lew0l-t5GqE", [Live] Designing an "Infographic" on the fly? Late night design
"https://www.youtube.com/watch?v=cYsjG8iygVo", [Live] Experimenting with UI Stuff
"https://www.youtube.com/watch?v=9P5DTlg9oLc", Ngrx Store Tutorial for Angular - Learn State Management for Angular
"https://www.youtube.com/watch?v=gwcJKHNDpDs", Pros are using MSPaint for UI Design in 2018. Here's Why...
"https://www.youtube.com/watch?v=PhggNGsSQyg", Learn RxJS in 60 Minutes for Beginners - Free Crash Course
"https://www.youtube.com/watch?v=9wtS1J-uwDA", Creating a Clever 404 Page - Adobe Illustrator / XD Tutorial
"https://www.youtube.com/watch?v=K0FtBk7sGzA", Quicky: How I Made that Wallpaper with Photoshop CC 3D Text
"https://www.youtube.com/watch?v=0rz7ieXhXmU", The Process of Font Design - Timelapse Video (Free Font Included)
"https://www.youtube.com/watch?v=tYKsALqR-pk", How to Make a Font - Font Design Full Process
"https://www.youtube.com/watch?v=ZSexhaiMKJE", Learn Vuex by Example - Handling Vue State Management
"https://www.youtube.com/watch?v=109-yQw2zWw", New Course: Using Vue 2 to Create Beautiful SEO-Ready Websites
"https://www.youtube.com/watch?v=pxUCPbaZRQY", Using CSS Cubic-Bezier Animations for Page Transitions
"https://www.youtube.com/watch?v=GZTZTZ69bqY", CSS Variables without Sass? Learn how to use CSS Variables (Tutorial)
"https://www.youtube.com/watch?v=0aG2hhvS1sM", Vue Router Animations Tutorial - Creating Transitions Between Pages
"https://www.youtube.com/watch?v=pwHdFPEX4NA", Vue SEO Tutorial with Prerendering
"https://www.youtube.com/watch?v=78tNYZUS-ps", The Vue Tutorial for 2018 - Learn Vue 2 in 65 Minutes
"https://www.youtube.com/watch?v=NTMWmmq7A6Y", How to Design a Business Card in 2018
"https://www.youtube.com/watch?v=8m0qhT2rxEY", 2 Dribbble Invites - Submit your work in the comments and I might draft you!
"https://www.youtube.com/watch?v=m68xvSiuijE", MdBootstrap Tutorial - Integrating Material Design, Bootstrap 4 & Angular 5
"https://www.youtube.com/watch?v=jbjVUgCrXsE", Using PostCSS to Power your CSS - Tutorial
"https://www.youtube.com/watch?v=nui7-95wuZ4", ProtoPie ProtoTyping - I've never tried this software before, let's try it out
"https://www.youtube.com/watch?v=hnCmSXCZEpU", Bootstrap 4 in 2018 - Free Crash Course of 4.0.0
"https://www.youtube.com/watch?v=20wCJ56whxo", The Ultimate CSS Grid Positioning Tutorial
"https://www.youtube.com/watch?v=EKmxtMexL8E", Landing Page Tutorial for 2018 - Part 2 of 2 (Code)
"https://www.youtube.com/watch?v=cKFy0SFZBdM", Landing Page Tutorial for 2018 - Part 1 of 2 (Design)
"https://www.youtube.com/watch?v=nVnQN-wTeks", FLAT vs. Depth for Web Design in 2018? A Quick Tutorial
"https://www.youtube.com/watch?v=CZAXucMryxU", JavaScript Animation Tutorial - Animating a UI with the Popmotion Library
"https://www.youtube.com/watch?v=-RTgPdGIZOw", My site traffic grew by nearly 1,000%. Here's How - 2017 Review
"https://www.youtube.com/watch?v=RTzi5DS7On4", Integrating Chart.js with Angular 5 with Data from an API
"https://www.youtube.com/watch?v=1reiWRYb2bU", Let's merge Angular 5 with Electron! Muwahaha!
"https://www.youtube.com/watch?v=eFCFM4USrfI", Design a Word Logo - Wordmark Tutorial of a Personal Project
"https://www.youtube.com/watch?v=Z5YxY8XmnJA", THIS WEEK - Angular/Electron. And why you need to start your own biz, ASAP!
"https://www.youtube.com/watch?v=2RxHQoiDctI", Learn Electron in Less than 60 Minutes - Free Beginner's Course
"https://www.youtube.com/watch?v=1T9BvwcaNKI", Force yourself to HODL with this Ethereum Smart Contract!
"https://www.youtube.com/watch?v=Mp9Jg7NX2Vo", THIS WEEK - Electron Desktop Apps, and what is SmashingMag thinking??
"https://www.youtube.com/watch?v=ZwQZrgXERvM", You have 48 hours to level up your skills!
"https://www.youtube.com/watch?v=CW7kvEJlNys", Ionic App Theme Tutorial - Customize your app the right way!
"https://www.youtube.com/watch?v=VzX1R_q5_Mk", Here's a Super Fast Way to create Mobile App Mockups
"https://www.youtube.com/watch?v=x8uR3gqU0Bg", Download my Custom Theme for my Console Emulator (CMDer for Windows)
"https://www.youtube.com/watch?v=f-kUmbmBVLo", Switching out Themes in your Angular Material App
"https://www.youtube.com/watch?v=kHbMm7psBag", Customizing Angular 5 Material Themes
"https://www.youtube.com/watch?v=ql5mc7XsKsI", Design Awesome UI's with Adobe Experience Design CC 2018 [Course Trailer]
"https://www.youtube.com/watch?v=iWsjJU45nDU", Creating Sleek UI Animations in Adobe After Effects CC 2018
"https://www.youtube.com/watch?v=4TSkHQ6aZ2g", LOL! I found my old design work from 1999+
"https://www.youtube.com/watch?v=IKGI5tiCk7U", Adobe XD CC - CUSTOM UI Design Tutorial
"https://www.youtube.com/watch?v=2osMpXOe5fA", How to Build an Angular 5 Material App
"https://www.youtube.com/watch?v=UyoXKGQrmtY", How to Design a Logo - Full Identity Design Course
"https://www.youtube.com/watch?v=oa9cnWTpqP8", Learn Angular 5 in less than 60 Minutes - Free Beginner's Course
"https://www.youtube.com/watch?v=KU6bvciWgRE", Developing Ethereum Smart Contracts for Beginners (Trailer)
"https://www.youtube.com/watch?v=d_0LYO7EByk", 08. Finishing the Smart Contract and Using it on Ropsten
"https://www.youtube.com/watch?v=qdDcXLxbxK0", 07. Solidity Inheritance Tutorial & Deploying the Contract
"https://www.youtube.com/watch?v=gfXewa4xmYE", 06. Solidity Mappings & Structs Tutorial
"https://www.youtube.com/watch?v=U-5FHKq7weo", 05. Solidity Function Modifiers - Controlling Smart Contract Functions
"https://www.youtube.com/watch?v=L5Au5DY8eL4", 04. Capturing Smart Contract Events in our User Interface (Solidity)
"https://www.youtube.com/watch?v=hcTPjpPvas8", 03. Web3.js Tutorial - Attach a GUI to your Ethereum Smart Contract
"https://www.youtube.com/watch?v=QdG9xsOolJ4", 02. Solidity Variables and Types (Smart Contract Tutorial)
"https://www.youtube.com/watch?v=a9_HPYlhCug", 01. Smart Contracts and Decentralized Apps 101
"https://www.youtube.com/watch?v=0Nah3foeyCM", Cloud Firestore Tutorial using Angular (AngularFire5)
"https://www.youtube.com/watch?v=xXKp3b1YL-U", A Beginner's Tutorial to the CSS Grid (By Example!)
"https://www.youtube.com/watch?v=gs5IZG-K02Q", Build a Beautiful CryptoCurrency App using Ionic 3 [Trailer]
"https://www.youtube.com/watch?v=4q6Y9L3YYno", crypto + ionic + tomorrow = new course
"https://www.youtube.com/watch?v=U3INaC0leXg", Angular CryptoCurrency Tutorial - Display Exchange Data with an API
"https://www.youtube.com/watch?v=18DkUJ669kc", React CryptoCurrency Tutorial - Display Exchange Data with an API
"https://www.youtube.com/watch?v=S0Zznlv1qnI", Vue.js CryptoCurrency Tutorial - Display Exchange Data with an API
"https://www.youtube.com/watch?v=KN4y8f9gnxA", Live Browser Reloading with Gulp.js
"https://www.youtube.com/watch?v=JhZRacRP-Gs", Designing a Cryptocurrency Logo
"https://www.youtube.com/watch?v=kDumlq8bL7Y", Using CSS Flexbox for Vertical Positioning & Alignment
"https://www.youtube.com/watch?v=Tw-rskOmcMM", Setting up a MEAN4+ App (MongoDB, Express.js, Nodejs, Angular)
"https://www.youtube.com/watch?v=-_1iG0ryuC4", [Live] Design Challenge 8 Criqitue
"https://www.youtube.com/watch?v=0pZCuvyDjQc", Using Ionic Native's Speech Recognition Plugin
"https://www.youtube.com/watch?v=F7Q_eZ2KFRA", Creating Screenshots with the Ionic Cordova Screenshot Plugin
"https://www.youtube.com/watch?v=sv5-MimA1og", Design Challenge 8 - Cryptocurrency Logo Design (symbol only)
"https://www.youtube.com/watch?v=LvNKDhfZp6k", [Live] Design Challenge 7 Critique
"https://www.youtube.com/watch?v=fkmS9Pq7Sww", Quickly Create an Angular 2+ Carousel
"https://www.youtube.com/watch?v=RReatfL21v0", Here's a look at that UpcomingGames app you'll learn to build [play store too]
"https://www.youtube.com/watch?v=h-bUT5BMQrI", Angular Stagger Animations Tutorial (4.2+)
"https://www.youtube.com/watch?v=ezBjSTukmnE", [New Course] Create a Full Upcoming Games App with Ionic 3
"https://www.youtube.com/watch?v=azrrr5mcMxs", [sort of secretive trailer promo thingy -- material design, ionic, etc..]
"https://www.youtube.com/watch?v=cz5L4VbF3Sw", Design Challenges are Open to All - Design an App Onboarding Screen
"https://www.youtube.com/watch?v=1oqlmtnbBuk", Create an Animated App Onboard with Ionic 3 & Angular 4
"https://www.youtube.com/watch?v=UknF-C_wfFg", Learn Bootstrap 4 by Example [Course Trailer]
"https://www.youtube.com/watch?v=-pT7BazgYOU", Bootstrap 4 by Example - Using the Grid & Setting up a Form
"https://www.youtube.com/watch?v=MDSkqQft92o", Bootstrap 4 by Example - Customizing Sass Variables & Navbar Integration
"https://www.youtube.com/watch?v=UAHfAbc8JkY", Bootstrap 4 by Example - Installation & Dev. Environment
"https://www.youtube.com/watch?v=f1uPgRd7a70", React vs Angular vs Vue by Example [Course Trailer -- It's finished!]
"https://www.youtube.com/watch?v=YchGoLdRpcU", Build an Angular App [React vs Angular vs Vue by Example]
"https://www.youtube.com/watch?v=h-UHT26LnQc", React Tutorial 2017 [React vs Angular vs Vue by Example]
"https://www.youtube.com/watch?v=xoweBtcTreM", May Site Report - Nearing 100k users monthly
"https://www.youtube.com/watch?v=iV335CxgS-o", Vue.js 2 Tutorial for 2017 [React vs Angular vs Vue by Example]
"https://www.youtube.com/watch?v=lWXHR7C8yBs", Adobe XD App Design [React vs Angular vs Vue by Example]
"https://www.youtube.com/watch?v=-zbqyeDwz7A", Angular vs React vs Vue.js -- A free new course you say? Uh huh
"https://www.youtube.com/watch?v=lncsmB5yfzE", Angular 4 SEO Tutorial (Universal + Angular CLI)
"https://www.youtube.com/watch?v=UnKsoCeTdEI", Angular 4 Material Tutorial
"https://www.youtube.com/watch?v=2ql-TM3W41Q", Designing a Web App in Adobe XD
"https://www.youtube.com/watch?v=bo1Wu0aiigU", Angular Reactive Forms Tutorial (Angular 4)
"https://www.youtube.com/watch?v=Kcbv0PzoF4A", Create a Web App with the MEAN Stack - Full Stack Course
"https://www.youtube.com/watch?v=HSMR0ELCrz0", My Free Angular 4 Course is Finished (Trailer)
"https://www.youtube.com/watch?v=nxV3weqMzYo", Deploying an Angular 4 App
"https://www.youtube.com/watch?v=Lx4_bEykDIA", Angular 4 Animations
"https://www.youtube.com/watch?v=g6xEZgzmpHo", Design Challenges are Back (Join up!) & Other Big News
"https://www.youtube.com/watch?v=daxeYiv5FHk", Angular 4 Services Tutorial
"https://www.youtube.com/watch?v=1kxciR-_H64", Angular 4 Style Binding
"https://www.youtube.com/watch?v=EIYvEp4G-9o", Angular 4 Class Binding
"https://www.youtube.com/watch?v=LW-yE8IALq0", Defining Stylesheets in Angular 4
"https://www.youtube.com/watch?v=9shN2s_n5oA", Angular 4 Event Binding
"https://www.youtube.com/watch?v=PKfKW5RW6k0", Angular 4 Property Binding
"https://www.youtube.com/watch?v=dJ4PwKpY5Dg", The List of Reasons Why Fiverr is Great for Logo Design
"https://www.youtube.com/watch?v=_IVQqT_-VR8", March Site Report (More growth, Love Google)
"https://www.youtube.com/watch?v=m5k3z94rixA", Templating Basics in Angular 4
"https://www.youtube.com/watch?v=giKeNoAWpOA", Angular 4 Components
"https://www.youtube.com/watch?v=g13I7Xy1PtI", How to Install Angular 4
"https://www.youtube.com/watch?v=DH7yrSKKzIQ", A Simple Angular 4 Firebase Tutorial
"https://www.youtube.com/watch?v=NmMQgzkuZUM", "Angular 4 Fundamentals" will be a thing, very shortly..
"https://www.youtube.com/watch?v=wGpxibwhDkk", A Look at Angular 4 If, Else and Then Conditionals
"https://www.youtube.com/watch?v=_DdqcjmHOHQ", Make an Animated Ionic Splash Screen via HTML/CSS
"https://www.youtube.com/watch?v=mzntAchyROI", February Site Report - 91% Google Traffic Increase
"https://www.youtube.com/watch?v=XiXk9um4or8", Adobe XD Scroll & Blur Tutorial (New Updates to XD)
"https://www.youtube.com/watch?v=s8MKxv5uolw", Chat with me bros. New Slack Channel for Coursetro!
"https://www.youtube.com/watch?v=mrUiL_xMHYA", Trolling My Kids with a Broken Phone App I Made
"https://www.youtube.com/watch?v=7xZUpNJwXTY", Previewing your XD Prototypes on a Phone (Windows users)
"https://www.youtube.com/watch?v=vj2_lP9cseE", How to use the New Adobe XD UI Kits
"https://www.youtube.com/watch?v=ETaSqydWgFo", I'm building up my site traffic, learn how I did it [January report]
"https://www.youtube.com/watch?v=GNb8_433iXE", I felt nostalgic, so I made an oldschool AIM mobile app
"https://www.youtube.com/watch?v=X77SvygGTkU", How to Make an Ionic 2 App (WifeAlert, ha!)
"https://www.youtube.com/watch?v=Loz1yAkvLrY", Installing & Using Ionic Native Plugins
"https://www.youtube.com/watch?v=zCkd9cTDdZA", Understanding Ionic 2 Components
"https://www.youtube.com/watch?v=BDDUpP5SUA8", [New Free Course!] Getting Started with Ionic 2 - Installation & Setup
"https://www.youtube.com/watch?v=O_jxEC0hWcA", Build a Full Angular Authentication System with Firebase (Tutorial)
"https://www.youtube.com/watch?v=I81A6-LAVyo", Catch this sneak peek of an upcoming tut (Ang. Authentication with Snazzy Animation)
"https://www.youtube.com/watch?v=jFqFo_OmMYg", A little part of me dies every time I see this commercial...
"https://www.youtube.com/watch?v=gOSdZJ7gpOc", Build an App using Angular Material (Tutorial)
"https://www.youtube.com/watch?v=3qmOFLBhfD8", How to Make an Angular Firebase Chat App (Tutorial)
"https://www.youtube.com/watch?v=Z3mcPX7NkFw", A New Years Resolution: Business and Babies, wtf?
"https://www.youtube.com/watch?v=_B7qQN-rB3U", Build a Portfolio Site in Angular 2 with the Behance API
"https://www.youtube.com/watch?v=pMr29NGe8_8", Adobe XD Web Design Tutorial
"https://www.youtube.com/watch?v=qIm0cR0D2Rg", Adobe XD Windows Beta Releases (quicky tutorial)
"https://www.youtube.com/watch?v=EDvnnifS858", Trolling My Kids with Google Home
"https://www.youtube.com/watch?v=pwbEahnmTps", My new project: ControlF.io - Search through 12,000+ Tech Courses
"https://www.youtube.com/watch?v=HThZrWfxxHQ", Design Challenge 5 - Design a Logo for a Child's Youtube Channel
"https://www.youtube.com/watch?v=-pFEzm_Jn-o", Angular 2 Animations Tutorial
"https://www.youtube.com/watch?v=3v0ECXwAqFU", Angular 2 Class & Style Binding Tutorial
"https://www.youtube.com/watch?v=BUleV8-w5PU", Angular 2 Property & Event Binding Tutorial
"https://www.youtube.com/watch?v=h5tB_kvuQO8", Understanding Angular 2 Services - Tutorial
"https://www.youtube.com/watch?v=Uvj_7ZMrHmg", Angular 2 Routing & Navigation Basics
"https://www.youtube.com/watch?v=1IU8KcprEL0", Angular 2 Templating Basics & Integrating CSS Frameworks
"https://www.youtube.com/watch?v=H3-Y47Pt0VU", Understanding Angular 2 Components
"https://www.youtube.com/watch?v=_X0pS5RjKsI", How to Install Angular 2 with the Angular-cli
"https://www.youtube.com/watch?v=fR_LWWtZJlQ", How to Install Angular 2 - Cloning Quickstart with Git
"https://www.youtube.com/watch?v=bV3gsE3nhPg", How to Install Angular 2 Manually
"https://www.youtube.com/watch?v=sety-8KHsg4", Design Challenge 4 - Choosing the Winner
"https://www.youtube.com/watch?v=Zv9KEGPEx0c", Design Challenge 4 - Design a Business Card for a Freelance Designer
"https://www.youtube.com/watch?v=CkwXTiRpwh8", How to Make a Business Card Template in Photoshop
"https://www.youtube.com/watch?v=jm0uBsv3J2E", New Course! Digital Asset Designer - Creating and Selling Mockups
"https://www.youtube.com/watch?v=uO5eJofkE3M", Introducing the Digital Asset Designer Series
"https://www.youtube.com/watch?v=AEHBjRCU_Tw", Design Challenge 3 - Choosing the Winner
"https://www.youtube.com/watch?v=dw-7mT_x9PI", Design Challenge - Harambe Needs You! Design a Gorilla Mascot Logo
"https://www.youtube.com/watch?v=2P4vo-ZYSp4", Design Challenge 2 - Quick review and Winning entry
"https://www.youtube.com/watch?v=6Hfc9001ONo", Design Challenge - Design an App Login Screen for an Anarchist Dating Service
"https://www.youtube.com/watch?v=FOTteU8SAQM", [Live] Picking the Winner of 1st Design Challenge
"https://www.youtube.com/watch?v=t4Lfo1Qtkdk", [Live] Watch as I review design challenge entries
"https://www.youtube.com/watch?v=cJT9TsMT13c", Design Challenges are Back! Join in on Challenge #1 - Logo Design
"https://www.youtube.com/watch?v=PNktFXaHVKQ", Wallpaper Design Tutorial using Photoshop CC - For Steemit!
"https://www.youtube.com/watch?v=Qaf7peb6ICQ", Something is coming back, and with a vengeance..
"https://www.youtube.com/watch?v=BKYNWOZkRJk", Announcing the Launch of Coursetro.com
"https://www.youtube.com/watch?v=lOxXCyELK3U", Become an App Superstar for a Sick Price
"https://www.youtube.com/watch?v=p0K2gHUterU", How to Design an Animal / Mascot Logo
"https://www.youtube.com/watch?v=7g6QvOpDlB4", Take our 16 hour Android App Design + Code Course Now!
"https://www.youtube.com/watch?v=5aMJjLkJAAc", android app dev+design course :: teaser
"https://www.youtube.com/watch?v=BKIVY8zJoEw", App Prototype Tutorial in Pixate (2 of 2)
"https://www.youtube.com/watch?v=zGcs9Giurp4", App Prototype Tutorial in Pixate (1 of 2)
"https://www.youtube.com/watch?v=Vv4cFVxwY6E", Designers for Paris
"https://www.youtube.com/watch?v=u6YtHLjm9i8", Logo Design: Mastering the Wordmark
"https://www.youtube.com/watch?v=1mcJPxzOo5M", I'm back and ready to kick some ass.
"https://www.youtube.com/watch?v=qUw5UvQULg4", Hey Subscribers! I need your input
"https://www.youtube.com/watch?v=bgJjeIDkvEY", Photoshop variables with Ditto
"https://www.youtube.com/watch?v=xfcGL09uQGI", Design Challenge 30 - The Review
"https://www.youtube.com/watch?v=AJS4yi-1qFA", Design Challenge 30 - Portfolio / Site Review
"https://www.youtube.com/watch?v=oPLTGsH8LCw", Design Challenge 29 - The Review
"https://www.youtube.com/watch?v=Zm5Ew7VS9_o", Design Challenge 29 - Random noun logo design challenge
"https://www.youtube.com/watch?v=_y0kbNTsHVI", Check out my free app course at DesignCoder.io
"https://www.youtube.com/watch?v=7YKfEG1HhvI", Design Challenge 28 - Review
"https://www.youtube.com/watch?v=91Ec7R6kJB8", Design Challenge 28 - Design a Clever T-Shirt + Competition!
"https://www.youtube.com/watch?v=TsjVx7tlU7s", Design Challenge 27 - Review
"https://www.youtube.com/watch?v=pvWkyyHxlQU", Multiple instances of layer styles - Adobe Photoshop CC 2015
"https://www.youtube.com/watch?v=xeTSjATn8jE", Adobe Preview CC Tutorial - Adobe Photoshop CC 2015
"https://www.youtube.com/watch?v=uhU9QCE5fnE", New export options - Adobe Photoshop CC 2015
"https://www.youtube.com/watch?v=ptK9ukLXqiI", Adobe Stock Tutorial - Photoshop CC 2015
"https://www.youtube.com/watch?v=pAPRGVV9mXg", Adobe Artboards Tutorial - Photoshop CC 2015
"https://www.youtube.com/watch?v=ZIgXPdqP8Lk", Design Challenge 27 - Landing page mockup design
"https://www.youtube.com/watch?v=mQGfwNZTNIs", Design Challenge 26 - Review
"https://www.youtube.com/watch?v=1o3EtFCBmiY", Do you even Kern bro? Share your kerning skills
"https://www.youtube.com/watch?v=Hd96R0lj2xU", Design Challenge 26 - IOS App Icon Design
"https://www.youtube.com/watch?v=HZLEW0lz3N4", Design Challenge 25 - The Review
"https://www.youtube.com/watch?v=0YgfAh9AkHo", Design Challenge 25 - Hand Lettering and Giveaway
"https://www.youtube.com/watch?v=weJLEqMIyyM", Design Challenge 24 - REVIEW!
"https://www.youtube.com/watch?v=-k-juluA5B0", Design Challenge 24 - Logo Design for a Beer Company
"https://www.youtube.com/watch?v=Hx36HaR6Ugw", Design Challenge 23 - Review
"https://www.youtube.com/watch?v=jYOwOUTPWb8", Free Youtube Channel Art Photoshop Template
"https://www.youtube.com/watch?v=2kIRFeMIz-8", Design Challenge 23 - Random Noun Monogram Logo Challenge
"https://www.youtube.com/watch?v=gEDgHRgt-bM", Design Challenge 22 - Review
"https://www.youtube.com/watch?v=uvn7iq2yl20", Design Challenge 22 - Create a Snail Logo using Circular Grid Construction
"https://www.youtube.com/watch?v=ou8CrcZiAW8", Design Challenge 21 - Review
"https://www.youtube.com/watch?v=J1YGGDMg2EE", Illustration Tutorial using a Tablet - "Love is Blind"
"https://www.youtube.com/watch?v=tq3mMRXeRAc", Design Challenge 21 - Wordmark Logo Design for PureCig
"https://www.youtube.com/watch?v=Gf2LZBof-NI", Drawing Calligraphy in Adobe Illustrator with a Tablet
"https://www.youtube.com/watch?v=RYKI92X-xjc", Design Challenge 20 - Review
"https://www.youtube.com/watch?v=ClPFrGuPxX8", Design Challenge 20 - Design what you're best at - Animal Theme
"https://www.youtube.com/watch?v=O0h6WsHLGnk", Isometric Photo-Manipulation Tutorial in Photoshop
"https://www.youtube.com/watch?v=O6ZS9_aps2Q", Design Challenge 19 - Review
"https://www.youtube.com/watch?v=TtFfMsGojRE", Design Challenge 19 - Design an Isometric Building
"https://www.youtube.com/watch?v=32RXU0hjFL4", Random Letter Logo Design - "D"
"https://www.youtube.com/watch?v=Fp-M7aw7-y8", Design Challenge 18 - Review
"https://www.youtube.com/watch?v=DInYxJVa_BQ", Design Challenge 18 - Logo Design for AirCoach
"https://www.youtube.com/watch?v=LzuRL6GMBDo", Design Challenge 17 - Review
"https://www.youtube.com/watch?v=cJ--nQmgmSE", The Losing Winner - Episode 4 - Business Cards
"https://www.youtube.com/watch?v=OouxCtXieh4", Design Challenge 17 - Design a Custom Letter D in Calligraphy
"https://www.youtube.com/watch?v=mUSeCuIE5Q4", The Losing Winner - Episode 3
"https://www.youtube.com/watch?v=ztJOH2QTFaY", The Losing Winner - Episode 2
"https://www.youtube.com/watch?v=dn1tHFHoaqM", The Losing Winner - Episode 1
"https://www.youtube.com/watch?v=bIusgMapS80", Design Challenge 16 - Review
"https://www.youtube.com/watch?v=VkYUiv1FAII", Design Challenge 16 - Lettermark Design for KillX
"https://www.youtube.com/watch?v=PWlBCrDGkPU", REVISED - Episode 2 - Header ReDesign for FarriersDepot
"https://www.youtube.com/watch?v=I1KENZeahUc", How to Paint Futuristic Body Armor - Beginner's Digital Painting Tutorial
"https://www.youtube.com/watch?v=0nZpvGDhyPU", Design Challenge 15 - Review
"https://www.youtube.com/watch?v=U1mXEkgF_AA", Quick Tip - Playing with Illustrator Pattern Fills
"https://www.youtube.com/watch?v=APAD6PyVsfA", Design Challenge 15 - Design an Animated Loading GIF
"https://www.youtube.com/watch?v=QmAH2q8GJJg", Impressions Of My New Wacom Cintiq 22HD
"https://www.youtube.com/watch?v=jWQhjyVRiyo", Design Challenge 14 - Review
"https://www.youtube.com/watch?v=fVGdbMtSsKw", Quick Tip - Gradients on Text Layers in Adobe Illustrator
"https://www.youtube.com/watch?v=B_O0Eg5tw7o", Design Challenge 14 - Design a Wordmark Logo for a Fictional Gym
"https://www.youtube.com/watch?v=00ZmKNLIlgo", App Icon Design for Android & iOS (1 of 14)
"https://www.youtube.com/watch?v=Ym28Z8uedqo", Design Challenge 13 - Review
"https://www.youtube.com/watch?v=rK5Gb8ZiSaQ", Quick Tip - Illustrator's Gradient Mesh Tool - Tutorial
"https://www.youtube.com/watch?v=w2fQWNdCEvk", Free iOS & Android App Icon Design Course
"https://www.youtube.com/watch?v=wy6Q6AOz7oA", Design Challenge 13 - Simple Squeeze Page Design - Mockup Only
"https://www.youtube.com/watch?v=I3uS6r7y020", Logo Design Practice - Random Noun Lettermark - Honey
"https://www.youtube.com/watch?v=jevW9z5BCng", Design Challenge 12 - Review
"https://www.youtube.com/watch?v=QjOhG1tadI4", How to Make an App for Android - Part (3 of 8)
"https://www.youtube.com/watch?v=MGAZiTczMbI", How to Make an App for Android - Part (4 of 8)
"https://www.youtube.com/watch?v=a5CXbvM-q1k", How to Make an App for Android - Part (5 of 8)
"https://www.youtube.com/watch?v=NBIRQHaDSV4", How to Make an App for Android - Part (6 of 8)
"https://www.youtube.com/watch?v=Pdf_126F4Ns", How to Make an App for Android - Part (7 of 8)
"https://www.youtube.com/watch?v=W47uYz68haE", How to Make an App for Android - Part (8 of 8)
"https://www.youtube.com/watch?v=drurnsYbwAo", How to Make an App for Android - Part (2 of 8)
"https://www.youtube.com/watch?v=BgLlR31I4co", How to Make an App for Android - Part (1 of 8)
"https://www.youtube.com/watch?v=6znHuoGulro", Design Challenge #12 - Custom Toggle Switch Design (On & Off State)
"https://www.youtube.com/watch?v=I7_KGtbsJGU", Custom Button Design in Android Studio using Photoshop and 9-Patch
"https://www.youtube.com/watch?v=bne9ueV3SwE", Custom Toggle Switch Design & Integration - Android Studio Tutorial
"https://www.youtube.com/watch?v=pnPvEbzx0YY", Logo Design Practice Technique - Random Letter #5
"https://www.youtube.com/watch?v=FRHYeKyk50Y", Design Challenge 11 - Review
"https://www.youtube.com/watch?v=CstxcWrOqQU", The Definitive Guide to Photoshop Glows and Flares
"https://www.youtube.com/watch?v=DX2gH3iWpGY", How to Design a Custom Font (Letter R)
"https://www.youtube.com/watch?v=7-6IDR8VM2I", Design Challenge #11 - Custom Letter R - Sci Fi Style
"https://www.youtube.com/watch?v=y6cfkQTmoWQ", DesignCourse Design Challenge #10: Review
"https://www.youtube.com/watch?v=QpnGPbLayls", REVISED - Episode 1 - Logo ReDesign for PremiumTicketsDirect
"https://www.youtube.com/watch?v=sFL1-zFSeHE", Logo Design Practice - Random Letter (S, Shoe)
"https://www.youtube.com/watch?v=K65bkGd610M", Design Challenge 10 - Black & White Logo Design
"https://www.youtube.com/watch?v=-qnVBBJL7Rc", DesignCourse Design Challenge #9: Review
"https://www.youtube.com/watch?v=B4FuYdcEO2M", DesignCourse Design Challenge #9 - Mobile Messaging App Design
"https://www.youtube.com/watch?v=f0yx3pnV33w", DesignCourse Design Challenge #8: Review
"https://www.youtube.com/watch?v=QEILI_TadM4", 3D Abstract Monitor Tutorial in Photoshop & Blender
"https://www.youtube.com/watch?v=M_gpSCpRobA", BitterSweet News - Less Quantity, Higher Quality Coming!
"https://www.youtube.com/watch?v=zf8rqQl-Dbk", Quick Review - SubtlePatterns - Awesome Background Patterns
"https://www.youtube.com/watch?v=dbYw_phWVdc", Re-designing a Simple Landing Page
"https://www.youtube.com/watch?v=UYgunCN_7ZI", DesignCourse Design Challenge #8 - Logo Design for SpeedCloud
"https://www.youtube.com/watch?v=9YqBvQJeVfU", Become an Awesome Designer - Premium
"https://www.youtube.com/watch?v=SjxEqEt3d50", Become an Awesome Designer with DesignCourse Premuim
"https://www.youtube.com/watch?v=gVAJKSJHLXY", DesignCourse Mentor Preview
"https://www.youtube.com/watch?v=bYxoAo3kqkc", DesignCourse Design Challenge #7: Review
"https://www.youtube.com/watch?v=twREZa_J4QU", Designing a Satisfaction Guaranteed Emblem in Adobe Illustrator CC
"https://www.youtube.com/watch?v=bNEtE1Y3_4s", DesignCourse REVISED - New Series Logo Design
"https://www.youtube.com/watch?v=8baf01d3XDE", Quick Review - EnjoyCSS Web-Based CSS Editor
"https://www.youtube.com/watch?v=S0jSwOpPgsw", Logo Design Practice - Random Letter #3
"https://www.youtube.com/watch?v=zrBry6AdjAc", Blender SciFi Tutorial - Mystery Transit - Part 3
"https://www.youtube.com/watch?v=z7dSs7LWg68", Design Challenge #7 - Photo Manipulation - Shattered World
"https://www.youtube.com/watch?v=NBdybdM6otc", Blender SciFi Tutorial - Mystery Transit - Part 2
"https://www.youtube.com/watch?v=N8yAHLqEVh8", Blender SciFi Tutorial - Mystery Transit - Part 1
"https://www.youtube.com/watch?v=DJ23lWIph4c", DesignCourse Design Challenge #6: Review
"https://www.youtube.com/watch?v=wTwc3bTXvXs", Designing the DesignCourse Premium Order Page
"https://www.youtube.com/watch?v=aYq0iRXmkGg", 150 Videos in 147 Days - I'm taking a breather. Feedback or something?
"https://www.youtube.com/watch?v=JQbxnpKH5Ro", How to create awesome reflections in Blender (Cycles)
"https://www.youtube.com/watch?v=obFdwuzeVf4", A Logo Redesign for the School Sucks Project
"https://www.youtube.com/watch?v=qH9zZ-xlTs4", DesignCourse Premium Promo Video (Check this out! - FIXED)
"https://www.youtube.com/watch?v=x3Y2K3NBK3o", iOS App Icon Setup in Photoshop CC or Illustrator CC
"https://www.youtube.com/watch?v=qwxXBQ5Xfqk", Logo Design Practice - Random Noun - GOLD SCANNER
"https://www.youtube.com/watch?v=1qRSS6FInD0", Design Challenge #6 - App Launcher Icon
"https://www.youtube.com/watch?v=JzoNHJThIkQ", A Quick Introduction to Photoshop CC For Beginners
"https://www.youtube.com/watch?v=1knPPmLs2Gw", DesignCourse Design Challenge #5: Winner and Review
"https://www.youtube.com/watch?v=d9QafmhdMTQ", Create a 3D App Icon Design - Tutorial 2 of 2
"https://www.youtube.com/watch?v=NsLprvnHJXM", Create a 3D App Icon Design - Tutorial 1 of 2
"https://www.youtube.com/watch?v=jV2OJwaJkaA", You need your own site & domain, here's why:
"https://www.youtube.com/watch?v=zCOPjFGUFZA", Facebook Profile Picture Tutorial - Best Design Practices
"https://www.youtube.com/watch?v=tFqJTShhpBk", The Importance of Split Testing for Web Design
"https://www.youtube.com/watch?v=_zu_wUSMHE8", Logo Design Practice - Random Noun - "Chin Pea"
"https://www.youtube.com/watch?v=xi2FTdtlBy4", Tip - Blender Transparency and Importing to After Effects
"https://www.youtube.com/watch?v=Rn1J_btcwrM", Design Challenge #5 - Business Card Design for Bassix
"https://www.youtube.com/watch?v=EBYZrKkmswk", Tip: How to use Google Chrome's Mobile Emulation
"https://www.youtube.com/watch?v=fKDDh1odfNw", DesignCourse Design Challenge #4: Winner and Review
"https://www.youtube.com/watch?v=_LSkNnLI0E4", Mega Tutorial - Every Vote Counts - Part 5 (Final)
"https://www.youtube.com/watch?v=VITnEDv9h3s", Mega Tutorial - Every Vote Counts - Part 4
"https://www.youtube.com/watch?v=IQyti48BOrc", Mega Tutorial - Every Vote Counts - Part 3
"https://www.youtube.com/watch?v=uuWN8hbSHQU", Mega Tutorial - Every Vote Counts - Part 2
"https://www.youtube.com/watch?v=hLgd6b0lSuo", Mega Tutorial - Every Vote Counts - Part 1
"https://www.youtube.com/watch?v=eFgX0xDfDDE", Mega Tutorial - Every Vote Counts - Introduction
"https://www.youtube.com/watch?v=xu2P2k34sQ8", DesignCourse Premium Account Contest Winner Announcement
"https://www.youtube.com/watch?v=0afEp6oRB-4", Logo Design Practice - Random Nouns (Toenail Weed - wtf!)
"https://www.youtube.com/watch?v=88tDj_dy81A", Contest! - Win 3 Free Months of DesignCourse Premium
"https://www.youtube.com/watch?v=xPhKLQyHe9A", How to Make Grass in Blender (Beginner Tutorial)
"https://www.youtube.com/watch?v=HWmQpSsx928", The Fast Food of Design (Design Contests, 99designs)
"https://www.youtube.com/watch?v=XBdbgD2BaEI", SVG Line Animation Tutorial with CSS & Other Fun Stuff
"https://www.youtube.com/watch?v=NGvbG8OIMbQ", Design Challenge #4 - GUI Element Design
"https://www.youtube.com/watch?v=nV7BIT40L3o", Logo Design Practice Technique - Random Letter #2
"https://www.youtube.com/watch?v=bAvwdLfIa8k", DesignCourse Design Challenge #3: Winner and Review
"https://www.youtube.com/watch?v=C8NDDVFoHQQ", Create a Realistic 3D Software Box in Blender (Beginner - 2 of 2)
"https://www.youtube.com/watch?v=IpQ-0VbteFk", Create a Realistic 3D Software Box in Blender (Beginner - 1 of 2)
"https://www.youtube.com/watch?v=uHd9w9OE3xY", DesignCourse.com Mentor Service Logo Design in Illustrator
"https://www.youtube.com/watch?v=u8BkuUhid10", Create a Decorated Easter Egg Scene in Blender (Beginner)
"https://www.youtube.com/watch?v=eN8YYJMLGvM", Pixel Grid Perfection in Photoshop + Site Stuff
"https://www.youtube.com/watch?v=wCVED0J8jL4", Design a Tribal Tattoo with only Circles (Illustrator)
"https://www.youtube.com/watch?v=O6kNFjOHqGc", Create an Interactive SVG with Adobe Edge Animate
"https://www.youtube.com/watch?v=hAElp-SD-Eg", Design Challenge #3 - Mobile App Splash Page Design
"https://www.youtube.com/watch?v=ij3aeB7gEsM", Logo Design Practice Technique - Random Letter
"https://www.youtube.com/watch?v=VUpe64hEpQw", Designing a Tshirt and Printing it with Zazzle
"https://www.youtube.com/watch?v=mn1UY2KxxeE", Design Challenge 2: Winner and Review
"https://www.youtube.com/watch?v=rtiK6iblU1I", Place a Website Mockup in 3D Perspective with Photoshop
"https://www.youtube.com/watch?v=ReFbSvkTtBo", Increase your Site's Speed Drastically with TinyPNG
"https://www.youtube.com/watch?v=hYxbSecl6FM", Create a USB Stick in Blender (2 of 2)
"https://www.youtube.com/watch?v=RHcmyApn4Pw", Create a USB Stick in Blender (1 of 2)
"https://www.youtube.com/watch?v=NHvG2qlhIM4", Health issues: Fun Stuff!
"https://www.youtube.com/watch?v=g5ohA8rFjV8", Blender 3D Text Tutorial (Dirt Text)
"https://www.youtube.com/watch?v=ZvFrtcxVTrg", Design Challenge #2 - Flat Icon Design
"https://www.youtube.com/watch?v=iNkxfbJoe2Y", How to Choose a Good Domain Name
"https://www.youtube.com/watch?v=6zN9G6L_CUM", DesignCourse Design Challenge #1 Review and Winner
"https://www.youtube.com/watch?v=8mKagVXKfgA", Unity Blender and Photoshop Game Environment Tutorial (3 of 3)
"https://www.youtube.com/watch?v=V2nXGO260RA", Unity Blender and Photoshop Game Environment Tutorial (2 of 3)
"https://www.youtube.com/watch?v=ruLMQQP43VM", Important Notice: Switching to MS Paint For All Future Tutorials
"https://www.youtube.com/watch?v=lG6duY8xJio", Unity Blender and Photoshop Game Environment Tutorial (1 of 3)
"https://www.youtube.com/watch?v=AmzhYvVhjgw", Unity Game Environment Texturing in Photoshop
"https://www.youtube.com/watch?v=TyBCcKZ7-1I", Condensing a Complex Logo to a Single Identifiable Mark
"https://www.youtube.com/watch?v=1lmFMsrLgwM", Create a SVG Loading Animation with Adobe Illustrator
"https://www.youtube.com/watch?v=TpESWnBYS4c", GUI Design Practice - Recreating Photoshop Panels (Beginner)
"https://www.youtube.com/watch?v=BmqRhC6JnhI", SpiderFalls Photo Manipulation Tutorial (Photoshop CC)
"https://www.youtube.com/watch?v=kDt2kUaqgRM", Design Challenge #1 - Lettermark Logo Design for FitCat
"https://www.youtube.com/watch?v=HQ10dHg1Qg4", DesignCourse.com Forum Launch Contest - Win Big!
"https://www.youtube.com/watch?v=F6xbVpoEBSM", Designing a Forum Icon with Visual Identity in Mind (Illustrator CC)
"https://www.youtube.com/watch?v=TC6_868za-M", Blender 3D Text Tutorial - Honeycomb Metallic Effect (Cycles)
"https://www.youtube.com/watch?v=pOy8VNP7NQA", 14. Build a Web App - MySQL/PHP Part 5 (Final)
"https://www.youtube.com/watch?v=8FjdtXFeqMg", 13. Build a Web App - MySQL/PHP Part 4
"https://www.youtube.com/watch?v=9xC69DMP6yM", 12. Build a Web App - MySQL/PHP Part 3
"https://www.youtube.com/watch?v=HhsZFc-yAWo", 11. Build a Web App - Step 2 - MySQL/PHP
"https://www.youtube.com/watch?v=JPFrxV1TVfM", 10. Build a Web App - Step 1 - MySQL/PHP
"https://www.youtube.com/watch?v=78Qd0VeEi5A", 9. Build a Web App - Main GUI CSS (Responsive)
"https://www.youtube.com/watch?v=iKHCguvc9gU", New Commenting System at DesignCourse.com
"https://www.youtube.com/watch?v=C2W5M6dkwF4", 8. Build a Web App - Main GUI HTML (Responsive)
"https://www.youtube.com/watch?v=YSCX4UISjVM", 7. Build a Web App - Home + 2nd Step HTML/CSS (Responsive)
"https://www.youtube.com/watch?v=eDu40QqrEnY", 6. Build a Web App - Landing Page HTML
"https://www.youtube.com/watch?v=wrhEEt8bPBg", 5. Build a Web App - Main GUI Photoshop Mockup Design
"https://www.youtube.com/watch?v=3uCMJGC_Pbw", 4. Build a Web App - 2nd Signup Step & Login Page Mockup in Photoshop
"https://www.youtube.com/watch?v=JFcQp5-9CSA", 3. Build a Web App - Designing the Landing Page in Photoshop
"https://www.youtube.com/watch?v=8FxSbVkC20k", 2. Build a Web App - Choosing a Domain Name & Logo Design
"https://www.youtube.com/watch?v=y0yYQxvNBmA", Mega Tutorial - Build a Web App - Introduction
"https://www.youtube.com/watch?v=TPLRHBPP7QM", Creating a Brain Neuron Scene in Blender
"https://www.youtube.com/watch?v=z0qp7hNAZRM", Favicon Tutorial - How to Save and Best Design Practices
"https://www.youtube.com/watch?v=4TMtJTMXvoE", If War Is Hell (Photo Manipulation Tutorial - 4 of 4)
"https://www.youtube.com/watch?v=kWVoWMVUzU0", If War Is Hell (Photo Manipulation Tutorial - 3 of 4)
"https://www.youtube.com/watch?v=xUj7AufULww", If War Is Hell (Photo Manipulation Tutorial - 2 of 4)
"https://www.youtube.com/watch?v=N5kygE2OE2g", If War Is Hell (Photo Manipulation Tutorial - 1 of 4)
"https://www.youtube.com/watch?v=R6N2Ovv3NSg", If War is Hell (Timelapse Photo Manipulation)
"https://www.youtube.com/watch?v=FIIGJ4ifS0w", Help Needed for the Upcoming Visual Identity Design Course
"https://www.youtube.com/watch?v=4or3u_vDRso", Use Photoshop's 3D Tools to Create a Balloon Text Effect
"https://www.youtube.com/watch?v=ADmKnE4_DqQ", Scrolling Activated CSS3 Animation Tutorial (2 of 2)
"https://www.youtube.com/watch?v=tuivYaBTU3E", Scrolling Activated CSS3 Animation Tutorial (1 of 2)
"https://www.youtube.com/watch?v=9Raj_Q8ap1o", WiseBanner Winners Announcement
"https://www.youtube.com/watch?v=JUvCMbBa_X4", WiseBanner Contest Giveaway #2 - Win 1 of 5 Free Copies
"https://www.youtube.com/watch?v=LOOjXTXvKtQ", Negative Space Logo Design Tutorial in Illustrator CC
"https://www.youtube.com/watch?v=4hQRIuu9Q54", How to Design a Grungy CD Cover (Part 2 of 2)
"https://www.youtube.com/watch?v=pPgyLpsaZXM", How to Design a Grungy CD Cover (Part 1 of 2)
"https://www.youtube.com/watch?v=EJSxu98idLg", How to Make a Light Bulb in Blender (4 of 4)
"https://www.youtube.com/watch?v=-INhqp1y9p4", How to Make a Light Bulb in Blender (3 of 4)
"https://www.youtube.com/watch?v=s_0udfh09ok", How to Make a Light Bulb in Blender (2 of 4)
"https://www.youtube.com/watch?v=eGN2kAMRtGY", How to Make a Light Bulb in Blender (1 of 4)
"https://www.youtube.com/watch?v=7JbvdI49Q5I", Overcoming Procrastination for Freelancers - The Why & The How
"https://www.youtube.com/watch?v=uZQzighfDBo", Create a Protein Container in Blender (Part 2 of 2)
"https://www.youtube.com/watch?v=lqhy6DQ7soQ", Create a Protein Container in Blender (Part 1 of 2)
"https://www.youtube.com/watch?v=13XSd9ZfNdM", Design & Animate a Gamer UI in Photoshop & After Effects (Part 4)
"https://www.youtube.com/watch?v=-d4jres7XB4", Design & Animate a Gamer UI in Photoshop & After Effects (Part 3)
"https://www.youtube.com/watch?v=AohNK1KFECw", Design & Animate a Gamer UI in Photoshop & After Effects (Part 2)
"https://www.youtube.com/watch?v=NPn6pgBGfy4", Design & Animate a Gamer UI in Photoshop & After Effects (Part 1)
"https://www.youtube.com/watch?v=9Qe8cVW7Lxw", Interview: Andrew Price of BlenderGuru.com
"https://www.youtube.com/watch?v=D9yjTKSUw68", Parallax Tutorial using Parallax.JS
"https://www.youtube.com/watch?v=Vzrv7GarkUU", Modern Business Card Design in Illustrator CC (Part 2)
"https://www.youtube.com/watch?v=ixYMBZhU1BY", Modern Business Card Design in Illustrator CC (Part 1)
"https://www.youtube.com/watch?v=e2Wzbq_cUgo", Typographic Poster Design Tutorial in Illustrator (Part 2)
"https://www.youtube.com/watch?v=RG-mhIazki0", Typographic Poster Design Tutorial in Illustrator (Part 1)
"https://www.youtube.com/watch?v=yC7OxPF6U0U", Design a Bloody Knife in Photoshop CC
"https://www.youtube.com/watch?v=5SELf66_GkY", Square Space Logo Maker - C'mon People.
"https://www.youtube.com/watch?v=VWhcvKcdW50", Part 7 - iPhone Breathalyzer - Finishing Touches
"https://www.youtube.com/watch?v=6Dxo_H58MVk", Part 7 - iPhone Breathalyzer - HTML/CSS Part 3
"https://www.youtube.com/watch?v=Y54hd80NIDk", Part 6 - iPhone Breathalyzer - HTML/CSS Part 2
"https://www.youtube.com/watch?v=VPWLZz6gZQw", Part 5 - iPhone Breathalyzer - HTML Part 1
"https://www.youtube.com/watch?v=9ZbQo7pMvw0", Part 4 - iPhone Breathalyzer - Website Design in Photoshop CC
"https://www.youtube.com/watch?v=XRld4cmAgGc", Part 3 - iPhone Breathalyzer - UI Animation in After Effects
"https://www.youtube.com/watch?v=9MGBUiVeUIs", Part 2 - iPhone Breathalyzer - Rendering & GUI Design
"https://www.youtube.com/watch?v=5oTIjtdp96A", Part 1 - iPhone Breathalyzer - Blender
"https://www.youtube.com/watch?v=XJn7SjMTito", Mega Tutorial - iPhone Breathalyzer - Project Introduction
"https://www.youtube.com/watch?v=3klDtDwSL7s", Model & Animate a 3D Push Button in Blender (Beginner)
"https://www.youtube.com/watch?v=Tco1oizl3Pg", Contest Winners (WiseBanner)
"https://www.youtube.com/watch?v=OXPBOmY0cVc", Design an Animated Loading/Download Icon (GIF)
"https://www.youtube.com/watch?v=msQUYgvHomY", Free Giveaway Contest. (WiseBanner Banner Maker).
"https://www.youtube.com/watch?v=jn9ZhwMLRIM", Perspective Warp Tool Tutorial in Photoshop CC
"https://www.youtube.com/watch?v=j1HcXa6cWNU", Advertising Illustration Tutorial in Photoshop CC
"https://www.youtube.com/watch?v=MM9viudUNVg", Photo Manipulation Tutorial in Photoshop CC (Beginner)
"https://www.youtube.com/watch?v=iL2gG58Dpyg", Design a Game Website Mockup in Photoshop CC (Part 2)
"https://www.youtube.com/watch?v=UMQhBl3Ls9o", Design a Game Website Mockup in Photoshop CC (Part 1)
"https://www.youtube.com/watch?v=xa9WLLV0zp4", Animating a Logo with Adobe After Effects CC (Beginner)
"https://www.youtube.com/watch?v=NnFScCjeJ-E", Create Reflective 3D Text in Blender (Beginner)
"https://www.youtube.com/watch?v=I9ix0ECNuyE", Flat Mobile App Design in Photoshop CC - Weather App
"https://www.youtube.com/watch?v=XT-SoZa6V_Q", Mobile GUI Element Design in Adobe Photoshop CC (Part 2)
"https://www.youtube.com/watch?v=xPY3gcAJzLk", Mobile GUI Element Design in Adobe Photoshop CC (Part 1)
"https://www.youtube.com/watch?v=siYnz4XSj0g", Squeeze Page Design Tutorial in Photoshop (Part 2)
"https://www.youtube.com/watch?v=pIxFlt4BvCU", Squeeze Page Design Tutorial in Photoshop (Part 1)
"https://www.youtube.com/watch?v=zrWY63hBcoQ", How to Design an Effective Lettermark Logo
"https://www.youtube.com/watch?v=vwg1pbMUGVY", Showcasing Logos in 3D with Blender
"https://www.youtube.com/watch?v=5evLS2BeW-A", Logo Design Follow Along 1: Emblem Logo Design
"https://www.youtube.com/watch?v=bILPAfbH05I", Illustrator CC Logo Design Tutorial - A Logo That "Pops"!
"https://www.youtube.com/watch?v=2sI5mx4Jms0", Flat Icon Design Tutorial in Illustrator CC
"https://www.youtube.com/watch?v=VvfvoapmpVM", Using Photoshop to Showcase Mobile Projects
"https://www.youtube.com/watch?v=sBA-epphz2k", 8. Home Page HTML & CSS - Part 2
"https://www.youtube.com/watch?v=GLX-uVU_zd4", 7. Home Page HTML & CSS - Part 1
"https://www.youtube.com/watch?v=bt7y5oeftxY", 6. Home Page Mockup in PS : Part 4
"https://www.youtube.com/watch?v=RYxixNhb9mY", 5. Home Page Mockup in PS : Part 3
"https://www.youtube.com/watch?v=XZ3cCPV4NGk", 4. Home Page Mockup in PS : Part 2
"https://www.youtube.com/watch?v=KQiiLe9SZNM", 3. Home Page Mockup in PS : Part 1
"https://www.youtube.com/watch?v=gFLbccxxEAU", 2. Launch & Market a Web Based Business - Logo Design
"https://www.youtube.com/watch?v=sF4eiujRmMA", 1. Launch & Market a Web Based Business - Introduction
"https://www.youtube.com/watch?v=V2xs7GqdUwQ", Designing a Logo in Photoshop CC
"https://www.youtube.com/watch?v=PLkwCTgqzmA", How to Design a Logo in Illustrator CC
"https://www.youtube.com/watch?v=zuqk5zzclS0", Banner Design in Photoshop CS6
"https://www.youtube.com/watch?v=Em9i4NX5ZY4", Types of Logos - Lettermark & Monogram Logo Type
"https://www.youtube.com/watch?v=2kW7heB2h_E", How to Design a Tshirt Tutorial - Adobe Illustrator
"https://www.youtube.com/watch?v=N43YOTvBsCI", Photoshop CS6 3D Tutorial - Magic Tent Illustration
"https://www.youtube.com/watch?v=Zw9j0dHDLMU", Illustrator CS6 Logo Design Tutorial - Archfold
"https://www.youtube.com/watch?v=AEP1xFOf0oQ", iOS App Icon Design Tutorial in Illustrator CS6
"https://www.youtube.com/watch?v=PdwxFYgjvUk", Layer Masks in Photoshop
"https://www.youtube.com/watch?v=tEKoFG8fgYE", Your Guide to Layer Styles
"https://www.youtube.com/watch?v=klDXWTUHlY4", Photoshop Gradients Video Tutorial
"https://www.youtube.com/watch?v=M-G6btr0w60", How to Design the Microsoft Logo in Photoshop
"https://www.youtube.com/watch?v=WMXj5ceYkfQ", Photoshop Pen Tool Tutorial (Tattoo Design)
