"https://www.youtube.com/watch?v=SBWQLwqTFoc", Learning ReactJS: Converting Vanilla JavaScript into ReactJS
"https://www.youtube.com/watch?v=BL3L_ON9gt8", Creating A React Component WITHOUT React
"https://www.youtube.com/watch?v=qVkDGEaJibg", Welcome the NEW HOST of the DevTips Show!
"https://www.youtube.com/watch?v=nSxQFRGnQmY", My Setup for Design, Web Development, Video Editing and more üíª üëç
"https://www.youtube.com/watch?v=Xzp4x81-nYk", Create a Subscription Form from Scratch using HTML, CSS and MailChimp
"https://www.youtube.com/watch?v=tKz8Ch4-Q08", Creating an Among Us Character with only HTML and CSS
"https://www.youtube.com/watch?v=XHzRGyKLmgM", What Happened to DevTips THIS TIME??
"https://www.youtube.com/watch?v=sg8grVYpi4g", My First Progressive Web App (PWA)
"https://www.youtube.com/watch?v=ZSuh_nNPGls", Trying Kubernetes üì¶ for the First Time
"https://www.youtube.com/watch?v=BHj2X4kAOKg", The Future of DevTips & Fun Fun Function
"https://www.youtube.com/watch?v=fnFvsUyObI8", Best "Web" Development Content of 2018
"https://www.youtube.com/watch?v=2tvbkCW4OIY", Trying Docker for the First Time üìñ Many Learnings!
"https://www.youtube.com/watch?v=s-G1m23Emlk", How to Load Web Fonts in 2019 üéÜ
"https://www.youtube.com/watch?v=vTf9HRTWKtM", Font Loading Performance üìâ 6 Experiments with FOUT & FOIT
"https://www.youtube.com/watch?v=zDovsTG2a7g", Query Parameters in JavaScript (3+1 Ways)
"https://www.youtube.com/watch?v=Ay2uty18TFA", Critical CSS + Fail üß®
"https://www.youtube.com/watch?v=a-74Zy9EfMQ", Teaching CSS to a Coder üôÄ (How to Lazy Load Images)
"https://www.youtube.com/watch?v=iM0ah0Sa-P8", What is THIS in JavaScript?
"https://www.youtube.com/watch?v=iEN2nTuNqDE", How to Work with Legacy Code ‚ò†Ô∏è
"https://www.youtube.com/watch?v=JYz12w8hjfI", Our favourite ES2018 features üíñ
"https://www.youtube.com/watch?v=LVlVCgkBQ3w", Recursion ‚û∞ for Paginated Web Scraping
"https://www.youtube.com/watch?v=Gx24SikMfGw", CSS Animation with Physics Simulation üìà (so much over-engineering ‚öôÔ∏è)
"https://www.youtube.com/watch?v=pixfH6yyqZk", Web Scraping with Node.js & Puppeteer (üåã rants included, no extra charge)
"https://www.youtube.com/watch?v=L5bgimAlY-A", Finding a Designer + üç™ FIKA
"https://www.youtube.com/watch?v=smBP4muoLYA", Let‚Äôs Animate with CSS (and Failing Fast!)
"https://www.youtube.com/watch?v=mqqIKGz6pXI", Code Review ü¶ä SO MUCH LEARNING #6 Building an Online Business
"https://www.youtube.com/watch?v=AQ1ArQEw_Vw", Adding a Database to Next.js üññ #5 Building an Online Business
"https://www.youtube.com/watch?v=bMORBmABx9w", Server-side rendered data fetch in Next.js #4 Building an Online Business
"https://www.youtube.com/watch?v=OsBrp15zTIE", Why did we not use Ember.js?
"https://www.youtube.com/watch?v=Km0AXUQKYXA", Next.js Basics #3 Building an Online Business
"https://www.youtube.com/watch?v=E1HAl-lUOGc", Going from Sketch to React.js #2 Building an Online Business
"https://www.youtube.com/watch?v=baTwIcyMvh8", What do () parenthesis and | pipe mean in RegExp? #2 REGEX ULTRA BASICS
"https://www.youtube.com/watch?v=tS9Ug-vm1oU", Anti-Motivated
"https://www.youtube.com/watch?v=bgsuOm_pse4", THE PLAN #1 Let's build an online business üí∞
"https://www.youtube.com/watch?v=P6OhA-3s7yA", node.js basics
"https://www.youtube.com/watch?v=VrT3TRDDE4M", Regular Expressions in JavaScript - #1 REGEX ULTRA BASICS
"https://www.youtube.com/watch?v=ckoegYJ1FR4", URL Parsing with RegEx, createElement and new URL()
"https://www.youtube.com/watch?v=uh2NYbJtbKU", Learning to code on your mobile?
"https://www.youtube.com/watch?v=k_l-U3ZR5wQ", What got you into programming?
"https://www.youtube.com/watch?v=U_Z5FJbygJc", Top 3 Don't-Need-jQuery
"https://www.youtube.com/watch?v=89_NXA0WbME", Goodbye DevTips
"https://www.youtube.com/watch?v=Bf_pXEEwBXY", Summary & reflections - #16 React JS prototyping
"https://www.youtube.com/watch?v=6IIn7QaIE8s", Programmable styling - #15 React JS prototyping
"https://www.youtube.com/watch?v=QdXya2GN-Rg", Advanced data mangling with Promises - #14 React JS prototyping
"https://www.youtube.com/watch?v=rzk8n-4gMWs", Pulling data from the Spotify API - #13 React JS prototyping
"https://www.youtube.com/watch?v=f5OLDvwP-Ug", Understanding OAuth with the Spotify API - #12 React JS prototyping
"https://www.youtube.com/watch?v=XZScIWYIkNw", Dynamic text filtering on the client - #11 React JS prototyping
"https://www.youtube.com/watch?v=ZpObY7VlU4o", MOAR populating components with data - #10 React JS prototyping
"https://www.youtube.com/watch?v=AYM14nAW5oI", Populating components with data - #9 React JS prototyping
"https://www.youtube.com/watch?v=6o5arKtq9Q4", Deploying to the internet! - #8 React JS prototyping
"https://www.youtube.com/watch?v=jt4jYHKBsvU", First push to GitHub - #7 React JS prototyping
"https://www.youtube.com/watch?v=xaXyDlsmTTs", Creating a JSX dummy overview - #6 React JS prototyping
"https://www.youtube.com/watch?v=k3bRdvmTdwQ", Creating the React app - #5 React JS prototyping
"https://www.youtube.com/watch?v=qW1mAG_9_EE", Installing node.js - #4 React JS prototyping
"https://www.youtube.com/watch?v=MbFBTX7FV5w", Sketching out the components - #3 React JS prototyping
"https://www.youtube.com/watch?v=WsmgDnHOWh4", Why React JS for prototyping? - #2 React JS prototyping
"https://www.youtube.com/watch?v=Mg7Ma5i8NgM", Building a high-fidelity prototype with React JS - #1 React JS prototyping
"https://www.youtube.com/watch?v=M8l2aGMjKHI", How To Ace Your Phone Interview (Berkley Design Talk)
"https://www.youtube.com/watch?v=GcSACxUbqtg", Hiatus Update No.2 ‚Äì 200K Subscribers!
"https://www.youtube.com/watch?v=Flze-rwT7lM", "If You Want to Survive in Design, You Better Learn to Code"
"https://www.youtube.com/watch?v=L4TIM6W7u-M", Hiatus Update 1 ‚Äì (Time Vacuums, Gaming Addiction, and Willpower)
"https://www.youtube.com/watch?v=otVIEWxN71g", 2016 Annual Review + Taking a Break from YouTube
"https://www.youtube.com/watch?v=GlnvAbeIJGc", Getting Started With Adobe XD ‚Äì The Future of Adobe XD (Interview with Tom Krcha)
"https://www.youtube.com/watch?v=U1b-H11-Z1I", Getting Started With Adobe XD ‚Äì Prototyping and Sharing
"https://www.youtube.com/watch?v=KTL53me2ic4", Chatting with Bryan Jones of CodeKit 3
"https://www.youtube.com/watch?v=y6d-jAc0WBs", Getting Started With Adobe XD ‚Äì Understanding the tools
"https://www.youtube.com/watch?v=J1RpYPkx0lI", Getting Started With Adobe XD ‚Äì Switching from Photoshop
"https://www.youtube.com/watch?v=mMot_MLWZ0E", Getting Started With Adobe XD ‚Äì Switching from Sketch
"https://www.youtube.com/watch?v=v1bLB1HHIfM", Webflow Office Tour + Interview
"https://www.youtube.com/watch?v=mpTf50V5NiM", GIVEAWAY + Webflow From Scratch ‚Äì part 4 (Instagram Feed & Embed)
"https://www.youtube.com/watch?v=4y_G6BayFz0", Professional Advice from Adobe MAX Conference (Aaron Draplin, Sara Dietschy, Shae Lewis, and more)
"https://www.youtube.com/watch?v=NGDJamppfeU", Webflow From Scratch ‚Äì part 3 (Content Styles)
"https://www.youtube.com/watch?v=U5YftwlxSEc", Webflow From Scratch ‚Äì part 2.2 (Featured Posts & Mobile Styles)
"https://www.youtube.com/watch?v=doBda_39Pg4", Webflow From Scratch ‚Äì part 2.1 (Dynamic Content)
"https://www.youtube.com/watch?v=TUNpvElxTzE", Webflow From Scratch ‚Äì part 1.2 (The About Section)
"https://www.youtube.com/watch?v=S-zybyn-rSs", Webflow From Scratch ‚Äì part 1.1 (Responsive Navigation)
"https://www.youtube.com/watch?v=ZNx0-RHZDPo", Matthew Tran - Engineered Truth ‚Äì Interview
"https://www.youtube.com/watch?v=8NGNKBIA_eI", Discovering the CSS Perspective Property
"https://www.youtube.com/watch?v=X318pbmJaGk", Experience Design at Adobe ‚Äî Day 3 Designing The Heroes Journey
"https://www.youtube.com/watch?v=UmKD1ciQg2A", Experience Design at Adobe ‚Äî Day 2 Facebook's History & UX Examined
"https://www.youtube.com/watch?v=UcGRcznhsyM", Experience Design at Adobe ‚Äî Day 1 Achieving Hierarchy Through Design Principles
"https://www.youtube.com/watch?v=eiwsnv2qwdU", WebFlow ‚Äì with Ran Segall
"https://www.youtube.com/watch?v=qPmEEEOq2qg", YouTube Silver Play Button & How to get 100K subs
"https://www.youtube.com/watch?v=AWAnrQCYsVM", Build-In Load Animation ‚Äî CSS Animations
"https://www.youtube.com/watch?v=AcAwGEEppW4", DevTips Update
"https://www.youtube.com/watch?v=3EPG1fsZ-qo", Step By Step Form ‚Äî CSS Animations
"https://www.youtube.com/watch?v=mUrrym5VR5g", What Should You Learn Next? ‚Äì The Challenge Graph, a framework for understanding growth
"https://www.youtube.com/watch?v=lQxt6TdzsAo", Spinners, Loaders, and Junk ‚Äî CSS Animations
"https://www.youtube.com/watch?v=evaN55xnXG4", Notifications, Alerts, Menus ‚Äî CSS Animations
"https://www.youtube.com/watch?v=AIdslaUj9wg", Drop Down Menu ‚Äî¬†CSS Animations
"https://www.youtube.com/watch?v=GeuNIOuIEDA", Animating the Moments ‚Äî Using Animation in UX (CSS Animations Series Part 3)
"https://www.youtube.com/watch?v=f1WMjDx4snI", CSS Animation & Keyframes (CSS Animations Series Part 2)
"https://www.youtube.com/watch?v=8kK-cA99SA0", CSS Transition (CSS Animations Series Part 1)
"https://www.youtube.com/watch?v=f5fxAja7aqk", "How Do You Learn Something Totally New?" #AskTravisAnything
"https://www.youtube.com/watch?v=HuU-fBIkZDM", "Why did you start DevTips?" #AskTravisAnything
"https://www.youtube.com/watch?v=PRjGUDRfWdc", "How Do You Deal With Creative Overload?" #AskTravisAnything
"https://www.youtube.com/watch?v=_TiyMkv8rmI", "Where Do You Host Your Websites?" #AskTravisAnything
"https://www.youtube.com/watch?v=7L2RDJtYc2o", "How do you start polyphasic sleeping?" #AskTravisAnything
"https://www.youtube.com/watch?v=RGbFEJoien0", "When will you make more tutorials?" #AskTravisAnything
"https://www.youtube.com/watch?v=_rFGTV_kDNo", "How do you deal with Haters?" ‚Äì #AskTravisAnything
"https://www.youtube.com/watch?v=eefWIRVq2Bs", Upcoming Adobe UX Live Stream!
"https://www.youtube.com/watch?v=yxD-boFg2GY", "Portfolio Advice?" ‚Äì #AskTravisAnything
"https://www.youtube.com/watch?v=3B76B4wmFNs", Design Prototyping ‚Äì Adobe Live Event Day 3
"https://www.youtube.com/watch?v=rMPXdGB-nk8", Design Sketching ‚Äì Adobe Live Event Day 2
"https://www.youtube.com/watch?v=tsePToj6nw4", Design Thinking ‚Äì Adobe Live Event Day 1
"https://www.youtube.com/watch?v=UQsTfRcriwI", Behind the Scenes at Adobe [ DevTips Vlog 020 ]
"https://www.youtube.com/watch?v=SlrzXQoVpK4", Box Shadow Secret Finally Revealed
"https://www.youtube.com/watch?v=V2xVkb-_ySY", JavaScript and the DOM (Part 2 of 2)
"https://www.youtube.com/watch?v=hM9h1wN4rfU", JavaScript and the DOM (Part 1 of 2)
"https://www.youtube.com/watch?v=IalgBQQKROU", It's okay if you suck ‚Äì I DO!
"https://www.youtube.com/watch?v=Uu1u6dr0A8M", 100K Subs! ‚Äì (Travis reacts to old DevTips)
"https://www.youtube.com/watch?v=WVvdw-f4Ygo", Learn jQuery in 15 minutes ‚Äì Part 3 ‚Äì Event Binding, Dom Traversal
"https://www.youtube.com/watch?v=Lve7hvpZnys", The Google Trends Game
"https://www.youtube.com/watch?v=OqF0kjNwDSI", Learn jQuery in 15 minutes ‚Äì Part 2 ‚Äì Classes, Image Swap, Methods
"https://www.youtube.com/watch?v=v-RC3kJCL4c", Learn jQuery in 15 minutes ‚Äì Part 1 ‚Äì Selectors, Animations, Filters
"https://www.youtube.com/watch?v=Pt49y1gm0jw", Learn jQuery in 15 minutes ‚Äì Series Welcome
"https://www.youtube.com/watch?v=As2ns5FTfXw", Design & Code a Mobile First Landing Page! (4/4)
"https://www.youtube.com/watch?v=nUhuop2IOd4", Design & Code a Mobile First Landing Page! (3/4)
"https://www.youtube.com/watch?v=ZRb1BQnV9G4", Design & Code a Mobile First Landing Page! (2/4)
"https://www.youtube.com/watch?v=2750Vj-hMq8", Design & Code a Mobile First Landing Page! (1/4)
"https://www.youtube.com/watch?v=KvQwBegnog8", Adobe XD ‚Äì Review & Predictions
"https://www.youtube.com/watch?v=DmKNDxlNLoE", Top 5 Packages: Atom Code Editor
"https://www.youtube.com/watch?v=MoNjVa_9KX0", Live Event Next Week @ Adobe Offices in San Francisco
"https://www.youtube.com/watch?v=UYPgPyxwF28", Top 5 Features: Atom Code Editor
"https://www.youtube.com/watch?v=JPKOESR1k04", GitHub for Noobs (4/4) Using the Command Line
"https://www.youtube.com/watch?v=BKr8lbx3uFY", GitHub for Noobs (3/4) Using the GitHub Desktop App
"https://www.youtube.com/watch?v=_ALeswWzpBo", GitHub for Noobs (2/4) ‚Äì Common Workflows
"https://www.youtube.com/watch?v=3TWQgEO4Jo8", Making The Next Video [ DevTips Vlog 017 ]
"https://www.youtube.com/watch?v=1h9_cB9mPT8", GitHub for Noobs (1/4) ‚Äì A Short History
"https://www.youtube.com/watch?v=xkbV-Gn07ns", CodeKit Winners Announced!
"https://www.youtube.com/watch?v=oAIN024Rf7U", CodeKit ‚Äî GIVEAWAY + Features
"https://www.youtube.com/watch?v=hPC6keUUiTA", My Code Editor: Atom, Setup & Packages
"https://www.youtube.com/watch?v=QZdj42liTtU", StarWars BB-8 CSS Speed Drawing
"https://www.youtube.com/watch?v=AUqSatyjiYM", DevTips 2015 Annual Report
"https://www.youtube.com/watch?v=QLbUzwxkwHA", My First Websites Were Horrible! [ SHOWCASE ]
"https://www.youtube.com/watch?v=5ROYV2D2CoQ", Happy DevTips Holidays! [ DevTips Vlog 016 ]
"https://www.youtube.com/watch?v=qTLojDBgZfY", CSS Filters!
"https://www.youtube.com/watch?v=UHf3aQz50jQ", REM or EM ‚Äî What should I use??
"https://www.youtube.com/watch?v=gHgjVle4-h0", Toast Grid - CSS Grids Series (CSS Grid in 15min)
"https://www.youtube.com/watch?v=7S0X0OWMu_k", How To Make A Full Screen Video Background in HTML + CSS
"https://www.youtube.com/watch?v=nsI_5-FoaxQ", Let's go to the Future Of Web Design Conference [ DevTips Vlog 014 ]
"https://www.youtube.com/watch?v=OQuwjXV4pYc", What You Need To Know Before You Leave Design School
"https://www.youtube.com/watch?v=8cbK06rKXrg", What's New in Foundation 6
"https://www.youtube.com/watch?v=5kVtmnZNC8w", Deploy to Heroku [ Ruby on Rails from the ground up - 5/5 ]
"https://www.youtube.com/watch?v=xP5gFgjmLXE", Let's Go To A SeanWes Meetup [ DevTips Vlog 013 ]
"https://www.youtube.com/watch?v=WIozWpjEgrE", Your First Rails Application [ Ruby on Rails from the ground up - 4/5 ]
"https://www.youtube.com/watch?v=j2k8CxXgYa4", Ruby Basics [ Ruby on Rails from the Ground Up - 3/5 ]
"https://www.youtube.com/watch?v=SKNcc37ua90", Let's Do Some Hand Lettering [ DevTips Vlog 012 ]
"https://www.youtube.com/watch?v=rxTR7rWaQw8", Setting Up Ruby [ Ruby on Rails from the Ground Up - 2/5 ]
"https://www.youtube.com/watch?v=nRyUn7D8zCc", What is Rails? [ Ruby on Rails from the Ground Up - 1/5 ]
"https://www.youtube.com/watch?v=qrduUUdxBSY", CSS Units (CSS Lengths: rems, ems, pixels, percents, and more)
"https://www.youtube.com/watch?v=Tb21XBg1ggM", Overview Wrap Up
"https://www.youtube.com/watch?v=RMiTxHba5fo", Refactoring Javascript with Fred Lawler (Design + Code Series Appendix)
"https://www.youtube.com/watch?v=hdZhDMky6uQ", Designing Interfaces With Sketch (Featuring Los Montoya)
"https://www.youtube.com/watch?v=O4NLu5BfPHQ", Circles Conference 2015 [ DevTips Vlog 009 ]
"https://www.youtube.com/watch?v=H_ZozrSkqi8", Design + Code ‚Äì Hour 12.2: Contact Section
"https://www.youtube.com/watch?v=GhYSTsK2AqM", Design + Code ‚Äì Hour 12.1: Embed a Podcast Player
"https://www.youtube.com/watch?v=fHu_miESeDs", Design + Code ‚Äì Hour 11: Mailchimp Newsletter Form
"https://www.youtube.com/watch?v=h6y_sDbbCCI", Design + Code ‚Äî Hour 10.2: Design Portfolio Hover Wildness
"https://www.youtube.com/watch?v=P21xUv7glyY", Design + Code ‚Äî Hour 10.1: Design Portfolio Section
"https://www.youtube.com/watch?v=Qb2LU_yzxHQ", Design + Code ‚Äî Hour 9: Vine Embed Section
"https://www.youtube.com/watch?v=MPBq_8qVbTg", Design + Code ‚Äî Hour 8.3: Fun Javascript Stuff
"https://www.youtube.com/watch?v=FiJuoFg_Ipc", Design + Code ‚Äî Hour 8.2: Jekyll Blog Loop
"https://www.youtube.com/watch?v=_beZVU_MrFI", Design + Code ‚Äî Hour 8.1: Styling Blog Articles
"https://www.youtube.com/watch?v=J0dD0eJU_S0", Design + Code ‚Äî Hour 7.3: Mentoring Responsive
"https://www.youtube.com/watch?v=9XqFV9fy8SU", Design + Code ‚Äî Hour 7.2: Mentoring Javascript
"https://www.youtube.com/watch?v=3ZHMYBM0760", Design + Code ‚Äî Hour 7.1: Mentoring Section
"https://www.youtube.com/watch?v=FsethGojhUA", Design + Code ‚Äî Hour 6.2: YouTube Section
"https://www.youtube.com/watch?v=wzEl6XWNpK8", Design + Code ‚Äî Hour 6.1: Hero Section
"https://www.youtube.com/watch?v=kDzbnk4Cl3I", DevTips Vlog 004 ‚Äì "Let's Do VidCon!"
"https://www.youtube.com/watch?v=qpdxiIDzg6Q", Design + Code ‚Äî Hour 5.3: Custom Flexbox Grid
"https://www.youtube.com/watch?v=ozOSV75DgzU", Design + Code ‚Äî Hour 5.2: Responsive Header
"https://www.youtube.com/watch?v=vpHfSijV8T0", Design + Code ‚Äî Hour 5.1: Flexbox header
"https://www.youtube.com/watch?v=dzYuUC0SsXM", Design + Code ‚Äì Hour 4.4: A Few Final Details
"https://www.youtube.com/watch?v=RGbxqmjJa64", Design + Code ‚Äì Hour 4.3: Setting up a Github Repo
"https://www.youtube.com/watch?v=Wm-BhGoaD70", Design + Code ‚Äì Hour 4.2: Project Cleanup
"https://www.youtube.com/watch?v=nY4kQssg3lw", Design + Code ‚Äì Hour 4.1: Project Setup (using Gulp)
"https://www.youtube.com/watch?v=qv_EAKBSYOk", DevTips Vlog 002 ‚Äì "Let's Go Camping"
"https://www.youtube.com/watch?v=zDmvh3ZaEo4", Design + Code ‚Äì Hour 3a: Visual Design SPED UP
"https://www.youtube.com/watch?v=K3PKe7X3ZVw", Design + Code ‚Äì Hour 3: Visual Design
"https://www.youtube.com/watch?v=9WvWOZkdE4Y", DevTips Vlog 001‚Äì "Let's go to work"
"https://www.youtube.com/watch?v=PQO47_AP6lo", Design + Code ‚Äì Hour 2: Wireframing
"https://www.youtube.com/watch?v=F3u7whqIxrc", DevTips Starter Kit v2
"https://www.youtube.com/watch?v=sJhhLvW-Xvg", Design + Code my Personal Website in 12 hours ‚Äì Hour 1: Discovery
"https://www.youtube.com/watch?v=lJclQekSfSM", SASS or LESS? What should you use?
"https://www.youtube.com/watch?v=jMW0bmrb2n4", Splash Page and Modal with Travis Neilson!
"https://www.youtube.com/watch?v=e6JZdj_LY0Y", Splash Page and Modal with Andrew Marks!
"https://www.youtube.com/watch?v=ki3Izu3EcYI", Splash Page and Modal ‚Äî Pair Programming Review and Insights
"https://www.youtube.com/watch?v=2IAV6R7vlrw", Comparing Yourself To Others [Advice]
"https://www.youtube.com/watch?v=DCA_v6HVTx0", Parallax on the Web (Appendix1) - Quadratic Easing
"https://www.youtube.com/watch?v=TLdd2LVglbM", Parallax on the Web Part 9 ‚Äì Community Pull Requests
"https://www.youtube.com/watch?v=VH0iYda6KNs", Parallax on the Web (Part 8) ‚Äì Revealed Footer
"https://www.youtube.com/watch?v=6TSC-V3OD6U", You Should Listen To This Podcast
"https://www.youtube.com/watch?v=BORyMMfQjG8", $100 GiveAway & How To Write A Random Number Generator In Javascript
"https://www.youtube.com/watch?v=89sacBIEq4g", KEEP ON HACKING community video
"https://www.youtube.com/watch?v=LoouHSB0BMM", Parallax on the web (part 7) - Floating Elements
"https://www.youtube.com/watch?v=zEXubVd_y_M", Parallax on the web Part 6 ‚Äì Promoscope!!
"https://www.youtube.com/watch?v=KzP7YXcHNcE", Parallax on the web (Part 5) ‚Äì Zooming Thumbnails
"https://www.youtube.com/watch?v=zmRPE3EjQ24", $100 Giveaway and Group Project!
"https://www.youtube.com/watch?v=QVXPh9tjrfI", Behind the Scenes at DevTips (Tour Vlog)
"https://www.youtube.com/watch?v=uYPdA_SFSDw", Parallax On The Web (Part 4) ‚Äì The Periscope
"https://www.youtube.com/watch?v=_vtzoIs82e4", All About Zurb Foundation with Brandon Arnold (interview)
"https://www.youtube.com/watch?v=-iOdDz2LnEk", Parallax On The Web (Part 3) ‚Äì Landing Elements
"https://www.youtube.com/watch?v=WTZpNAbz3jg", Parallax On The Web (Part 2) ‚Äì Parallax Header
"https://www.youtube.com/watch?v=STwoa-9jxi0", Parallax on the Web (Part 1) - Parallax Examples
"https://www.youtube.com/watch?v=G_uhyYq9_OI", Jonathan Cutrell of DeveloperTea interview
"https://www.youtube.com/watch?v=tPtHmZAnV70", How to get more signups using browser cookies
"https://www.youtube.com/watch?v=hExwnLlj2xk", How to Make a Full Screen Landing Page (HTML & CSS)
"https://www.youtube.com/watch?v=48Hs6acHsUY", DevTips Live and Q+A
"https://www.youtube.com/watch?v=Zb7YsSdIApo", DevTips Community Announcement & Details
"https://www.youtube.com/watch?v=abkl1xZSWco", Designers: What is it like working with a good developer?
"https://www.youtube.com/watch?v=Y9OgPk77ZvM", Sending Out Notes and DevTips Stickers!
"https://www.youtube.com/watch?v=6co781JgoqQ", CSS Architecture with SMACSS (feat. Caleb Meredith)
"https://www.youtube.com/watch?v=H1lREysgdgc", CSS FlexBox Practical Examples (Rebuilding Dribbble.com using FlexBox)
"https://www.youtube.com/watch?v=G7EIAgfkhmg", CSS FlexBox Essentials
"https://www.youtube.com/watch?v=VlY5CfkL760", Are CSS Frameworks Bad?
"https://www.youtube.com/watch?v=aPWwNG93IKM", DevTips Live 2
"https://www.youtube.com/watch?v=FWvNiwAAW34", DevTips Live 2 Details
"https://www.youtube.com/watch?v=7FD3Y_gkd1s", New Episode on PhPacademy (Styling Awesome Forms)
"https://www.youtube.com/watch?v=BzbxCGzj-ig", Zurb Foundation Grid - CSS Grids Series (columns)
"https://www.youtube.com/watch?v=awmmwhwM3RQ", Zurb Foundation Grid - CSS Grids Series (setup & nav)
"https://www.youtube.com/watch?v=0mXyH2ZoCkA", Zurb Foundation Grid - CSS Grids Series (responsive grid)
"https://www.youtube.com/watch?v=HUZlYKiXMAQ", Zurb Foundation Grid - CSS Grids Series (Intro)
"https://www.youtube.com/watch?v=V0xOL70nU94", Zurb Foundation Grid - CSS Grids Series (summary)
"https://www.youtube.com/watch?v=c5WREStJSZY", Zurb Foundation Grid - CSS Grids Series (flex video)
"https://www.youtube.com/watch?v=TaZui-8OV5k", DevTips Shirts!
"https://www.youtube.com/watch?v=vvCvzRWFYtA", CASE STUDY: Interactive Poems
"https://www.youtube.com/watch?v=g0uzRHLbieQ", 2014 Annual Report
"https://www.youtube.com/watch?v=lfiopzfE5-0", The Three Most Important Skills Of A Web Designer
"https://www.youtube.com/watch?v=hIG-fZ2042k", Centering with CSS
"https://www.youtube.com/watch?v=VFgX6ZcSifU", Mackenzie Child ‚Äî careers, personal growth, and his 12 in 12 challenge
"https://www.youtube.com/watch?v=Y5ZREY3aTtU", New Video & A Few More Things
"https://www.youtube.com/watch?v=sF5zJ_J3XHI", Happy Thanksgiving!
"https://www.youtube.com/watch?v=clzBjs4SPTU", How To make a website in under 15 minutes with Wix.com
"https://www.youtube.com/watch?v=egsq-x-xAUs", Live 1on1 with Eric Tirado
"https://www.youtube.com/watch?v=0QlecDOWHmY", Bootstrap Grid - CSS Grids Series (Intro)
"https://www.youtube.com/watch?v=XNkOkzROU30", Bootstrap Grid - CSS Grids Series (part 13 - Footer)
"https://www.youtube.com/watch?v=tCrM4HzNL24", Bootstrap Grid - CSS Grids Series (part 12 - 3rd Column Layout)
"https://www.youtube.com/watch?v=i7O4Ub3QeuA", Bootstrap Grid - CSS Grids Series (part 11 - 2nd Column Layout Complete)
"https://www.youtube.com/watch?v=HDw6Zdh2IQk", Bootstrap Grid - CSS Grids Series (part 10 - Media Object Style)
"https://www.youtube.com/watch?v=Dwzw3hzYcNU", Bootstrap Grid - CSS Grids Series (part 1 - Project Setup)
"https://www.youtube.com/watch?v=4_7vSj0Qg2s", Bootstrap Grid - CSS Grids Series (part 7 - 1st Column Layout cont.)
"https://www.youtube.com/watch?v=QDXBAX3xJDY", Bootstrap Grid - CSS Grids Series (part 4 - Three Main Columns)
"https://www.youtube.com/watch?v=O8h9MHSBIAw", Bootstrap Grid - CSS Grids Series (part 9 2nd Column Layout)
"https://www.youtube.com/watch?v=io5mgCsmT24", Bootstrap Grid - CSS Grids Series (part 8 - Responsive Video)
"https://www.youtube.com/watch?v=m2nhG_RMOk8", Bootstrap Grid - CSS Grids Series (part 3- Navigation and Tabs)
"https://www.youtube.com/watch?v=kFtEfHJp11s", Bootstrap Grid - CSS Grids Series (part 2 - Page Header)
"https://www.youtube.com/watch?v=GM9Vg_S23sg", Bootstrap Grid - CSS Grids Series (part 5 - Jade Includes)
"https://www.youtube.com/watch?v=HMQ5uKq7ndM", Bootstrap Grid - CSS Grids Series (part 6 - 1st Column Layout)
"https://www.youtube.com/watch?v=wzAWI9h3q18", Jade Is Awesome - Do you Even JADE bro?
"https://www.youtube.com/watch?v=iUGDBQKPk0Q", Live 1on1 with Sam
"https://www.youtube.com/watch?v=EPoI2UfIW44", Panic Coda2 ‚Äî 10 features I love...
"https://www.youtube.com/watch?v=fcKKnum1S84", Live 1on1 with Abhi
"https://www.youtube.com/watch?v=jdvXpRY1tEk", Winners Announced! Secret Links & You close the show!
"https://www.youtube.com/watch?v=-NJEmcqp0TM", Top 5 Hacks in Bootstrap 3
"https://www.youtube.com/watch?v=7Fg3RU-mvOk", Scott Tolinski from LevelUpTuts Interview
"https://www.youtube.com/watch?v=xS5la0c5rnc", DevTips Live!
"https://www.youtube.com/watch?v=KoGvMZRcboo", Announcing DevTips Live!
"https://www.youtube.com/watch?v=oBXWyFzp3as", 2 things...
"https://www.youtube.com/watch?v=1oByN-U9570", OVERVIEW - How to build a professional website from start to finish
"https://www.youtube.com/watch?v=bY14-XNzQt8", Let's meet Will Stern from LearnCode.Academy
"https://www.youtube.com/watch?v=9wAMBQq9vn0", How to Build a Responsive Website From Start to Finish - Free hosting with GitHub! - part 23
"https://www.youtube.com/watch?v=Q05tnz92RJo", How to Build a Responsive Website From Start to Finish - Use FitText for responsive text - part 22
"https://www.youtube.com/watch?v=6sI8Yq63SYM", How to Build a Responsive Website From Start to Finish - Contact Form - part 21
"https://www.youtube.com/watch?v=YC6PSSCIVjQ", How to Build a Responsive Website From Start to Finish - font icons & social contacts - part 20
"https://www.youtube.com/watch?v=DUJlUvsIMeY", How to Build a Responsive Website From Start to Finish - Community Pulls - part19
"https://www.youtube.com/watch?v=5bo39G4LVmE", How to Build a Responsive Website From Start to Finish - Responsive Clients - Part18
"https://www.youtube.com/watch?v=kX2LMxI_QzA", How to Build a Responsive Website From Start to Finish - Testimonial Javascript - Part17
"https://www.youtube.com/watch?v=xTP4uPW7O-k", How to Build a Responsive Website From Start to Finish - Testimonial Markup and Style - Part16
"https://www.youtube.com/watch?v=b7tVNS7IoGM", How to Build a Responsive Website From Start to Finish - Dylans Pull - Part15
"https://www.youtube.com/watch?v=j0KEGXiCHfw", How to Build a Responsive Website From Start to Finish - Community Pull Requests - Part14
"https://www.youtube.com/watch?v=skXUOLDAhuk", How to Build a Responsive Website From Start to Finish - Grunt.js & Jekyll 2.2 Fix - Part13
"https://www.youtube.com/watch?v=pNfyXIR2WfI", How to Build a Responsive Website From Start to Finish - Ajax Content - Part12
"https://www.youtube.com/watch?v=2CrCyyJhkwc", How to Build a Responsive Website From Start to Finish - work section interactions - part 11
"https://www.youtube.com/watch?v=GTBaQ2DcGUk", DevTips Starter Kit
"https://www.youtube.com/watch?v=PubNB94BLFc", How to Build a Responsive Website From Start to Finish - Animations! - part 10
"https://www.youtube.com/watch?v=2oetuiewtUk", What is YML? ‚Äî Comment-O-Rama no.3
"https://www.youtube.com/watch?v=ygvo1_kqVUg", How to Build a Responsive Website From Start to Finish - the work section - part 9
"https://www.youtube.com/watch?v=SUbcvCJaXB8", How to Build a Responsive Website From Start to Finish - some quick pulls - part 8
"https://www.youtube.com/watch?v=X43pKWTRO64", How to Build a Responsive Website From Start to Finish - More Pulls!! - part 7
"https://www.youtube.com/watch?v=D2W_oqMM19k", How to Build a Responsive Website From Start to Finish - GitHub Pull Requests & Refactoring - part 6
"https://www.youtube.com/watch?v=nZoUA-98fL4", How to Build a Responsive Website From Start to Finish - Profile Section - part 5
"https://www.youtube.com/watch?v=WX0MpDuUqqw", How to Build a Responsive Website From Start to Finish - Coding the Header and Footer - part 4
"https://www.youtube.com/watch?v=RlnBW6vl0gc", COMMENT-O-RAMA - Do you build static or dynamic websites?
"https://www.youtube.com/watch?v=lIZCJ01N0cU", COMMENT-O-RAMA! - Where do you buy hosting and domain names?
"https://www.youtube.com/watch?v=u22CLlw4_hg", Jon doesn't like Jekyll
"https://www.youtube.com/watch?v=5RcYlchwwjA", How To Get Started With Jekyll (Trailer)
"https://www.youtube.com/watch?v=MwidSAlbEB8", UI Sketching Conventions
"https://www.youtube.com/watch?v=mkHFrk3WuYQ", How to Build a Responsive Website From Start to Finish - Sketching, Wireframes & Design - Part2
"https://www.youtube.com/watch?v=VcMjo_wczCc", How to Build a Responsive Website From Start to Finish - Discovery & Documentation - Part1
"https://www.youtube.com/watch?v=T6jKLsxbFg4", How to Build a Responsive Website From Start to Finish - Series Introduction
"https://www.youtube.com/watch?v=NnOEfgl_k9w", CSS Vocabulary ‚Äî Awesome Website!
"https://www.youtube.com/watch?v=tnxMTUFy0KA", Dan Cederholm of Dribbble.com + 10 other Top Creative Pros talk about how they got their start
"https://www.youtube.com/watch?v=Ey9UN_Q-vJs", Comment Comments: responding to your questions. (Guest starring: Brian Brunner)
"https://www.youtube.com/watch?v=7RzHdgue-gk", Cactus for Mac 1st Look & GIVEAWAY
"https://www.youtube.com/watch?v=T048vHtIIx0", Responsive Website Basics [Video Outtakes]
"https://www.youtube.com/watch?v=h3IdEqpjMvQ", Responsive Website Basics (in 3 simple steps)
"https://www.youtube.com/watch?v=HQWfUGpigbI", @DevTipsShow [I need your help, and a new twitter handle]
"https://www.youtube.com/watch?v=CQ1vrCQWdTw", Guest Post on Another Channel!!
"https://www.youtube.com/watch?v=GvIP6QtCVSg", The Box Model, Box-sizing & Box-shadow
"https://www.youtube.com/watch?v=gZITuOCAP8M", Wacky Monday: two wacky things you didn't know about your HTML!
"https://www.youtube.com/watch?v=oTc9tJwQ3Ww", How to use box-shadow to make awesome buttons for your website
"https://www.youtube.com/watch?v=swcKGCX2Aos", What advice would you give yourself?
"https://www.youtube.com/watch?v=Az7B4oc9bEM", Feedback Welcome!
"https://www.youtube.com/watch?v=ScaEwmyJuIQ", How to Code a Responsive HTML Email ‚Äî a few thoughts
"https://www.youtube.com/watch?v=XnWIperMy08", How to Code a Responsive HTML Email
"https://www.youtube.com/watch?v=xFGBNv2KeVU", CSS Floats and Clears Explained
"https://www.youtube.com/watch?v=0Vi9344XzEE", 300 Subscribers Today!!!
"https://www.youtube.com/watch?v=1BUNwCsEsnA", Interview with Quentin from Programmers Creed (Part 2)
"https://www.youtube.com/watch?v=609adV3pTME", CSS Floats ‚Äî Explained on Speech Jammer
"https://www.youtube.com/watch?v=-CIJqSO1JtY", WHAT INSPIRES YOU? ‚Äî 15 Designers Discuss Inspiration
"https://www.youtube.com/watch?v=Rf6zAP4YnZA", CSS POSITIONING (PART 2)
"https://www.youtube.com/watch?v=kejG8G0dr5U", CSS POSITIONING (PART1)
"https://www.youtube.com/watch?v=8BMhCu1sP8I", Interview with Los Montoya
"https://www.youtube.com/watch?v=-Z3qznaE9vc", SASS versus SCSS
"https://www.youtube.com/watch?v=ieT60LJn2Xg", OSX Application Menu Search
"https://www.youtube.com/watch?v=xYOOwpMmFXQ", Variables Using .KIT
"https://www.youtube.com/watch?v=K-LHSc5m110", The .KIT Language
"https://www.youtube.com/watch?v=4tvtb-hCbTg", Dimensions Chrome App
"https://www.youtube.com/watch?v=OHxzZXYdZb0", How to control the CSS output by your SASS
"https://www.youtube.com/watch?v=1XmUUa_pWw8", How I use SASS
"https://www.youtube.com/watch?v=dzLEV9Q23ag", LAST VIDEO OF 2013 ‚Äî Channel Review & Plans for 2014
"https://www.youtube.com/watch?v=PJkWbezpHpE", CSS Basics (Part8) ‚Äî CSS Preprocessors
"https://www.youtube.com/watch?v=Qkx3avfK28k", CSS Basics (Part 7) ‚Äî CSS3
"https://www.youtube.com/watch?v=fy07HYm-geM", CSS Basics (Part6) ‚Äî Specificity
"https://www.youtube.com/watch?v=Twg4lgHcIFc", Thanks Giving Day Question No.2 ‚Äî Life & Work
"https://www.youtube.com/watch?v=Ygh5U-pk9Cg", Thanks Giving Day Question No.1 ‚Äî CSS Inspiration
"https://www.youtube.com/watch?v=oh2JLo2yxCM", CSS Basics (Part5) ‚Äî Advanced Selectors
"https://www.youtube.com/watch?v=OFDAGiPJHL8", Advice and Crap for Young Creators
"https://www.youtube.com/watch?v=4LtwZQ5jxic", CSS Basics (Part4) ‚Äî Property and values
"https://www.youtube.com/watch?v=0yGZU5bx9Eg", 100 subs + giveaway!
"https://www.youtube.com/watch?v=emMO3iCpvrc", CSS Basics (Part3) ‚Äî Selectors
"https://www.youtube.com/watch?v=ljFKl9cSeP8", Cascade Episode Bloopers
"https://www.youtube.com/watch?v=tZhmjgLQgXU", CSS Basics (Part2) ‚Äî Cascades
"https://www.youtube.com/watch?v=s7ONvIgOWdM", CSS Basics (Part1) ‚Äî What is CSS?
"https://www.youtube.com/watch?v=fcGCle9eDJE", Announcing: Dev Tips Beta
"https://www.youtube.com/watch?v=caOIrCS3Nrw", How does the internet work? - Part 3 (It's like a cupcake)
"https://www.youtube.com/watch?v=8b7wObfC8VM", How does the internet work? - Part 2 (Organize your HTML Project)
"https://www.youtube.com/watch?v=XZIMEoUhOA8", How does the internet work? - Part 1 (It's like a bad drawing.)
"https://www.youtube.com/watch?v=UZL8peQaEuc", The Email Design Conference 2013 San Francisco ‚Äî 30 Email Dev Tips from Strangers!
"https://www.youtube.com/watch?v=J25mYgiLGSI", HTML5 Basics - Coding it all up, the long one... (Part7)
"https://www.youtube.com/watch?v=gb8SzwkM6Lo", HTML5 Basics - HTML5 Tags (Part6)
"https://www.youtube.com/watch?v=u-3aQpZD3_Q", HTML5 Basics - Display Types (Part5)
"https://www.youtube.com/watch?v=1SLB-vCqR0g", HTML5 Basics - Tags (Part4)
"https://www.youtube.com/watch?v=vpqm2fPEzbI", HTML5 Basics - The DOM (Part3)
"https://www.youtube.com/watch?v=2R8_Yt8UjBo", HTML5 Basics - Philosophy of HTML5 (Part2)
"https://www.youtube.com/watch?v=NzzGt7EmXVw", HTML5 Basics - History of HTML (Part1)
"https://www.youtube.com/watch?v=nTYP4IZvLWw", Welcome to Dev Tips!
