"https://www.youtube.com/watch?v=tDouX2IORRc", phpmyadmin - count(): Parameter must be an array or an object that implements Countable
"https://www.youtube.com/watch?v=5zyI-4b7udg", #1698 - Access denied for user 'root'@'localhost'
"https://www.youtube.com/watch?v=5ynUtj3ChgU", How to write Cron jobs on AWS
"https://www.youtube.com/watch?v=0CI2kKeMAYI", Metamorphosis Beng
"https://www.youtube.com/watch?v=2t6eJoHr3h8", Metamorphosis Hin
"https://www.youtube.com/watch?v=MKGCQa1Z1gc", How to Submit Your Website to Google
"https://www.youtube.com/watch?v=lrjB7PyUjro", how to install free SSL certificate in cpanel
"https://www.youtube.com/watch?v=XcA_OEVzjqY", How to set ajax loading image
"https://www.youtube.com/watch?v=taOJrNeBfg8", php json encode and decode
"https://www.youtube.com/watch?v=G_roQzuVgxk", About Us How it works
"https://www.youtube.com/watch?v=h9c9QQACFe4", Create Desktop Application with PHP,PHP Desktop,Mysql Part 4
"https://www.youtube.com/watch?v=NLlwvUmwfCw", Create Desktop Application with PHP,PHP Desktop,Mysql part 3
"https://www.youtube.com/watch?v=WEn3zUgIXmk", Create Desktop Application with PHP,PHP Desktop,Mysql part 2
"https://www.youtube.com/watch?v=f8gZvXTf5aM", Create Desktop Application with PHP,PHP Desktop,Mysql part 1
"https://www.youtube.com/watch?v=o-i6F17zN78", How to create database using mysql
"https://www.youtube.com/watch?v=KQsIOY31ISU", why we need proper validation for input type file
"https://www.youtube.com/watch?v=K3vbuqlkyzA", Select list using array
"https://www.youtube.com/watch?v=bwHmzcP7fdk", Zip code validation using javascript
"https://www.youtube.com/watch?v=Qg7LlR-PxX4", Time validation using javascript
"https://www.youtube.com/watch?v=gkZv1gbVNlE", phone No validation using jquery
"https://www.youtube.com/watch?v=Lcm4A4sVUYM", Password field validation using javascript
"https://www.youtube.com/watch?v=YSJdVhfhUaY", pan card validation using jquery
"https://www.youtube.com/watch?v=LCfUei0jrWo", Number validation using jquery
"https://www.youtube.com/watch?v=NzytBYLzm_s", empty field validation using javascript
"https://www.youtube.com/watch?v=x_W2eH4TSlM", Email field validation using javascript
"https://www.youtube.com/watch?v=Co5GoSUDxp0", Date validation using javascript
"https://www.youtube.com/watch?v=P9ir6b9k3XE", Credit Card Validation using javascript
"https://www.youtube.com/watch?v=foHBFgrbQNI", Confirm password field validation using javascript
"https://www.youtube.com/watch?v=mu2olvaf0NI", php functions serialize,unserialize,urlencode,urldecode
"https://www.youtube.com/watch?v=RGivGwh3WdA", How to Create a PHP AutoLogin
"https://www.youtube.com/watch?v=IIGFH2NgOAA", Simple blog post and post view count.
"https://www.youtube.com/watch?v=ZyjqCyDHn6c", how to fix Server Not Found in wamp server
"https://www.youtube.com/watch?v=INM1mzERBYw", Conversion from type 'DBNull' to type 'String' is not valid in DataGridView CellClick
"https://www.youtube.com/watch?v=4iV3w50R3fQ", Error Cannot be embbedded Use the applicable interface instead
"https://www.youtube.com/watch?v=__66N18OstA", How to share your software database using google drive
"https://www.youtube.com/watch?v=KwQtVNs3Hrw", How to install e commerce themes using wordpress
"https://www.youtube.com/watch?v=Pw7jGTIx5Fg", Uploading Multiple Files in ASP NET 4 0
"https://www.youtube.com/watch?v=ELo_n3GGOs0", How to create and insert data into ms access database in vb form
"https://www.youtube.com/watch?v=i07kZnlaDRQ", How to calculate BMI Visual Basic 10
"https://www.youtube.com/watch?v=uwtA6DFHOcc", How to open and show image in vb form
"https://www.youtube.com/watch?v=NYyjI0M-Azg", AJAX control in php
"https://www.youtube.com/watch?v=_LB4ZkTnC88", Create Database in mysql by php form.
"https://www.youtube.com/watch?v=7fUlww1QM7I", how to create a fancybox using jquery
"https://www.youtube.com/watch?v=QXtpgo-O7U4", Beginner php oop part 24 final class
"https://www.youtube.com/watch?v=nMhwIQaT_9k", Beginner php oop part 23 static and forword static call array
"https://www.youtube.com/watch?v=U-rM3LHZtqM", Beginner php oop part 22 static keyword
"https://www.youtube.com/watch?v=fp5oIn-QD9A", Beginner php oop part 21 abstract class
"https://www.youtube.com/watch?v=u1p9hZ5Mkmg", Beginner php oop part 20 overriding
"https://www.youtube.com/watch?v=T_qD9dut4fg", Beginner php oop part 19 inheritance
"https://www.youtube.com/watch?v=OaL-GjxlUWE", Beginner php oop part 17 create an object
"https://www.youtube.com/watch?v=VkmY-9zoS1o", Beginner php oop part 16 php class
"https://www.youtube.com/watch?v=Q7HPPHX3oDM", Beginner php oop part 15 php global variable example 3 & POST and $ REQUEST
"https://www.youtube.com/watch?v=dNMyN40o47U", Beginner php oop part 14 php global variable example 2 super global
"https://www.youtube.com/watch?v=U3tRZW1A7y4", Beginner php oop part 13 php global variable example 1
"https://www.youtube.com/watch?v=EsVZ_TWqdjg", Beginner php oop part 12 php function
"https://www.youtube.com/watch?v=g_-Zz-u23jQ", Beginner php oop part 11 php for loop
"https://www.youtube.com/watch?v=OxhxcYoFlVE", Beginner php oop part 10 php do while loop
"https://www.youtube.com/watch?v=jkWP9L9sEqI", Beginner php oop part 9 php array
"https://www.youtube.com/watch?v=1KKwR9nwRwk", Beginner php oop part 8 switch statement
"https://www.youtube.com/watch?v=2-pbmOITkvw", Beginner php oop part 7 if else and elseif conditions
"https://www.youtube.com/watch?v=_DSam5lKYko", Beginner php oop part 6 constants
"https://www.youtube.com/watch?v=kuOLMeF_fHo", Beginner php oop part 5 string function
"https://www.youtube.com/watch?v=ylZcRwoI5XY", How to make a loading window in Visual Basic 2010
"https://www.youtube.com/watch?v=fsZOpo5CINQ", Beginner php oop part 4 php object
"https://www.youtube.com/watch?v=sDv-geBELVI", Beginner php oop part 3 php datatype
"https://www.youtube.com/watch?v=YUL9gR9H0o8", Beginner php oop part 2
"https://www.youtube.com/watch?v=NjsX0Dy6dcg", Beginner php oop part 1
"https://www.youtube.com/watch?v=XyK0-E1MPzk", How to make a html editor visual C#
"https://www.youtube.com/watch?v=UZIcNJzdjTk", How to create function and procedure in mysql database.
"https://www.youtube.com/watch?v=t_Fcx6vQy8U", how to make a hacking software using vb .net
"https://www.youtube.com/watch?v=rn-f2I7Sb88", Create procedure in phpmyadmin .
"https://www.youtube.com/watch?v=CCKtxhYwvAk", Beginner php oop part 18 constructor function in php oop
