"https://www.youtube.com/watch?v=-xp2lz_fFnA", Разработка и создание корпоративного сайта для производителя прачечного оборудования Helen
"https://www.youtube.com/watch?v=XirmBQtfnrg", SEO аудит сайта c функцией white label брендированные отчеты с помощью Netpeak Spider
"https://www.youtube.com/watch?v=j3HjpWshwB4", Парсинг html данных с сайтов в Excel через CSS селекторы в программе для парсинга Netpeak Spider
"https://www.youtube.com/watch?v=1QxgSOuAB1Q", Оптимизация фото для сайта онлайн и пакетная конвертация в JPG,PNG,WEBP и изменение размера
"https://www.youtube.com/watch?v=2DkHZdKIsTg", Сontact Form 7 – защита от спама с помощью Google reCaptcha
"https://www.youtube.com/watch?v=6Tzt6toVYYo", Serphunt
"https://www.youtube.com/watch?v=wV9CiyTM_m0", Contact Form 7 - как настроить прикрепление и отправку файлов к письму в WordPress
"https://www.youtube.com/watch?v=dXN-Wg9g3jc", Расширение семантики ядра сайта поиск новых запросов – запросы из Гугл Вебмастер(Cерч консоль)
"https://www.youtube.com/watch?v=JO0G8i9MNGA", Анализ трафика сайтов конкурентов – как быстро проверить посещаемость чужого сайта онлайн
"https://www.youtube.com/watch?v=L51e5vshzwA", Netpeak Checker – проверка траста сайта и авторитетности сайта
"https://www.youtube.com/watch?v=S3R8vFN9DWE", ТопВизор - сервис проверки позиций сайта по ключевым словам в поисковиках(Мониторинг позиций сайта)
"https://www.youtube.com/watch?v=0vBiv_Jj_V4", Парсинг товаров с сайтов интернет магазинов с помощью Netpeak Spider
"https://www.youtube.com/watch?v=CzjhrwmM3Cg", SMMBox – автопостинг отложенный постинг в соц сети ВК, Инстаграм, Телеграм, Фейсбук
"https://www.youtube.com/watch?v=G6qM-EL1nko", Вывод криптовалюты на карту - Как вывести деньги с биржи криптовалют на карту с мин. комиссией
"https://www.youtube.com/watch?v=B21kHLz229M", Kwork - обзор магазина/биржи фриланс услуг Kwork – инструкции для покупателей/заказчиков
"https://www.youtube.com/watch?v=j8GNWbsZrVQ", Биржа Binance.com обзор - как купить перспективные криптовалюты/альткоины
"https://www.youtube.com/watch?v=7pY_o-SDrFM", Где и как купить биткоин и др криптовалюты дешево на бирже за рубли, доллары, евро просто и быстро
"https://www.youtube.com/watch?v=wWpF1o4JA6Q", Как купить биткоин за рубли доллары через сбербанк, карточку или яндекс деньги - обменники
"https://www.youtube.com/watch?v=AwfcjNi0MAo", Дешевая и эффективная стратегия продвижения продукта/услуги на рынке для быстрого роста продаж
"https://www.youtube.com/watch?v=eQ-SYTrXeCM", Плагин оптимизации WordPress – Clearfy инструкции по настройке
"https://www.youtube.com/watch?v=7hznYEMR4fU", Как подобрать ключевые слова для сайта, оценить конкурентность запроса – анализ сайтов конкурентов
"https://www.youtube.com/watch?v=nlFNeLv1CVE", Как открыть много ссылок сразу – открыть ссылки списком с помощью URL Opener
"https://www.youtube.com/watch?v=UiK9ypUZdNU", Копирование виджетов с настройками на примере «Widget Clone» для WordPress
"https://www.youtube.com/watch?v=7wNgbFxOAWg", Проверка сайта на битые ссылки – поиск бытых ссылок с помощью Broken Link Checker для WordPress
"https://www.youtube.com/watch?v=PFaDLERwcaA", Отслеживание заявок с сайта в Google Analytics и Яндекс Метрике на примере ContactForm 7
"https://www.youtube.com/watch?v=XZRHGrh_zKs", Пипетка/Color Picker - анализ цветовой схемы сайта с помощью Rainbow Color Tools
"https://www.youtube.com/watch?v=SD_34K0dkzg", WP ALL Import WooCommerce – импорт товаров из CSV, XML прайсов
"https://www.youtube.com/watch?v=LZykewWET0A", Подбор ключевых слов для сайта - как искать запросы для продвижения сайта
"https://www.youtube.com/watch?v=_DkHyz5Ffjg", Как быстро увеличить продажи нового сайта и повысить посещаемость
"https://www.youtube.com/watch?v=J2tPZE-SdBs", Как узнать популярные запросы конкурентов - подбор ключевых слов для SEO продвижения
"https://www.youtube.com/watch?v=NIGHYjT0oMw", Как быстро повысить посещаемость сайта из поисковых систем (Яндекс и Google)
"https://www.youtube.com/watch?v=7Y78r7nGDnA", Как быстро увеличить посещаемость сайта из поисковых систем (Google и Яндекс)
"https://www.youtube.com/watch?v=vBkXKG0AtVI", Массовая проверка ТИЦ и PR - бесплатные инструменты для проверки ТИЦ и ПР сайта
"https://www.youtube.com/watch?v=80UEk6X67BI", Различия между записями и страницами в WordPress
"https://www.youtube.com/watch?v=CPgXq2i2k-g", Полезные инструменты WordPress - Импорт, Экспорт, Конвертер рубрик и меток
"https://www.youtube.com/watch?v=hY7GxHa41oY", Что такое WordPress тема и как установить и активировать WordPress тему
"https://www.youtube.com/watch?v=sLlYWFLOidw", Уроки WordPress для начинающих - первые шаги после установки (Оптимальные Настройки)
"https://www.youtube.com/watch?v=s3Yj547znZU", Добавление фотографий и галерей картинок для WordPress (WordPress для начинающих)
"https://www.youtube.com/watch?v=NrpEheYS-ug", Управление комментариями в WordPress - Видео Уроки WordPress для начинающих
"https://www.youtube.com/watch?v=pSZEDJ0mBpg", Загрузка файлов в медиа библиотеку WordPress (Уроки WordPress для начинающих)
"https://www.youtube.com/watch?v=Cv4dLYU75U0", WordPress меню (создание и настройка) - выпадающее пользовательское меню (WordPress для чайников)
"https://www.youtube.com/watch?v=5t1sExsbQzo", Как вставить видео на WordPress c YouTube, Vimeo (Уроки WordPress для начинающих)
"https://www.youtube.com/watch?v=AgTLIh1nTzQ", Уроки WordPress - Как вставить или удалить ссылку (WordPress для начинающих)
"https://www.youtube.com/watch?v=05IPjvVestA", Уроки WordPress - Как создать запись (WordPress для чайников)
"https://www.youtube.com/watch?v=9bFYlVnfjsk", Уроки WordPress - Быстрое редактирование записей (WordPress для чайников)
"https://www.youtube.com/watch?v=3hf74I2V9EE", Уроки WordPress - Создание и управление пользователями (WordPress для чайников)
"https://www.youtube.com/watch?v=luLhpOEASEI", Уроки WordPress Как вставить Яндекс карту на сайт WordPress
"https://www.youtube.com/watch?v=tGfrHDnBOuE", Уроки WordPress - правильный файл robots.txt WordPress для Яндекса и Google
"https://www.youtube.com/watch?v=W0UiOQmuTIQ", Уроки WordPress SEO - Настройка постоянных ссылок (ЧПУ) в WordPress
"https://www.youtube.com/watch?v=Gp_VJicC0Sc", Уроки WordPress - Как установить плагин на WordPress сайт
"https://www.youtube.com/watch?v=LBJveQsNHFc", Уроки WordPress - Как узнать id страницы или поста
"https://www.youtube.com/watch?v=OpKTVrXnLac", SEO оптимизация WordPress сайта для эффективного продвижения в Google и Яндекс
"https://www.youtube.com/watch?v=NLYDAoiDcbQ", Уроки WordPress - Как отключить или включить комментарии
"https://www.youtube.com/watch?v=tyEdJDgcb3U", Уроки WordPress - Как войти в админку сайта WordPress
