"https://www.youtube.com/watch?v=buS3mweBWCA", Javascript Api App | Weather Forecast App For Beginners
"https://www.youtube.com/watch?v=WaC9RyEU6K4", You can do THAT with HTML? | 7 Cool HTML Tricks for Beginners
"https://www.youtube.com/watch?v=RFazHOkrxkU", Top Tools For Web Development 2021
"https://www.youtube.com/watch?v=_fyn91g6ZW4", Javascript Drawing App Using the HTML5 Canvas Element
"https://www.youtube.com/watch?v=eHI9E75jCCI", Coding Bootcamp Cost Comparison and Cheaper Alternatives
"https://www.youtube.com/watch?v=LiwAKSvrfr0", Javascript Arrow Functions Tutorial for Beginners ES6
"https://www.youtube.com/watch?v=izoX4WIiwJc", Self-Taught Software Engineer: 7 Tips
"https://www.youtube.com/watch?v=5mihxQ9jbIc", Design Terminology: Composition
"https://www.youtube.com/watch?v=Rwg-JoGahpY", Responsive Web Design Testing Tutorial
"https://www.youtube.com/watch?v=Rp5hzD052KY", Writing a Book in 30 Days | Day 1
"https://www.youtube.com/watch?v=FGaXRL5CP1c", C Coding for Mac | Learn to Program in C for Beginners
"https://www.youtube.com/watch?v=dolnaf0SYjA", Stop Using These #!$@% Fonts! | How to Choose Fonts
"https://www.youtube.com/watch?v=3kum0dpdH7I", CSS Crash Course | Learn CSS in 30 Minutes
"https://www.youtube.com/watch?v=g6MBhnoB3i8", Framework Tech Media Channel Trailer
"https://www.youtube.com/watch?v=EuJ_87xio2A", Trello Video Production Workflow
"https://www.youtube.com/watch?v=OKe2l9nOlj0", Html Tables For Beginners | Tables in HTML email
"https://www.youtube.com/watch?v=zUaC_udLWTo", How To Create Lower Thirds In Photoshop | Create Lower Thirds
"https://www.youtube.com/watch?v=XH9XY-3snYY", Adobe Cloud Alternatives | Creative Cloud Alternatives
"https://www.youtube.com/watch?v=3h9bkf244IQ", Entry Level Developer Jobs: Which Language Should I Learn?
"https://www.youtube.com/watch?v=wElmqAby-8E", How to Become a Self-Taught Developer: 10 Tips
"https://www.youtube.com/watch?v=wWtwKXzvvx4", Coding Projects For Beginners-- JavaScript, HTML, and Full-Stack
"https://www.youtube.com/watch?v=0e9hXk5K1uo", JavaScript: First Lesson
"https://www.youtube.com/watch?v=wtnI6vDUd6Q", How to Build a Website- Full Step by Step Tutorial
"https://www.youtube.com/watch?v=W_ySL6uCSm4", Vscode Tips And Tricks
"https://www.youtube.com/watch?v=9OkrM4tRIaM", 10 Mistakes New Programmers Make
"https://www.youtube.com/watch?v=5t0IMKAn-0E", Hybrid Mobile Application Development Tutorial with Flutter
"https://www.youtube.com/watch?v=l19Ji_cHhFc", HTML5 Full Course
"https://www.youtube.com/watch?v=5mjOig7EWX8", CSS Box Model
"https://www.youtube.com/watch?v=4B-vyoo86D0", Stock Photo tips
"https://www.youtube.com/watch?v=IoWsViG5cro", Reality Composer Tutorial | CodeLab 002
"https://www.youtube.com/watch?v=At6QYd0uhWE", Python API Request Tutorial
"https://www.youtube.com/watch?v=UaDWdzfID-A", Rule Of Thirds For Beginners
"https://www.youtube.com/watch?v=9pE39wvD97U", Animate CSS Tutorial
"https://www.youtube.com/watch?v=90uklbT4gwY", Text Editors For Web Development | Framework Coding Show 0202
"https://www.youtube.com/watch?v=fMKYx9uBXEk", JavaScript Web Services Tutorial: CodeLab Episode 0107
"https://www.youtube.com/watch?v=wlNqSA_pUt4", Getting Started With Bootstrap
"https://www.youtube.com/watch?v=OMKVG4Wt8LY", Bootstrap Components with Bootsnipp
"https://www.youtube.com/watch?v=bodL2k4RVuM", Html5 Tips And Tricks | Framework Coding Show 0201
"https://www.youtube.com/watch?v=5dPgYF1BKMs", Google Identity Platform Tutorial: Build Episode 001
"https://www.youtube.com/watch?v=2eoPPNQOVSI", Learn jQuery for Beginners | Build Episode 002
"https://www.youtube.com/watch?v=P1b1J-QvP5M", Phaser Project: Build Your First JavaScript Game with the Phaser Library | BUILD 003
"https://www.youtube.com/watch?v=zNNgxwtrY0U", How To Make Checkout Page In HTML| CodeLab 004
"https://www.youtube.com/watch?v=gLEL2K5qhMQ", Responsive Navbar Html Css Jquery | CodeLab 003
"https://www.youtube.com/watch?v=tz5iWA9tbpE", PHPMyAdmin Tutorial For Beginners 2020 | Creating a MySQL Database | Code Lab 001
"https://www.youtube.com/watch?v=tLHfVjv5Y0g", Bootstrap Flex Layout | CodeLab 005
"https://www.youtube.com/watch?v=MSginGReiqQ", How To Build A Web Scraper In Python | CodeLab 006
"https://www.youtube.com/watch?v=nynEoxNq9RM", Quick Javascript Projects: Business News Aggregator API App
"https://www.youtube.com/watch?v=rmzwh9EVSzU", Quick Javascript Projects: Web Form Validation
"https://www.youtube.com/watch?v=D9yAzfR3deQ", How To Build A Website From Scratch
"https://www.youtube.com/watch?v=gyw96__YthM", Build an App From Scratch
"https://www.youtube.com/watch?v=69NVAUfURTc", Learn Javascript In 1 Hour
"https://www.youtube.com/watch?v=cs5jwYxF5S8", How to Begin Coding | 7 Tips to Start Coding Today
"https://www.youtube.com/watch?v=gXi1dpo0BL8", Javascript App Project with Vanilla JavaScript | Framework Coding Show Ep 005
"https://www.youtube.com/watch?v=qhats3nh1dw", Earn Your Html Certification on YouTube | Section 15 of 16 | Page Layout
"https://www.youtube.com/watch?v=cXew_-j82rE", Earn Your Html Certification on YouTube | Section 16 of 16 | Flexbox
"https://www.youtube.com/watch?v=jRS-s8KuQbY", Earn Your Html Certification on YouTube | Section 14 of 16 | The CSS Box Model
"https://www.youtube.com/watch?v=4TaVnK-5jRI", Earn Your Html Certification on YouTube | Section 13 of 16 | HTML Buttons
"https://www.youtube.com/watch?v=XkzFicqkGt4", Earn Your Html Certification on YouTube | Section 12 of 16 | HTML Forms
"https://www.youtube.com/watch?v=Zp5TNlh84SU", Earn Your Html Certification on YouTube | Section 11 of 16 | HTML Tables
"https://www.youtube.com/watch?v=ZgowUHUY5dU", Earn Your Html Certification on YouTube | Section 10 of 16 | Media in HTML
"https://www.youtube.com/watch?v=W86a-zsIWfE", Earn Your Html Certification on YouTube | Section 9 of 16 | Hyperlinks
"https://www.youtube.com/watch?v=JJh6dnQ3q6c", Earn Your Html Certification on YouTube | Section 8 of 16 | HTML Lists
"https://www.youtube.com/watch?v=7R9XJEH8DsY", Earn Your Html Certification on YouTube | Section 7 of 16 | CSS Libraries
"https://www.youtube.com/watch?v=8KOuVcUjqbU", Earn Your Html Certification on YouTube | Section 6 of 16 | Google Fonts
"https://www.youtube.com/watch?v=xaeFlwz3j60", Earn Your Html Certification on YouTube | Section 5 of 16 | Div and Span Tags
"https://www.youtube.com/watch?v=ywG6eRVYWxU", Earn Your Html Certification on YouTube | Section 4 of 16 | CSS Basics
"https://www.youtube.com/watch?v=bL4w7I5S4y4", Earn Your Html Certification on YouTube | Section 3B of 16 | Text Markup Tags
"https://www.youtube.com/watch?v=jVtJ1nlJjmk", Earn Your Html Certification on YouTube | Section 3A of 16 | Paragraph Tags
"https://www.youtube.com/watch?v=v7UwIxxOd18", Earn Your Html Certification on YouTube | Section 2 of 16 | Heading Tags
"https://www.youtube.com/watch?v=PBsL6M5gfiQ", Earn Your Html Certification on YouTube | Section 1 of 16 | Basic Document Structure
"https://www.youtube.com/watch?v=atTXSBHvXYM", Is JavaScript Hard to Learn? 5 Tips to Make Learning JavaScript Easier
"https://www.youtube.com/watch?v=afPUnB-COQI", Python Loops | The Framework Coding Show Ep 004
"https://www.youtube.com/watch?v=ZuApaZOuY-g", Python Lists And Tuples | Framework Coding Show 003
"https://www.youtube.com/watch?v=Xvnignc5FQE", Don't Learn These 5 Languages in 2020 if You're a Beginner
"https://www.youtube.com/watch?v=VLLVlqVEl7k", How do Web Cookies Work? | Framework Technical Report 008
"https://www.youtube.com/watch?v=VSkOKD5D2_s", Playing Games of a Living | Framework Technical Report 007
"https://www.youtube.com/watch?v=-2fCOG6HjDw", Python Conditional Statements | The Framework Coding Show Ep 002
"https://www.youtube.com/watch?v=Byx4zo_-42g", Augmented Reality Versus Virtual Reality | Framework Technical Report 006
"https://www.youtube.com/watch?v=G5DPpQXzhNM", Coding For Kids: Where to Start | Framework Technical Report 005
"https://www.youtube.com/watch?v=dQxG9g3YUWM", Python Variables Expressions And Statements | The Framework Coding Show Ep 001
"https://www.youtube.com/watch?v=tlXNmip8iEM", The State of Online Video | Framework Technical Report 004
"https://www.youtube.com/watch?v=us9bRUd-m7M", iOS vs Android: Which Mobile OS Is Most Popular? | Framework Technical Report 003
"https://www.youtube.com/watch?v=KjvEZeME524", Programmers Salary | Framework Technical Report 002
"https://www.youtube.com/watch?v=qiDofhNRjb0", Most Used Programming Languages 2019 | Framework Technical Report with Mark Lassoff 001
"https://www.youtube.com/watch?v=asnJPd1NIis", Code Party: JavaScript Tricks for Newbies
"https://www.youtube.com/watch?v=R575lu1VTFQ", First Android App Using Android Studio | A Simple First App You Can Create
"https://www.youtube.com/watch?v=8NUqDc1bQ84", Javascript Google Maps Api Tutorial
"https://www.youtube.com/watch?v=MDHeKbAXMek", Digital Product Design
"https://www.youtube.com/watch?v=MgwzbwK0ksw", Digital Skills Now: What is JavaScript?
"https://www.youtube.com/watch?v=EIPApFrhi1s", Google Maps Javascript Api Tutorial 2019
"https://www.youtube.com/watch?v=ych1L9J-bDY", Javascript Trivia Game Code | Full Code Included
"https://www.youtube.com/watch?v=kXBs8Jd4_Q0", Javascript Video Player Tutorial | Make a Video Player with HTML5 and JavaScript
"https://www.youtube.com/watch?v=EXyqrGSaJoI", JavaScript Beginners Projects | Live Workshop | August 5, 2019
"https://www.youtube.com/watch?v=F1o5F1W643Y", Chicago Transit Authority App | Consuming API Javascript | Cross Site Scripting
"https://www.youtube.com/watch?v=yNolUEBE3Wc", Web Database Applications With Php And MySQL
"https://www.youtube.com/watch?v=kwB82TLCcec", Are You Too Old To Become A Web Developer? | Tool School 8
"https://www.youtube.com/watch?v=1AwTtgsGdSA", Javascript Weather App: All Code Included
"https://www.youtube.com/watch?v=upopiaxdOfg", Easy Javascript Projects For Beginners: Tip Calculator
"https://www.youtube.com/watch?v=OJ56wqvI-_o", Digital Clock With Javascript | Build a Digital Clock that Shows the Latest News Tutorial
"https://www.youtube.com/watch?v=Mc8-0UPpMVk", Javascript Fetch Api Tutorial | Creating a Beer Pairing App with JavaScript Fetch
"https://www.youtube.com/watch?v=dlP3XvWtkTA", HTML Sales Page: Create a High-Converting Sales Page with HTML and JavaScript
"https://www.youtube.com/watch?v=pFpBibg6nac", Google Maps Api Javascript Example
"https://www.youtube.com/watch?v=BSesIp0FzB4", Mobile App Development With Javascript
"https://www.youtube.com/watch?v=evFxpXldQPI", Responsive Web Design with Bootstrap: Framework Developer Boot Camp
"https://www.youtube.com/watch?v=Hp0yEbkwKrw", Chrome Developer Tools: Framework Developer Boot Camp
"https://www.youtube.com/watch?v=1hI2_2cLpd4", Vue.js Front end framework: Framework Developer Boot Camp
"https://www.youtube.com/watch?v=KxPYhzOJaQU", JavaScript the Future: Framework Developer Boot Camp
"https://www.youtube.com/watch?v=lC2byskjhiQ", JavaScript the Basics: Framework Developer Boot Camp
"https://www.youtube.com/watch?v=qNFEyQutnK8", Python Fundamentals: Framework Developer Boot Camp
"https://www.youtube.com/watch?v=XKKM3yDuq50", Hosting a static website with AWS: Framework Developer Boot Camp
"https://www.youtube.com/watch?v=V2Z9Cz_FAZY", An Overview with SQL and SQLlite: Framework Developer Boot Camp
"https://www.youtube.com/watch?v=rjegn2jagnI", Web Application Basics with Ruby on Rails: Framework Developer Boot Camp
"https://www.youtube.com/watch?v=KFHXCUueJn8", Javascript Projects: Restaurant Row
"https://www.youtube.com/watch?v=ObLTlcapS5U", The 20 Week Developer Road Map
"https://www.youtube.com/watch?v=Ooh5WJ3h238", Web Development Certification
"https://www.youtube.com/watch?v=WkSE9yyMTQk", Build a Mobile App in Just an Hour: Educational Webinar
"https://www.youtube.com/watch?v=HYat5Ml3iLo", Git and Github: Framework Developer Boot Camp
"https://www.youtube.com/watch?v=D8Lf02P0T2I", CLI (Command Line Interface):Framework Developer Boot Camp
"https://www.youtube.com/watch?v=wD9irTlZj6U", Make A Simple Web Site with HTML and CSS: Framework Developer Boot Camp
"https://www.youtube.com/watch?v=0exVtn9HvoI", First App Tutorial Final 1
"https://www.youtube.com/watch?v=n6uanMPfUnY", PhoneGap Listview
"https://www.youtube.com/watch?v=mWIhN767GVM", UI: Flip Switch
"https://www.youtube.com/watch?v=jpgSwHt_QCU", UI: Control Groups (PhoneGap)
"https://www.youtube.com/watch?v=OEuE5tDryU4", PhoneGap Collapsible Content Blocks
"https://www.youtube.com/watch?v=RzrkwH7th0s", Creating a MultiPage UI
"https://www.youtube.com/watch?v=utkogjwPzkQ", Styling a PhoneGap App in 30 Seconds with jQuery
"https://www.youtube.com/watch?v=tMcqf7z7z8M", Testing PhoneGap Apps on Mobile
"https://www.youtube.com/watch?v=aAc0su4qfeE", Testing PhoneGap Apps in a Browser
"https://www.youtube.com/watch?v=BbWNmZbLkhg", PhoneGap Development Environment
"https://www.youtube.com/watch?v=yWmWGwOjWKk", Making Your First PhoneGap App
"https://www.youtube.com/watch?v=CXem2P9PHT0", Creating a PhoneGap Project
"https://www.youtube.com/watch?v=McueGtFuw_g", jQuery Listview Tutorial - QuickBytes
"https://www.youtube.com/watch?v=RkH8-iG_eRA", Tips to Speedup and Optimize Your Website - The Web Dev Show - Season 2 Epsiode 12
"https://www.youtube.com/watch?v=3gkPBA1k_W0", Adding Polls to Your Website - The Web Dev Show - Season 2 Epsiode 11
"https://www.youtube.com/watch?v=XLCbo9752VU", The VIDEO and AUDIO Tags in HTML5 - The Web Dev Show - Season 2 Epsiode 10
"https://www.youtube.com/watch?v=XAAee48n0sc", Who Controls the Internet? - The Web Dev Show - Season 2 Epsiode 9
"https://www.youtube.com/watch?v=vkv0fHXUUco", Simple Email Form for a “Contact Us” on Your Website - The Web Dev Show - Season 2 Epsiode 8
"https://www.youtube.com/watch?v=mzcxaQvpISc", QuickBytes: Movie Application with Mark Lassoff
"https://www.youtube.com/watch?v=xzLYaR70SnE", Overview of the Differences Between HTML4, XHTML, and HTML5 - The Web Dev Show - Season 2 Epsiode 7
"https://www.youtube.com/watch?v=ZWWmo6Y0X7I", Brief History of the Internet - The Web Dev Show - Season 2 Epsiode 6
"https://www.youtube.com/watch?v=mET6cXJtyTM", How to Get Your Website Onto Search Engines Like Google - The Web Dev Show - Season 2 Epsiode 5
"https://www.youtube.com/watch?v=Q_elI9dBB6I", Using Forms to Get Input from the User - The Web Dev Show - Season 2 Epsiode 4
"https://www.youtube.com/watch?v=qEAvXrUJfgY", How To Quickly Host a Website for Free with Google Drive - The Web Dev Show - Season 2 Epsiode 3
"https://www.youtube.com/watch?v=YfwgjjhOsBY", Embedded Twitter Feed (part 2) - The Web Dev Show - Season 2 Epsiode 2
"https://www.youtube.com/watch?v=Q-XmaT6GPbo", Embedded Twitter Feed (part 1) - The Web Dev Show - Season 2 Episode 1
"https://www.youtube.com/watch?v=r7aB9k582P4", Class and ID Selectors [CSS]: The Web Dev Show Episode 12
"https://www.youtube.com/watch?v=J37ircenDvc", Absolute versus Relative Links: The Web Dev Show Episode 11
"https://www.youtube.com/watch?v=m88xDcTzAfg", Testing Your Web Page on Multiple Browsers: The Web Dev Show Episode 10
"https://www.youtube.com/watch?v=pN83Z3JD3gc", CSS Choosing Colors: The Web Dev Show Episode 9
"https://www.youtube.com/watch?v=JRqVwk5CQVA", Units in CSS: The Web Dev Show Episode 8
"https://www.youtube.com/watch?v=819I0fvACeQ", HTML5 App Tutorial: Live Code Washington Metro API Application
"https://www.youtube.com/watch?v=5whDbBsJ2rY", Hosting and Getting Your Web Site Online: The Web Dev Show Episode 7
"https://www.youtube.com/watch?v=G7i0GyfZEDU", Adding Javascript to Your HTML: The Web Dev Show Episode 6
"https://www.youtube.com/watch?v=ImKSKdU0aho", External, Internal and Inline CSS: The Web Dev Show Episode 5
"https://www.youtube.com/watch?v=BAdmZ2ml7L8", Creating a Web Site with Multiple Pages: The Web Dev Show Episode 4
"https://www.youtube.com/watch?v=QZXDAGwD8Ng", HTML Tags to Memorize: The Web Dev Show Episode 3
"https://www.youtube.com/watch?v=ONbZCcm4uQA", HTML, CSS and Javascript: The Web Dev Show Episode 2
"https://www.youtube.com/watch?v=7oE7b4XyVw4", Dreamweaver vs. Notepad [Text Editors]: The Web Dev Show Episode 1
"https://www.youtube.com/watch?v=JwzanPm-BNo", Webinar: The Road Map to Web Developer 10 21 15, 1 00 PM
"https://www.youtube.com/watch?v=k1_sUMw8kwg", Google Places API Part 4: Coffee Shop Locator App
"https://www.youtube.com/watch?v=zVU_MQyKFGg", Google Places API Part 3: Coffee Shop Locator App
"https://www.youtube.com/watch?v=-Em4K7ahL28", Google Places API Part 2: Coffee Shop Locator App
"https://www.youtube.com/watch?v=eLGtNm4dSxc", Google Places API Part 1: Coffee Shop Locator App
"https://www.youtube.com/watch?v=59YyWvgjN2c", Using Triggers
"https://www.youtube.com/watch?v=1uydQKLXEu8", Unity Hotkeys
"https://www.youtube.com/watch?v=I0DtDdLy2R0", Multiple Tabs
"https://www.youtube.com/watch?v=6tShH2SGpZM", Copying GameObject Components
"https://www.youtube.com/watch?v=AxEpiA6CvhE", The 4 Types of Lighting
"https://www.youtube.com/watch?v=HJs8gYcqOBU", Mouse Navigation
"https://www.youtube.com/watch?v=QvH1VCm0LYE", Snap to Grid
"https://www.youtube.com/watch?v=aWXCRhT0yT0", Customizing workspace and layout
"https://www.youtube.com/watch?v=d_WuUCm_EBo", Floors at the Origin
"https://www.youtube.com/watch?v=KcZo7qHR3lg", Starting in Paused Mode
"https://www.youtube.com/watch?v=d8lmpGkCcCc", Scale in Unity
"https://www.youtube.com/watch?v=iG1lTEbGQ-A", isKinematic with Rigidbody Physics
"https://www.youtube.com/watch?v=topNO4aF0ng", Align Camera with View
"https://www.youtube.com/watch?v=s7-9wCAn_xI", Parent Child Relationship
"https://www.youtube.com/watch?v=dt11RXb8Rjw", Prefabs in Unity
"https://www.youtube.com/watch?v=FIzWS1XqNSc", Tweaking Component Values
"https://www.youtube.com/watch?v=HNm-4Nf9HMU", Changing the Default Script Editor
"https://www.youtube.com/watch?v=ojx1sk7dRpM", Tagging GameObjects
"https://www.youtube.com/watch?v=ZaPe5UfkF_8", GameObject Naming
"https://www.youtube.com/watch?v=UYb-8MtH2Ds", Optimizing Physics
"https://www.youtube.com/watch?v=Zs0c59mVivg", iOS First App Tutorial
"https://www.youtube.com/watch?v=AQRlAvF5cxw", iOS TableView Tutorial
"https://www.youtube.com/watch?v=ydQeT5aM7aA", PhoneGap App Development Tutorial: Part 1
"https://www.youtube.com/watch?v=4nSOMuxCGR0", PhoneGap App Development Tutorial: Part 2
"https://www.youtube.com/watch?v=7waq2g9Y7rs", PhoneGap App Development Tutorial: Part 3
"https://www.youtube.com/watch?v=myN6GwR9Pb0", jQuery Popup Window
"https://www.youtube.com/watch?v=hrR2RFx2snM", jQuery Mobile Pages
"https://www.youtube.com/watch?v=FWDlZUqtd2Y", Rest API with jQuery
"https://www.youtube.com/watch?v=WKV_z36pVAk", Mobile Gestures with jQuery
"https://www.youtube.com/watch?v=QtRkxFH1Xiw", jQuery Mobile ListView
"https://www.youtube.com/watch?v=SAQg0ZfygCQ", 1 iOS App in 1 Hour Webinar
"https://www.youtube.com/watch?v=e0HBh6eFyiQ", ​Javascript Generic Object​
"https://www.youtube.com/watch?v=9qQCFeWuRYM", Javascript Functions
"https://www.youtube.com/watch?v=6kw31StpgfQ", Javascript For...In Tutorial
"https://www.youtube.com/watch?v=0vmzt94aupQ", Javascript Date Tutorial
"https://www.youtube.com/watch?v=a4ETK5X3FuQ", Javascript Arrays Tutorial
"https://www.youtube.com/watch?v=6QpVTRIpsnY", Uber Aims to Encourage Use of API Through Hackathon
"https://www.youtube.com/watch?v=um0CTBiQ78E", USB Type C: What Can We Expect?
"https://www.youtube.com/watch?v=pkMMJyQH5F4", Google's New Tools Mean Good News for Game Developers
"https://www.youtube.com/watch?v=frpfmMJF3gw", Washington DC announces new TechHire initiative
"https://www.youtube.com/watch?v=ufBULhJh6o0", Spring Forward Means Renewal for Apple
"https://www.youtube.com/watch?v=NVlOiQTc2kg", Disney Makes New Strides Toward the Future of Interactive Games
"https://www.youtube.com/watch?v=zoJ3kTn5qfo", Writing Your First Lines of Code: Webinar March 2015
"https://www.youtube.com/watch?v=wrHXELlfS7Q", Epic Games' Unreal Engine 4 is Now Available For Free...for Everyone!
"https://www.youtube.com/watch?v=YGAgggF0pjA", Explore the Proposed Updates of Windows 10
"https://www.youtube.com/watch?v=Dgks_Z_eoT4", Twitch Convention Announced
"https://www.youtube.com/watch?v=q19Jd2ZWquY", YouTube Gets a Kid-Friendly Makeover
"https://www.youtube.com/watch?v=dBPOwQxVdNE", Goodbye, Google Glass...Hello, Sony SmartEyeGlass!
"https://www.youtube.com/watch?v=xPGplnuU_yA", The Raspberry Pi Foundation Has Just Released the Raspberry Pi 2
"https://www.youtube.com/watch?v=lR5UBLijzzM", Microsoft's HoloLens: A Product or a Platform?
"https://www.youtube.com/watch?v=GkkIK0VFkBk", Updates to Google Maps Add Features and Improve Usability
"https://www.youtube.com/watch?v=_sPY2DF3iuU", Google Ends Glass Explorer Program, but Glass Lives On
"https://www.youtube.com/watch?v=pRMpCZpNuhw", CES 2015: Alison's Five Favorite Gadgets
"https://www.youtube.com/watch?v=Gx-ni6pjH1E", CES 2015: The Internet of Things and More Apps on TV
"https://www.youtube.com/watch?v=7meMpF8Obc4", Godot 2D and 3D Game Engine Released
"https://www.youtube.com/watch?v=rNU8HGE4hNI", Android Wear Update Brings Watchface API, Improves Usability
"https://www.youtube.com/watch?v=XU1IfGeuKkA", Video Game Awards - The Tech Behind the Games
"https://www.youtube.com/watch?v=RGMRGRBuO5M", Google Releases Android Studio 1.0, Ends Support of ADT for Eclipse
"https://www.youtube.com/watch?v=nmL7iTPYunE", Meteor JavaScript Framework Moves from Beta to 1.0
"https://www.youtube.com/watch?v=WX55I053yEQ", Five Gifts for Programmers this Holiday Season
"https://www.youtube.com/watch?v=XVF2TTykmUs", Valve Adds Steam Broadcast Game Streaming
"https://www.youtube.com/watch?v=nR-Blme_iqs", jQuery Tutorial: Array with jQuery
"https://www.youtube.com/watch?v=snWhX1lLIsk", jQuery Tutorial: Hover
"https://www.youtube.com/watch?v=diou_sOGqmk", jQuery Tutorial: Capturing keystrokes
"https://www.youtube.com/watch?v=r2U8BMpr3iQ", jQuery Tutorial: The event object
"https://www.youtube.com/watch?v=csjPI4S1qLs", Robotics and Programming: How are they related?
"https://www.youtube.com/watch?v=nNl5zTPeutc", Samsung is Living on the Edge
"https://www.youtube.com/watch?v=BF6XCHk7hzo", The World Wide Whisper - WhatsApp Introduces End-to-End Encryption for 500 Million Users
"https://www.youtube.com/watch?v=HzlOgaqml0s", jQuery Tutorial: working with events
"https://www.youtube.com/watch?v=2mAMpNdNlHU", jQuery Tutorial: before() and after()
"https://www.youtube.com/watch?v=La5HKFS4Ask", jQuery Tutorial: Using .wrap()
"https://www.youtube.com/watch?v=DIzH4JxyUQU", jQuery Tutorial: Dynamically Resizing elements
"https://www.youtube.com/watch?v=fvT34T95PFY", Ouya
"https://www.youtube.com/watch?v=fGn07jcqlFA", jQuery Tutorial: Alternative way to use append
"https://www.youtube.com/watch?v=IozYaHEGteg", jQuery Tutorial: Appending content
"https://www.youtube.com/watch?v=dyBKGpLWVcQ", jQuery Tutorial: More rewriting within an element
"https://www.youtube.com/watch?v=wS21plcMMjw", jQuery Tutorial: Rewriting html within an element
"https://www.youtube.com/watch?v=Z78c0zkNOjI", CSS Item Blur
"https://www.youtube.com/watch?v=5BQYLysRSAo", CSS Image Max Width and Min Width
"https://www.youtube.com/watch?v=vnb_OZigJpA", Kano Teaches Kids how to Code with Raspberry Pi and Kano OS
"https://www.youtube.com/watch?v=X-ntFzjEpDs", CSS Animation Magic
"https://www.youtube.com/watch?v=K-XH9MI-Ps8", CSS Media Queries for Responsive Design
"https://www.youtube.com/watch?v=YPYfWXDMREU", Tilting Point Offers Support Services for Independent Game Developers
"https://www.youtube.com/watch?v=G8b_Z2tNbSA", 3D Buttons with CSS
"https://www.youtube.com/watch?v=n7ykLr_50WE", CSS Sprite Images
"https://www.youtube.com/watch?v=Cl8aVaYZMFc", Understanding CSS z-Index
"https://www.youtube.com/watch?v=5nny5kuSLPQ", Mozilla Releases Firefox Developer Edition for Web App Developers
"https://www.youtube.com/watch?v=JJ4n8PUEw3A", Creating CSS Gradients
"https://www.youtube.com/watch?v=Ln2WIosrbf4", jQuery Tutorial: Looping through elements with each
"https://www.youtube.com/watch?v=QRKuS_yLJSQ", jQuery Tutorial: loops and .slice()
"https://www.youtube.com/watch?v=pOgNCm54V-M", jQuery Tutorial: Working with form elements
"https://www.youtube.com/watch?v=pFn6dpMBsoU", jQuery Tutorial: Changing attribute values dynamically
"https://www.youtube.com/watch?v=_J-6j73Dh_U", CSS Validation
"https://www.youtube.com/watch?v=TK8n19Eqz1U", CSS Scale and Skew
"https://www.youtube.com/watch?v=MQ8BWuPdLzs", CSS Transitions
"https://www.youtube.com/watch?v=Ky_f-lwSSrs", jQuery Tutorial: slideUp() and slideDown()
"https://www.youtube.com/watch?v=2okMjLdC_uI", jQuery Tutorial: jQuery Selectors
"https://www.youtube.com/watch?v=PSwy0wEnAvw", jQuery Tutorial: Making content based selections
"https://www.youtube.com/watch?v=OR1KtJKVaEE", jQuery Tutorial: Selection by attribute value pairs
"https://www.youtube.com/watch?v=3QfYXHY6eII", Swift Fundamentals Class- Lecture 11/7/2014
"https://www.youtube.com/watch?v=h-ECZaXTTqA", CSS Rounded Corners
"https://www.youtube.com/watch?v=frHzStNUSto", CSS Rotation Property
"https://www.youtube.com/watch?v=4Kbe3NXY-pg", CSS Reset Style Sheets
"https://www.youtube.com/watch?v=ZjiV6pxOYWM", CurrentC Hack Exposes User's Email Addresses
"https://www.youtube.com/watch?v=xZkz9qoW27Y", Microsoft Stops Shipping Retail Editions of Windows 7, 8
"https://www.youtube.com/watch?v=JyzEVhlLhoQ", Cool CSS Navigation
"https://www.youtube.com/watch?v=msAglAvefk4", Understanding CSS Position Absolute vs. Relative
"https://www.youtube.com/watch?v=H9ZgDspbbKU", CSS Fade Effect
"https://www.youtube.com/watch?v=NLI-S95EBKI", Office 365 APIs Released for Android and iOS Developers
"https://www.youtube.com/watch?v=T8g-lcVMjzw", jQuery Tutorial: Using .insertAfter()
"https://www.youtube.com/watch?v=V22EAECG_Ys", CSS Opacity
"https://www.youtube.com/watch?v=GPImqS-GRBk", jQuery Tutorial: jQuery equivalent of onLoad()
"https://www.youtube.com/watch?v=0MbufB6Gi_I", jQuery Tutorial: show() and hide()
"https://www.youtube.com/watch?v=3Ex41LyFfow", jQuery Tutorial: Selecting the Last element
"https://www.youtube.com/watch?v=d2eziCPjRxA", CSS List Styles
"https://www.youtube.com/watch?v=RXcO7oljC2E", CSS Kerning
"https://www.youtube.com/watch?v=w1TFPSw71as", CSS Important
"https://www.youtube.com/watch?v=LqvaRAZZNdQ", jQuery Tutorial: Installing the jQuery Library
"https://www.youtube.com/watch?v=bK3j6o7xlvI", jQuery Tutorial: Selecting By Tag
"https://www.youtube.com/watch?v=tysetoeDGLY", jQuery Tutorial: .size() Method
"https://www.youtube.com/watch?v=S1vIQ0O1N5o", jQuery Tutorial: Selection by CSS Style
"https://www.youtube.com/watch?v=K_FcQZa9j4c", Shakeup in the Mobile Payment World as Retailers Drop Apple Pay
"https://www.youtube.com/watch?v=I72lUkFrx2c", The CSS Hover Selector
"https://www.youtube.com/watch?v=VykWNS61uqc", Koding.com Launches First Global Virtual Hackathon
"https://www.youtube.com/watch?v=e8X6vk3Eoq8", Ex EA Head John Ricitiello Appointed CEO of Unity
"https://www.youtube.com/watch?v=AFsd5qmyKHY", CSS ems and Points: Measuring Type
"https://www.youtube.com/watch?v=PUhjAffbsUo", InteraXon's Muse Brain Sensing Headband Review with Rob Grgach
"https://www.youtube.com/watch?v=M7cvicTrSJw", Apple Watch Developers: The Clock is Ticking
"https://www.youtube.com/watch?v=qY8dDVh02_s", Using the CSS Box Model
"https://www.youtube.com/watch?v=SpoByPl6umQ", Google Wants to Start a Conversation Between You and Your Android
"https://www.youtube.com/watch?v=7GTb-e2QV9A", Apple's October 16th Media Event Reveals Retina iMac, iPad Air 2, and More
"https://www.youtube.com/watch?v=tacAJ5mpmM4", Google Adds Postal Address Requirement to Some App Developers
"https://www.youtube.com/watch?v=TWkT3WRazWM", Microsoft Hopes to Spark Creativity on Xbox One, Xbox 360, and Windows 8
"https://www.youtube.com/watch?v=130nsxhFrLs", CSS Drop Shadows
"https://www.youtube.com/watch?v=5LDYcPgJops", Introduction to Web Development Session 2 10-9-14
"https://www.youtube.com/watch?v=KteTGe256XU", Introduction to Web Development Session 1 10-7-14
"https://www.youtube.com/watch?v=noYkzEEGe8M", Introduction to Web Development Session 3 10-14-14
"https://www.youtube.com/watch?v=InrYeaIyKhY", Canvas Tutorial: Fit to Screen
"https://www.youtube.com/watch?v=iCFCDypG_QU", BlackBerry Releases new Phone, the Passport
"https://www.youtube.com/watch?v=tYRXpDmuT4Y", CSS Display and Visibility: Making Things Disappear
"https://www.youtube.com/watch?v=mVKsyY2xtVg", Adobe Focuses on Mobile with Aviary Purchase
"https://www.youtube.com/watch?v=fGpQ0JK0fcI", Canvas Tutorial: Detecting Mouse Clicks
"https://www.youtube.com/watch?v=-XokJjjqXUY", Microsoft Reveals Next Windows Version, Windows 10
"https://www.youtube.com/watch?v=L5EdmOpHg74", CSS Cursor Tricks
"https://www.youtube.com/watch?v=rVVfaEWQPRc", Canvas Tutorial: Moving Elements
"https://www.youtube.com/watch?v=GDkYErV7eiA", FeedHenry Under RedHat Umbrella
"https://www.youtube.com/watch?v=ZlLljAH3VXQ", Mobile Operating System Roundup: iOS 8 and Android L
"https://www.youtube.com/watch?v=cyjYvO2SkZY", Apple Customers Bent Out of Shape Over iPhone Problems
"https://www.youtube.com/watch?v=RMl66vYqYcI", Centering a Div with CSS
"https://www.youtube.com/watch?v=v89rN_GutiE", Motorola Aims for Smartphone Supremacy with Flagship Moto X
"https://www.youtube.com/watch?v=v8-Mr8SQvJs", Live and Let Die with Paul McCartney in Destiny
"https://www.youtube.com/watch?v=dWpf6FnXCGE", It's Clippy Versus the Creepers with Microsoft's Purchase of Mojang
"https://www.youtube.com/watch?v=2U0BqJ_AcsQ", Swift, Apple's New iOS and OS X Programming Language, Goes Gold
"https://www.youtube.com/watch?v=hwEirVeDTWw", Learning Game Development Webinar 9-23-14
"https://www.youtube.com/watch?v=DfH_Rizovlc", Programming for Absolute Beginners- Session III- 9/22/14
"https://www.youtube.com/watch?v=oZgSHRq8uYI", Programming for Absolute Beginners- Session I- 9/15/14
"https://www.youtube.com/watch?v=_wNgUfqkYuw", Programming for Absolute Beginners- Session II- 9/18/14
"https://www.youtube.com/watch?v=NDei-aEyybI", Learning Mobile Development 9 10 14, 1 01 PM
"https://www.youtube.com/watch?v=GAdVr1XeUFU", Google's Wrist Watch - Android Wear Powers Upcoming Smart Watches
"https://www.youtube.com/watch?v=6nd3B0ZMlGM", Nintendo's Amiibo and their "New" Plan
"https://www.youtube.com/watch?v=L8CREToENPc", Epic Games Makes an Unreal Deal
"https://www.youtube.com/watch?v=SWb9HxTDFfA", Amazon's Fire Phone won't Kindle
"https://www.youtube.com/watch?v=n-yiM8l1rb8", CSS Background Images
"https://www.youtube.com/watch?v=O6T9aoUr8ZE", Getting Fit with Google
"https://www.youtube.com/watch?v=jdBornsMjYo", Amazon Wins with a Twitch
"https://www.youtube.com/watch?v=-jdKOxmuSOw", Swift: Classes and Objects
"https://www.youtube.com/watch?v=aXtxWL3Xr-A", Canvas Tutorial: Display a Sprite
"https://www.youtube.com/watch?v=sXB6P6tqY7M", Apple Announces New iPhone 6 and iOS8
"https://www.youtube.com/watch?v=ZQRS-Ez2vJs", Former Microsoft CEO Resigns and Phil Fish Has Had it...Again!
"https://www.youtube.com/watch?v=H9vDRFLVXLA", How Do You Learn Mobile Development? Webinar 9/10/2014
"https://www.youtube.com/watch?v=5S2-WyBlLzo", Canvas Tutorial: Draw Text
"https://www.youtube.com/watch?v=fy-QoO8YVho", CSS Typography
"https://www.youtube.com/watch?v=HXNJibUUBKA", Swift: Arrays and Dictionaries
"https://www.youtube.com/watch?v=Sx5rMjEz_x4", Canvas Tutorial: Colors and Stroke
"https://www.youtube.com/watch?v=E0rdZNTUzvE", CSS Table Formatting Part 1
"https://www.youtube.com/watch?v=alcxWAyh48o", CSS Table Formatting Part 2
"https://www.youtube.com/watch?v=S3B6T6U6DFo", CSS Table Formatting Part 3
"https://www.youtube.com/watch?v=FlhLRnCWL-g", Swift: Iteratin' with Loops
"https://www.youtube.com/watch?v=Gb0Ny7qmj9E", Canvas Tutorial: Drawing Lines
"https://www.youtube.com/watch?v=a-dVAIq8asc", Using CSS Power Selectors
"https://www.youtube.com/watch?v=EaUez4TZC7o", Swift: Working with Conditionals
"https://www.youtube.com/watch?v=MpSIdTFAvo0", Canvas Tutorial: Drawing Shapes
"https://www.youtube.com/watch?v=O1IWEJkch38", Programming on a Mac vs. PC
"https://www.youtube.com/watch?v=p-jXmfefpik", Swift: Variables
"https://www.youtube.com/watch?v=cf3cOwKjNCQ", Starting a Web Development Business Webinar
"https://www.youtube.com/watch?v=_SJPc2jEalo", How to Make an Addictive App
"https://www.youtube.com/watch?v=xfYmZ4_BqvU", 5 Buzzwords to include in your Resume
"https://www.youtube.com/watch?v=pIxp_SR9tE4", 6 Secrets to Becoming a Web Developer
"https://www.youtube.com/watch?v=S2_YsdEln10", Learning to Program is Expensive (and other lies)
"https://www.youtube.com/watch?v=d7aGb2yL220", Programming for Absolute Beginners: Course Intro
"https://www.youtube.com/watch?v=uh0dyui9Y0s", Apple App Store Summary
"https://www.youtube.com/watch?v=K6FRvYkzBfI", Introduction to Web Development Session II
"https://www.youtube.com/watch?v=3VNCbg1FKcg", Common Bad Habits in Coding
"https://www.youtube.com/watch?v=x29KMGyLT44", Introduction to Web Development Session I 6 17 14
"https://www.youtube.com/watch?v=HsPywMSyefk", Learn To Program Today
"https://www.youtube.com/watch?v=IqrlVKcuBu4", Becoming a More Productive Programmer
"https://www.youtube.com/watch?v=M8giCp8IPKA", A Day In The Life of a Programmer Webinar June 6, 2014
"https://www.youtube.com/watch?v=CGGkLXBrVRI", 10 Minutes to a Better Website
"https://www.youtube.com/watch?v=zrU902WLIOU", You do have time for this! Find An Hour a Day to Learn Programming
"https://www.youtube.com/watch?v=ryjOXw1qEqA", Plan your App with your User in Mind
"https://www.youtube.com/watch?v=ea1ZC83nRxA", Easy eCommerce with PayPal
"https://www.youtube.com/watch?v=UYqMtH9adLY", What is SQL?
"https://www.youtube.com/watch?v=3-po54god2g", What Developers Need to Know About Design
"https://www.youtube.com/watch?v=d3uv23jvp4w", Command Line Arguments in Python
"https://www.youtube.com/watch?v=j-3PgibK8_Q", Free Software Development Tools
"https://www.youtube.com/watch?v=FBzlFSEYr60", Webinar: Paths to Pro What Do I Learn Now? 5 8 14, 1 01 PM
"https://www.youtube.com/watch?v=G7v08_beDrA", How to Make a Terrible App
"https://www.youtube.com/watch?v=j1I5fEfs6xQ", Developer's Workout Plan
"https://www.youtube.com/watch?v=JY7ek_knYNs", Java vs C++
"https://www.youtube.com/watch?v=dhb1n9zua2I", Seven Secrets to Starting a Successful Programming Career Webinar 4 23 14, 1 02 PM
"https://www.youtube.com/watch?v=u2MFablNk1c", Programming a Slide Show
"https://www.youtube.com/watch?v=k0N2t7cBqIM", Best Money Makin' Widgets for your Website
"https://www.youtube.com/watch?v=g3mtTdV-vRs", Animate a Video Game Character
"https://www.youtube.com/watch?v=egzxtw12mG8", Playing Video Using HTML5
"https://www.youtube.com/watch?v=Wp1m8HTvX-w", How to Create Money-Making Apps
"https://www.youtube.com/watch?v=idchuko_DGA", Web Design: Tips and Tools of the Trade
"https://www.youtube.com/watch?v=VVAPxcHnwqw", Best Apps for Managing Your Time
"https://www.youtube.com/watch?v=yhcsN0EoUi0", Github with the Linux Command Line on Koding.com
"https://www.youtube.com/watch?v=Fl-DG5w9cak", HTML for Wordpress
"https://www.youtube.com/watch?v=pAE-jzwlzPg", Android App Store Summary
"https://www.youtube.com/watch?v=Ho_WdZkCLpM", Hello World in 8 Languages
"https://www.youtube.com/watch?v=Hj83aUMj2FQ", So You Want to LearnToProgram Webinar Recording
"https://www.youtube.com/watch?v=uLZjii7Eblw", Creating an HTML Email Blast
"https://www.youtube.com/watch?v=3SpYj4v9SMU", Text Editor Smackdown
"https://www.youtube.com/watch?v=_awUNMFOtlc", Bootstrap Development
"https://www.youtube.com/watch?v=e2QVUK2e5aI", Perl vs. Python
"https://www.youtube.com/watch?v=nw0zuhLGTYs", Turn Your Hobby into a Part Time Business
"https://www.youtube.com/watch?v=XStKmS-Atds", What is a Database?
"https://www.youtube.com/watch?v=6HSM6vK6Ilw", Setting up a Database
"https://www.youtube.com/watch?v=qpC02UGYYxc", Pycharm
"https://www.youtube.com/watch?v=lk6j2WpqVTE", Google Web Designer
"https://www.youtube.com/watch?v=msmZPj8Qx6U", Energy Drink Challenge: Arcade Edition
"https://www.youtube.com/watch?v=Kh2CZ1IdBxk", Prepare For Your First Developer Interview
"https://www.youtube.com/watch?v=7eaAdkWFrkg", Compile Online
"https://www.youtube.com/watch?v=ursAIqM3Tpo", Javascript Game Tutorial Part 1
"https://www.youtube.com/watch?v=3hpBX25THlk", Javascript Game Tutorial Part 2
"https://www.youtube.com/watch?v=V7mwk8U1yno", Javascript Game Tutorial Part 3
"https://www.youtube.com/watch?v=DhHjDUxYOTM", Staying Relevant: What you Need to Learn Today
"https://www.youtube.com/watch?v=H5y-sWk9ALA", Mobile NPR Client Part 2
"https://www.youtube.com/watch?v=T36XZDiPxIA", Mobile NPR Client Part 1
"https://www.youtube.com/watch?v=clLkYrdAKGY", IT Career Path: Becoming a Programmer in 5 Steps
"https://www.youtube.com/watch?v=3Q0nJBzVStM", HTML Canvas
"https://www.youtube.com/watch?v=Ppy2sLrF2ew", 5 Tips for Becoming a Better Programmer
"https://www.youtube.com/watch?v=NdmIEHqmx8U", Export Kit Review: Photoshop to HTML5 Fast
"https://www.youtube.com/watch?v=daKAtt2wfUs", jQuery Mobile Quick Introduction
"https://www.youtube.com/watch?v=r9rULy9LroU", HTML5 Mobile Development with Phonegap
"https://www.youtube.com/watch?v=HspmzG73_FE", Design for Coders: Issues with Rollover States
"https://www.youtube.com/watch?v=n8TW28NI2Zk", Design for Coders: What's the Difference Between an Icon and a Graphic?
"https://www.youtube.com/watch?v=hCWhqbkvUoU", Design for Coders: Elements Out of Your Control
"https://www.youtube.com/watch?v=krUZt9YYp1U", Design for Coders: What to Ask During the Design Process
"https://www.youtube.com/watch?v=I52hkOuqYeo", Design for Coders: Understanding Ems in Typography
"https://www.youtube.com/watch?v=lGd8BRzjVec", Design for Coders: Line, Shape and Form
"https://www.youtube.com/watch?v=rcl3XqdOIFM", iOS 7 User Interface, YouTube Audio Library and More
"https://www.youtube.com/watch?v=LXJBsLe00eA", LearnToProgram's Youtube Channel Trailer
"https://www.youtube.com/watch?v=_tApRaXsGE4", PhoneGap App Tutorial
"https://www.youtube.com/watch?v=rkXXHIxvO-s", Mobile App Data Storage Tutorial
"https://www.youtube.com/watch?v=vm1oEqwVpVw", Parsing XML Data in a Mobile App Tutorial
"https://www.youtube.com/watch?v=U85ZqWDG20I", How to Style Text in a Mobile App with HTML5
"https://www.youtube.com/watch?v=hhqGSp5BeBY", Displaying Images on a Mobile App with HTML5
"https://www.youtube.com/watch?v=SN5YvPtJvJs", CSS for Mobile App Development
"https://www.youtube.com/watch?v=Guwvb3YAezI", jQuery for Mobile Apps
"https://www.youtube.com/watch?v=me1SLfY5hus", HTML5 Mobile Geolocation Tutorial
"https://www.youtube.com/watch?v=g9D33f72fXY", How to Use HTML5 for Mobile App Development - iOS
"https://www.youtube.com/watch?v=Lw-YxkPQy-I", Why Should We Care About UXD?
"https://www.youtube.com/watch?v=1A7zhnNI0Fs", CSS3 Animations
"https://www.youtube.com/watch?v=6i40fnszZHU", Understanding Collision Detection
"https://www.youtube.com/watch?v=6xgTNfi-O5Y", Your First 3D Graphics Program Part II iOS- iPhone/iPad
"https://www.youtube.com/watch?v=U2fa8-TtV0w", Your First 3D Graphics Program Part I Javascript
"https://www.youtube.com/watch?v=VvciuCDjokU", Easy PHP Tips
"https://www.youtube.com/watch?v=kKQluKBt2GE", XML versus JSON: Parsing in PHP and Javascript
"https://www.youtube.com/watch?v=xYgUF1haNsA", Adobe PhoneGap Build Tutorial: Create Mobile Apps
"https://www.youtube.com/watch?v=8xI2G0aBXWE", Building Apps for Mobile Devices
"https://www.youtube.com/watch?v=ippJhLv5aCk", iOS Tutorial: iOS 6 Rotation
"https://www.youtube.com/watch?v=10vQTzfL9s8", HTML5 Tutorial: Using PhoneGap to Create Mobile Contacts
"https://www.youtube.com/watch?v=2yOedWb7dfc", PhoneGap for Android Tutorial
"https://www.youtube.com/watch?v=QY7bDBGncXo", Photoshop to HTML and CSS Tutorial: Convert PSD to HTML and CSS
"https://www.youtube.com/watch?v=3kmu0cnQKA8", PhoneGap For iOS Tutorial: Creating Mobile Applications
"https://www.youtube.com/watch?v=aEpg1GE0edI", PHP Tutorial: Passing Form Data Using PHP and HTML
"https://www.youtube.com/watch?v=T2lBVYrtPO8", HTML5 Tutorial: Draw and Animate with HTML5 Canvas
"https://www.youtube.com/watch?v=wG3XPdVPsxU", sharedPreferences Android Tutorial: For Android
"https://www.youtube.com/watch?v=996q6u-R7vs", HTML Tutorial: HTML Forms, HTML Fields and HTML Expressions
"https://www.youtube.com/watch?v=tueYaZFF4PA", iOS Tutorial: Tab View Controller
"https://www.youtube.com/watch?v=R41mvdoOilw", Creating Columns with HTML 5 and CSS 3 Tutorial
"https://www.youtube.com/watch?v=C43CVDidM84", Komodo Edit Tutorial
"https://www.youtube.com/watch?v=gb7KR-_lj74", Beginning C# Course
"https://www.youtube.com/watch?v=WJK5G9loABc", Become a Certified Web Developer!
"https://www.youtube.com/watch?v=wgtACugDoqM", Using jQuery for Beginners
"https://www.youtube.com/watch?v=-mh_2suXDXU", How to Program Javascript for Beginners
"https://www.youtube.com/watch?v=yz95ID_26t4", HTML and CSS for Beginners
"https://www.youtube.com/watch?v=9g9zc5oR9K0", Ajax Development Tutorial
"https://www.youtube.com/watch?v=fvpVqAej-UU", Programming with Objective C Tutorial For Beginners
"https://www.youtube.com/watch?v=8_kmBdbOB0E", C Programming: iOS Development Starts Here
"https://www.youtube.com/watch?v=DXC_QeuBKHM", Learn PHP & mySQL for Beginners
"https://www.youtube.com/watch?v=E1tQ6dPaqLs", How to Program Android Apps: Android Shared Preferences Tutorial
"https://www.youtube.com/watch?v=nzdht9PO8Z0", Actionscript Tutorial: Timers
"https://www.youtube.com/watch?v=JH2zGzfkOmo", How to Program Android Apps: Android Custom Buttons Tutorial
"https://www.youtube.com/watch?v=DwrKFpMi6pc", Actionscript Tutorial: Actionscript 3 Events
"https://www.youtube.com/watch?v=HDbGIrXFsUs", Actionscript Tutorial: Actionscript Array
"https://www.youtube.com/watch?v=lEuG-WEPgx4", LearnToProgram.tv: YouTube Channel Update November 2011
"https://www.youtube.com/watch?v=lyV3qO1sh44", Flash Tutorial: Flash Builder (Flex)
"https://www.youtube.com/watch?v=sHnUaarjgxA", PHP Tutorial: Conditional Statements
"https://www.youtube.com/watch?v=V2WudcNDiK4", PHP Tutorial: Variables
"https://www.youtube.com/watch?v=0BVRP7IdU5M", PHP Tutorial: Hello World
"https://www.youtube.com/watch?v=y6DmCUH-4MQ", XML Tutorial
"https://www.youtube.com/watch?v=J4UleZFvri8", HTML Tutorial: Show and Hide Logical Divisions
"https://www.youtube.com/watch?v=nYVXOXfjBVY", Programming in C++ Tutorial for the Mac: Fundamental Data Types
"https://www.youtube.com/watch?v=SsXFlrd2mL0", How to Program Android Apps: Event Listeners
"https://www.youtube.com/watch?v=Rk3bekL3TLc", Javascript Tutorial Part 8: Javascript getElementById
"https://www.youtube.com/watch?v=ZU_MT9PwKkk", Programming in C++ Tutorial For the Mac: Hello World
"https://www.youtube.com/watch?v=lT1ISIrHrIY", How to Use CSS Tutorial (Cascading Style Sheets)
"https://www.youtube.com/watch?v=7-n6p6RxSS8", How To Program Android Apps: Android Geolocation Tutorial (Android Location Manager)
"https://www.youtube.com/watch?v=qqRiDlm-SnY", Simple Ajax Tutorial
"https://www.youtube.com/watch?v=7riEr7sviFc", How to Program Javascript Tutorial Training Course Preview: Javascript Functions Tutorial
"https://www.youtube.com/watch?v=Vzb2XRU-H8I", Javascript Tutorial Part 7: Javascript Functions
"https://www.youtube.com/watch?v=mAUD8h6B_7g", Actionscript 3 Tutorial: Actionscript Drawing API
"https://www.youtube.com/watch?v=LhN9HU0HiY4", Javascript Tutorial Part 6: Javascript String Object
"https://www.youtube.com/watch?v=n621osRxLPE", Javascript Tutorial Part 5: Creating Javascript Arrays
"https://www.youtube.com/watch?v=5kM5GF3d81c", Javascript Tutorial Part 4: Javascript Loops
"https://www.youtube.com/watch?v=2JVMEYAAYn8", Java Tutorial: Primitive Java Variables and Java Strings
"https://www.youtube.com/watch?v=RqngVAopJd0", Javascript Tutorial Part 3: Javascript Conditionals
"https://www.youtube.com/watch?v=Q8cbVY2Ev04", Javascript Tutorial Part 2: Javascript Variables
"https://www.youtube.com/watch?v=uPlhTKqGoLc", Javascript Tutorial Part 1: Hello World
"https://www.youtube.com/watch?v=V4FDu6Vmh70", Flash Tutorial: Building a Mp3 Player Part V
"https://www.youtube.com/watch?v=Upt3gXuyRFk", Flash Tutorial: Building a Mp3 Player Part IV
"https://www.youtube.com/watch?v=_k9yj25s_NY", Flash Tutorial: Building a Mp3 Player Part III
"https://www.youtube.com/watch?v=OeEwv7DUwys", Flash Tutorial: Building a MP3 Player Part II
"https://www.youtube.com/watch?v=iu4X2PNUH9A", Flash Tutorial: Building a Mp3 Player Part I
"https://www.youtube.com/watch?v=eQ-tBQYjUDc", Java Tutorial: Hello World and Console Text Output
"https://www.youtube.com/watch?v=UP5oip-rzIk", Java Tutorial: Preparing the Java Environment- Installing the Java JDK
"https://www.youtube.com/watch?v=gzjDeR_3z3Y", C Programming Tutorial for Beginners 4 (Part 2): Programming with Conditionals: IF/ELSE/ELSE IF
"https://www.youtube.com/watch?v=BEWQUNl5ae0", C Programming Tutorial for Beginners 4 (Part 1): Programming in C with Conditionals: IF/ELSE/ELSE IF
"https://www.youtube.com/watch?v=4Us2q5eSWNc", HTML Tutorial 6: HTML Tables
"https://www.youtube.com/watch?v=27curpslaWc", Creating a Virtual Ubuntu Linux Machine For Free Tutorial
"https://www.youtube.com/watch?v=592_odiT6Dg", C Programming Tutorial for Beginners 3 (Part 2): Programming in C with Strings and Char Data Type
"https://www.youtube.com/watch?v=02rP04NI2gY", C Programming Tutorial for Beginners 3 (Part 1): Programming in C with Strings and Char Data Type
"https://www.youtube.com/watch?v=ZTpoqDop0gI", Flash CS4: Creating an MP3 Player with Actionscript Preview Part II
"https://www.youtube.com/watch?v=wSRkTR5-8QA", Flash Tutorial with CS4: Creating an MP3 Player with Actionscript Preview Part I
"https://www.youtube.com/watch?v=51VF3i2EICM", Beginning Adobe Flex Tutorial: Your First Flex Program Part II
"https://www.youtube.com/watch?v=VjOOANWKbVk", Beginning Adobe Flex Tutorial: Your first Flex Program Part I
"https://www.youtube.com/watch?v=5uX1uhsSCaQ", C Programming Tutorial for Beginners 2 (Part 2): Using Variables With C
"https://www.youtube.com/watch?v=cogSg8lyDMs", C Programming Tutorial for Beginners 2 (Part 1): Using Variables With C
"https://www.youtube.com/watch?v=H8b5zZ0LscU", HTML Tutorial 5: HTML Colors
"https://www.youtube.com/watch?v=mIMhspJzC34", C Programming Tutorial for Beginners 1: Learn Game Programming with C
"https://www.youtube.com/watch?v=RLtRGVxuGQU", HTML Tutorial 1: Introduction to HTML
"https://www.youtube.com/watch?v=UwD-cVGbTAM", HTML Tutorial 4: HTML Elements
"https://www.youtube.com/watch?v=Xi6XBQPym2I", HTML Tutorial 3: HTML Horizontal Rule
"https://www.youtube.com/watch?v=jW1JmeLBWwk", HTML Tutorial 2: HTML Header
"https://www.youtube.com/watch?v=UfBvTsF3fqU", HTML Tutorial 1: HTML Document
