"https://www.youtube.com/watch?v=Tukt_phhJkA", Путь разработчика — от исполнителя до тимлида. Опыт Avito
"https://www.youtube.com/watch?v=uA9M42bayqc", WEEKLY ДАЙДЖЕСТ: Новый Windows 11, суперкомпьютер Tesla, порошок для космонавтов // Geekbrains
"https://www.youtube.com/watch?v=iZT4mb2EP3g", Кто такой C# разработчик? | Geekbrains
"https://www.youtube.com/watch?v=UXeBBZuo5cU", WEEKLY ДАЙДЖЕСТ: Слив Windows 11, Анонс forza horizon 5, Наушники-алкотестер // Geekbrains
"https://www.youtube.com/watch?v=UzeSGWAICYw", Про IT - Что такое Agile? Scrum VS Kanban // Geekbrains
"https://www.youtube.com/watch?v=AGIrxZuPTpY", WEEKLY ДАЙДЖЕСТ: Обновления Apple и Яндекса, война против Илона Маска // Geekbrains
"https://www.youtube.com/watch?v=UnVmAkQS6ZA", WEEKLY ДАЙДЖЕСТ: Джуана расскажет о зарядке Xiaomi за 8 минут, о дроне-убийце // Geekbrains
"https://www.youtube.com/watch?v=-CjaBQen9MQ", WEEKLY ДАЙДЖЕСТ: Беспилотное такси от Сбера, TikTok даст 100 млн самым талантливым // Geekbrains
"https://www.youtube.com/watch?v=qQYyDwGiaNQ", Про IT - Что такое валидация? // Geekbrains
"https://www.youtube.com/watch?v=54OgmVJvBQo", WEEKLY ДАЙДЖЕСТ: Android 12, ИИ для COVID-19 от Сбера, Рекордная скорость Starlink // GeekBrains
"https://www.youtube.com/watch?v=AOkqEi4aJ6w", Про IT - Что такое нейронные сети? // Geekbrains
"https://www.youtube.com/watch?v=VB0bqg5U0xo", WEEKLY ДАЙДЖЕСТ: Илон Маск обвалил биткоин, турнир Dota 2, ГОСТ для ИИ // Geekbrains
"https://www.youtube.com/watch?v=mvpDRH37IBQ", Про IT - Что такое базы данных? // Geekbrains
"https://www.youtube.com/watch?v=fY0Jy9hncZE", Основы программирования. Циклы
"https://www.youtube.com/watch?v=eMTwSEl7zwA", Про IT - Как устроен процесс разработки? // Geekbrains
"https://www.youtube.com/watch?v=-xJ1IUlhqHw", WEEKLY ДАЙДЖЕСТ: Яндекс купил банк, Новая фича Netflix, Мясо из грибов // Geekbrains
"https://www.youtube.com/watch?v=y5wxl4pBI_A", Про IT - Что такое Git? // Geekbrains
"https://www.youtube.com/watch?v=kaDRENZSxUs", WEEKLY ДАЙДЖЕСТ: Взлом Apple, Кислород на Марсе, Новая карта CoD: Warzone | Geekbrains
"https://www.youtube.com/watch?v=CsqbPIXX_oY", Про IT - Что такое web-программирование? // Geekbrains
"https://www.youtube.com/watch?v=BAZThXNso5o", WEEKLY ДАЙДЖЕСТ: ФАС VS Яндекс, Презентации Apple и Samsung, Обновления PS5 | Geekbrains
"https://www.youtube.com/watch?v=C_hsbqqFdH8", Основы программирования | Ветвление
"https://www.youtube.com/watch?v=2iKtbD_ICY8", WEEKLY ДАЙДЖЕСТ: запрет Zoom в России, конференция Google и жив ли Clubhouse | Geekbrains
"https://www.youtube.com/watch?v=FB_JQQpDf5s", Основы программирования. Переменные
"https://www.youtube.com/watch?v=m9603WVNZzs", Калейдоскоп профессий: Аналитик Big Data | Geekbrains
"https://www.youtube.com/watch?v=y2v7slim3ZI", Кто такие системный и бизнес-аналитик, и зачем они нужны?| Geekbrains
"https://www.youtube.com/watch?v=FvAUrzznlgw", Верстка адаптивной страницы с CSS Grid в Visual Studio Code
"https://www.youtube.com/watch?v=inwiowan9xY", Плюсы и минусы платных редакторов кода в веб-разработке
"https://www.youtube.com/watch?v=VCTEcxIuLRk", Какой бесплатный редактор кода выбрать для веб-разработки?
"https://www.youtube.com/watch?v=0IpnAODvGTQ", IT-алфавит GeekBrains. Буквы Ж, З
"https://www.youtube.com/watch?v=apHlEDFjSFU", IT-алфавит GeekBrains. Буква Д
"https://www.youtube.com/watch?v=1qndnitXubQ", Тест на гика: как хорошо ты разбираешься в IT-терминах? | GeekBrains
"https://www.youtube.com/watch?v=7uli35gLSLc", Что такое Figma и для чего она нужна?
"https://www.youtube.com/watch?v=NOQDzpYb45c", Кто такой Product Manager и чем он занимается
"https://www.youtube.com/watch?v=mavtIye3mXs", Teamlead VS Techlead. Интервью с Deputy CTO AGIMA.
"https://www.youtube.com/watch?v=HKxYIZnU0jo", Типичные ошибки начинающего Android-разработчика | GeekBrains
"https://www.youtube.com/watch?v=zD9WQJJB9H8", 7 фильмов, мотивирующих учиться | GeekBrains
"https://www.youtube.com/watch?v=HDpY8_fmwcA", 10 лучших Youtube-каналов для веб-разработчиков | GeekBrains
"https://www.youtube.com/watch?v=1o4HAKLROFA", Как я стала веб-разработчиком | История обучения Марии Гольдштейн
"https://www.youtube.com/watch?v=4012_cRE88g", Игры для программистов, о которых вы наверняка не слышали. GeekBrains
"https://www.youtube.com/watch?v=FcOOZuVfmHk", IT-алфавит GeekBrains. Буква Г
"https://www.youtube.com/watch?v=98HpnhUkV2g", Project и Product. В чем разница между менеджером проекта и менеджером продукта?
"https://www.youtube.com/watch?v=1a2n4HznCAY", IT-алфавит от GeekBrains. Warning, Выкатить, Ветка
"https://www.youtube.com/watch?v=hZbJew790A4", Как выбрать надежный пароль и защитить личные данные? Советы от GeekBrains
"https://www.youtube.com/watch?v=YSUGU6t7enk", IT-алфавит от GeekBrains. Backup, Буржунет и Баг
"https://www.youtube.com/watch?v=KwcndMiv6kA", Кем работать в IT? Обзор базовых профессий от GeekBrains
"https://www.youtube.com/watch?v=JonU7PiyONA", IT-алфавит GeekBrains. Премьера!
"https://www.youtube.com/watch?v=fNNQEmA1JD0", Что такое Pet-project? Простые идеи собственного проекта в IT для начинающих
"https://www.youtube.com/watch?v=CB9qgYYhtpc", Ошибки начинающего фрилансера. 6 советов удалёнщику
"https://www.youtube.com/watch?v=4XWwcP_ProE", Что такое искусственный интеллект и как его используют сегодня | GeekBrains
"https://www.youtube.com/watch?v=kfIdtVhIX54", Собеседование на английском. Как подготовиться к собеседованию на английском? Советы от GeekBrains.
"https://www.youtube.com/watch?v=BkOI_sfzGR0", Как стать Android-разработчиком и создавать приложения | GeekBrains
"https://www.youtube.com/watch?v=3JRZlksZCSM", Хочу в IT: страхи новичков и советы о том, как попасть в индустрию
"https://www.youtube.com/watch?v=O3jdnmf_RSQ", Golang-разработчик – кто это? | GeekBrains
"https://www.youtube.com/watch?v=Q2ZMvcOKcwU", Тренируй мозг! 5 приложений для тренировки ума
"https://www.youtube.com/watch?v=7UZJheP97Hg", Кто такой Java-разработчик | GeekBrains
"https://www.youtube.com/watch?v=792WmP2B6fQ", Веб дизайнер - что за профессия | GeekBrains
"https://www.youtube.com/watch?v=3axzUi4-X2g", DevOps-инженер — кто это и как им стать | GeekBrains
"https://www.youtube.com/watch?v=MeExbtpIPaw", Специалист по информационной безопасности — кто это и как им стать | GeekBrains
"https://www.youtube.com/watch?v=zLT01g7ZZx4", Профессия разработчик iOS-приложений | GeekBrains
"https://www.youtube.com/watch?v=sXW1RnR4Rz0", Python-разработка. Как стать программистом | GeekBrains
"https://www.youtube.com/watch?v=VCm6yUg2QNM", Игры, которые помогут вам в изучении HTML и CSS
"https://www.youtube.com/watch?v=2WmnItaRULg", Как стать разработчиком игр | GeekBrains
"https://www.youtube.com/watch?v=QuH3P3KLmqQ", Профессия Веб разработчик: кто это? | GeekBrains
"https://www.youtube.com/watch?v=hSJbiDIDycE", Профессия тестировщик программного обеспечения: кто это? | GeekBrains
"https://www.youtube.com/watch?v=HXoSYo4JN1M", «Черное зеркало» — технологии будущего, ставшие реальностью 2020 года| GeekBrains
"https://www.youtube.com/watch?v=Pf0g-GYjbRg", 10 типов айтишников
"https://www.youtube.com/watch?v=aBMRWe2rR0Y", Профессия Data Scientist: кто это? | GeekBrains
"https://www.youtube.com/watch?v=XVtmUVS-Q0M", Розыгрыш третьего iPhone 11
"https://www.youtube.com/watch?v=jGE2nlsZuFo", Как запустить свой бизнес без отрыва от основной работы
"https://www.youtube.com/watch?v=s8iXl4ZZAsg", Эффективный тайм-менеджмент
"https://www.youtube.com/watch?v=P4yTfO_n_7o", Каким должен быть современный дизайнер?
"https://www.youtube.com/watch?v=uzV2bgtX_cQ", Как стать Digital-маркетологом?
"https://www.youtube.com/watch?v=oMkO8d7vgW8", Пожелания от продакт-менеджеров на Новый год
"https://www.youtube.com/watch?v=M-qBGsNPEp0", Розыгрыш второго айфона
"https://www.youtube.com/watch?v=cTzdzMxNKwk", Как мы делаем программы обучения
"https://www.youtube.com/watch?v=GPbdtExJL7A", Управление репутацией в интернете: инструкция по формированию положительного имиджа компании
"https://www.youtube.com/watch?v=P5c-xWogoTE", GeekChange. Как найти себя в жизни и профессии
"https://www.youtube.com/watch?v=nsu3NwubNE0", Информатика для взрослых. Вебинар 3. Что мы знаем о том, как учиться после 25
"https://www.youtube.com/watch?v=Z-QvAc2XgvA", История Артема, тестировщика GeekBrains
"https://www.youtube.com/watch?v=RJkVs9gXh0c", Информатика для взрослых. Вебинар 2. Как написать хорошее резюме и сопроводительное письмо
"https://www.youtube.com/watch?v=KD1KxDhle8E", Информатика для взрослых. Вебинар 1. Основные навыки и инструменты в digital
"https://www.youtube.com/watch?v=q_c_YoBdLrw", Как прошел 4-й День карьеры GeekUniversity
"https://www.youtube.com/watch?v=XVR3IwrJss0", Как придумывать инновации?
"https://www.youtube.com/watch?v=oEZIljDl0n4", Как стать Digital-маркетологом?
"https://www.youtube.com/watch?v=dwmXeY4ISNg", 10 вопросов продакт-менеджеру
"https://www.youtube.com/watch?v=mtwuTHGDN-8", Квантовые вычисления: новое слово в развитии ИИ
"https://www.youtube.com/watch?v=rRMFOeqmuUc", Что такое тестирование ПО и как туда попасть?
"https://www.youtube.com/watch?v=S_dUVxBR-yM", Свет в конце карьеры
"https://www.youtube.com/watch?v=H2baNZLy5jU", Dream Team - Как студенты GeekBrains создавали настольные игры
"https://www.youtube.com/watch?v=3bcmtHT-yiQ", Интервью с Георгием Чибисовым, руководителем digital-маркетинга Lamoda
"https://www.youtube.com/watch?v=lPxXNm5zNFY", В ответе за всех ФРОНТЕНДЕРОВ
"https://www.youtube.com/watch?v=uGiRBqubeyE", Путь в QA – от джуниора до создания собственной TMS
"https://www.youtube.com/watch?v=2f1cXqQnmpQ", Аналитика Big Data: что это такое и как сюда попасть
"https://www.youtube.com/watch?v=BC41eQkWFFg", Открытый урок по программированию: верстаем макет лендинга и оживляем его с помощью JS
"https://www.youtube.com/watch?v=90ACjTIhkdM", Как сменить профессию, когда тебе за 30?
"https://www.youtube.com/watch?v=PlHB2w68X4E", Каким должен быть современный дизайнер?
"https://www.youtube.com/watch?v=cdL3rxzSfA4", Как frontend-разработчик Вениамин прошел курс и устроился на работу в GeekBrains
"https://www.youtube.com/watch?v=8hlYqt2JVzY", Безопасность в сети: профессия или призвание?
"https://www.youtube.com/watch?v=Rlg8ZwtYmQQ", Продакт-менеджмент. Как придумывать инновации
"https://www.youtube.com/watch?v=JpI9qCsfTqw", Учусь учиться
"https://www.youtube.com/watch?v=HD2wmlzpwqA", Какой я digital-специалист? Исследование рынка труда. Какая профессия мне подойдет?
"https://www.youtube.com/watch?v=tENGx5AOtG0", «Хочу в Digital!» Топ-5 digital-профессий, зарплаты и перспективы 2019 года. Мнение HR-эксперта
"https://www.youtube.com/watch?v=mjvwKh2e5rg", «Хочу в Digital!» Как в короткий срок освоить digital-профессию и получить работу мечты?
"https://www.youtube.com/watch?v=QbkQ8vhEKlk", «Хочу в Digital» Карьера в digital: первые шаги к востребованной профессии
"https://www.youtube.com/watch?v=BRawHgeSdn4", Все о доменных именах: от выбора и регистрации до доменных споров
"https://www.youtube.com/watch?v=LdNEIimxp-8", Викторина по программированию
"https://www.youtube.com/watch?v=dS_NWaaY3kU", Мы впервые провели GeekChange!
"https://www.youtube.com/watch?v=KtpPenMB7n8", «Хочу в Digital!» Как в короткий срок освоить digital-профессию и получить работу мечты?
"https://www.youtube.com/watch?v=hXvWiPgoRZE", Как запустить приложение для заказа кофе
"https://www.youtube.com/watch?v=agLfu0oBw7E", «Хочу в Digital!» Интервью с HR-экспертом Mail.ru Group о трудоустройстве в digital
"https://www.youtube.com/watch?v=2krNSLdQXrM", Аналитика Big Data: что это такое и как сюда попасть
"https://www.youtube.com/watch?v=vUc4N3_6mKc", Как "сверстать" себе новую профессию - открытый урок по программированию
"https://www.youtube.com/watch?v=C0r0znsceFw", Онлайн-марафон «Хочу в Digital»: первые шаги к востребованной индустрии!
"https://www.youtube.com/watch?v=BWBVN7E_5EA", Посадочная по-дизайнерски. Верстаем в Figma - открытый урок по дизайну
"https://www.youtube.com/watch?v=j0EWFWL4BNU", С посадочной страницы на посадочную полосу
"https://www.youtube.com/watch?v=QbVfMkZQMyU", GeekBrains глазами студентов: о трудностях, поддержке и успехах
"https://www.youtube.com/watch?v=Jt5406i7Vkg", Быть или не быть: системный администратор vs DevOps-инженер
"https://www.youtube.com/watch?v=EtYb9vVcjPU", Как мягко пройти период изменений
"https://www.youtube.com/watch?v=UEcR1mqSi0w", Как получать деньги за чужие ошибки?
"https://www.youtube.com/watch?v=zP3zzp_nJew", Мастер-класс по созданию логотипа
"https://www.youtube.com/watch?v=1tZgn4mns2Y", Учусь учиться
"https://www.youtube.com/watch?v=rXDOTfQL__I", Главные ошибки дизайнера при верстке макета
"https://www.youtube.com/watch?v=16bscwbeHAc", Как найти себя в мире больших данных?
"https://www.youtube.com/watch?v=j_0VftzIEdo", GeekChange. Какой я программист?
"https://www.youtube.com/watch?v=FG4BpKv5VMc", Digital за минуту: что такое SEO?
"https://www.youtube.com/watch?v=5G8spuIyuhA", От теории к практике. Опыт реализации DOTS в боевом проекте. Сергей Клименко
"https://www.youtube.com/watch?v=QBd2AfOHrEU", Введение в Data-Oriented Programming на Unity - Валентин Симонов.
"https://www.youtube.com/watch?v=kQEZFsQJ52E", Как дизайнеру не потерять вдохновение
"https://www.youtube.com/watch?v=FIZmBDa_Bg0", Digital за минуту: кто такой веб-дизайнер?
"https://www.youtube.com/watch?v=KE3a7bVawlM", Как понять задачу клиента и создать крутое дизайн-решение
"https://www.youtube.com/watch?v=MeQeVjEXAUY", Как не стать дизайнером за 1 день
"https://www.youtube.com/watch?v=9-csQaAmb94", Введение в профессию Go-разработчик
"https://www.youtube.com/watch?v=djQs4wPbEHw", Сними розовые очки! Обратная сторона дизайна
"https://www.youtube.com/watch?v=4OQztEC1f1c", Как стать графическим дизайнером и изменить свою жизнь
"https://www.youtube.com/watch?v=JeRxCL031LM", Типичные ошибки начинающего дизайнера
"https://www.youtube.com/watch?v=K-bmQ8lv7w4", Стать свободным: я закончил GeekUniversity и начал работать удаленно
"https://www.youtube.com/watch?v=WMtqPuKS4RU", Как стать маркетологом и работать с мировыми брендами, живя в маленьком городе
"https://www.youtube.com/watch?v=wekMuFc3A2I", Как стать дизайнером и получить первый заказ на фрилансе
"https://www.youtube.com/watch?v=wqH5h45SFKI", Шок! Менеджер — это не обязательно офис. Секреты дистанционного управления
"https://www.youtube.com/watch?v=3atNorv_MxY", Тенденции на рынке удаленной работы в IT: про сотрудников, работодателей и процессы
"https://www.youtube.com/watch?v=KVaLxZZ4xZc", Как увеличивать доход на фрилансе?
"https://www.youtube.com/watch?v=VU8ntS-B3-Y", Я ушел в IT и на удаленку. Без универа, гарантий и смс
"https://www.youtube.com/watch?v=4CB1uFK7qss", Где маркетолог эффективнее: в офисе или у океана
"https://www.youtube.com/watch?v=AiaAGltAaVA", Мечта быть дизайнером. Как найти время ее исполнить, сидя в офисе 9 часов в сутки
"https://www.youtube.com/watch?v=mRJw7EVF40A", Хочу сменить профессию и работать из дома. Куда мне податься?
"https://www.youtube.com/watch?v=PP_QF0Km3Do", Перспективы и потенциал Kotlin в Android-разработке
"https://www.youtube.com/watch?v=eyXDaQcQZHM", Браузерные игры: интервью с экспертами из ВКонтакте и Одноклассников
"https://www.youtube.com/watch?v=OkIy-6qOhxE", Пишем первую программу на Go
"https://www.youtube.com/watch?v=0yu-7dvruZo", Чем хорош язык Go и зачем его изучать?
"https://www.youtube.com/watch?v=67DfhUqF_Fg", Digital за минуту: как заработать на киберспорте?
"https://www.youtube.com/watch?v=foQdkFTxD2g", Как прошел третий День карьеры GeekUniversity!
"https://www.youtube.com/watch?v=YY6-rwOEmqA", Основы асинхронного программирования на PHP с ReactPHP [GeekBrains]
"https://www.youtube.com/watch?v=PW7tvGexQQc", Фреймворк Vue для начинающих [GeekBrains]
"https://www.youtube.com/watch?v=j4tBqCmKgB0", Нужен ли мне фреймворк? [GeekBrains]
"https://www.youtube.com/watch?v=EfK-od8hVNo", Как использовать Netbeans IDE для веб-разработки [GeekBrains]
"https://www.youtube.com/watch?v=C7jpgLwr-mU", Знакомство с командным интерпретатором bash [GeekBrains]
"https://www.youtube.com/watch?v=R2QtnebNZdo", Аннотации типов в Python [GeekBrains]
"https://www.youtube.com/watch?v=MFvjcCDfF3o", Своя анимация переходов между экранами Custom View Controller Transitions [GeekBrains]
"https://www.youtube.com/watch?v=Wbd0ftVDXMs", Как хранить данные в iOS приложениях. Realm: быстро и удобно! [GeekBrains]
"https://www.youtube.com/watch?v=Xs6cFBHhaWQ", Как поднять web-сервер на FreeBSD [GeekBrains]
"https://www.youtube.com/watch?v=6ePKvygRgFg", Языки группы С как основа основ
"https://www.youtube.com/watch?v=HJdVxQe5BGs", Agile: работает или нет?
"https://www.youtube.com/watch?v=wFTMtK0tg9c", Паттерн Стратегия — пример применения концепций ООП [GeekBrains]
"https://www.youtube.com/watch?v=9fcQtO_Rldg", Митап факультета разработки игр GeekUniversity
"https://www.youtube.com/watch?v=TWfj_zxwEx8", Как получить профессию в киберспорте и сколько можно заработать
"https://www.youtube.com/watch?v=DSWFIR9pIJ8", Осваиваем frontend-backend взаимодействие, используя Ember js и Rails [GeekBrains]
"https://www.youtube.com/watch?v=o7J3dNxF8ZI", Основы Yii2 [GeekBrains]
"https://www.youtube.com/watch?v=9sPJx1sAWP0", Модульное тестирование. Unit тесты на C# [GeekBrains]
"https://www.youtube.com/watch?v=FtARUBQ_9_k", Как устроены строки в Java и что с ними делать [GeekBrains]
"https://www.youtube.com/watch?v=oUvsd4g4AGM", Как найти себя в индустрии киберспорта и научиться зарабатывать
"https://www.youtube.com/watch?v=fQgL2RnXVDc", RxJava и основы реактивной разработки [GeekBrains]
"https://www.youtube.com/watch?v=4CLlk9EeUeo", Изучите Hibernate на практике [GeekBrains]
"https://www.youtube.com/watch?v=cX3VH4gw16w", Клиент-серверное приложение для мониторинга нагрузки на сервер [GeekBrains]
"https://www.youtube.com/watch?v=bWH41cqxdW8", Введение в искусственный интеллект: обработка естественного языка
"https://www.youtube.com/watch?v=SP3rcuwIo-E", Навигация в IOS приложении [GeekBrains]
"https://www.youtube.com/watch?v=7UKUrRp3UXM", МегаФон и GeekBrains: искусственный интеллект
"https://www.youtube.com/watch?v=rjLIPxkOk2A", Введение в искусственный интеллект: компьютерное зрение
"https://www.youtube.com/watch?v=VpWjY-KMmrs", Основы работы с Immutable.js [GeekBrains]
"https://www.youtube.com/watch?v=7b9jVruYr18", Как создать свое веб-приложение на Flask [GeekBrains]
"https://www.youtube.com/watch?v=-msGnueCFS4", Действия администратора на базе классов представлений Django Class based views, CBV [GeekBrains]
"https://www.youtube.com/watch?v=GjPNMUbQn4Q", Как стать программистом?
"https://www.youtube.com/watch?v=mim20Wh7noY", Product-менеджер: новая профессия в GeekBrains
"https://www.youtube.com/watch?v=r1fqipmrlVY", Product-менеджмент: этапы создания продукта
"https://www.youtube.com/watch?v=eUIk6E3U-CA", Первый опыт с Python. Парсинг данных сайтов
"https://www.youtube.com/watch?v=b0OSKLFurw0", Кирилл Тараненко: как стать крутым SEO-специалистом. GeekBrains
"https://www.youtube.com/watch?v=GHelqcmuhmk", Светлана Ковалева: как повысить качество обращений с контекстной рекламы. Вебинар GeekBrains
"https://www.youtube.com/watch?v=7dxY5jwJb5A", Роман Кумар Виас: Маркетинг для стартапов. Вебинар GeekBrains
"https://www.youtube.com/watch?v=ko2t_eLorpA", Марине Мкртчян «Дизайн-мышление» GeekBrains
"https://www.youtube.com/watch?v=BqvutHEhqTo", Курс по брендингу: от идеи к фирменному стилю
"https://www.youtube.com/watch?v=1lEdlDrE0xk", Роман Кумар Виас расскажет про маркетинг для стартапов на вебинаре GeekBrains
"https://www.youtube.com/watch?v=ikBQLzGdSSE", Встреча студентов курса веб-дизайн с преподавателями GeekBrains
"https://www.youtube.com/watch?v=XGjAVY0yxiQ", Чем занимается SMM-специалист? Что такое продвижение в соцсетях?
"https://www.youtube.com/watch?v=H2sh0oOGSGY", Видеоприглашение на вебинар по e-mail-маркетингу от Александра Пережогина
"https://www.youtube.com/watch?v=ulux5DjoIE0", Интенсивный курс «Product Manager»
"https://www.youtube.com/watch?v=UZQD_a9IVh8", Онлайн-воркшоп «Верстка сайта за 90 минут» с Алексеем Кадочниковым
"https://www.youtube.com/watch?v=kMDSArHclfk", Какой язык программирования выбрать?
"https://www.youtube.com/watch?v=vCBXl-Y4d_M", Как стать Web разработчиком: весь путь от A до Я [GeekBrains]
"https://www.youtube.com/watch?v=BXkI-KKkM6s", Вебинар "Кто такой product-менеджер?"
"https://www.youtube.com/watch?v=PEGtKLUo_yA", Знакомство с UITableView [GeekBrains]
"https://www.youtube.com/watch?v=TcAkOA-H674", Как заинтересовать ребенка учебой через разработку игр [GeekBrains]
"https://www.youtube.com/watch?v=et42lumsLUs", Воркшоп по программированию «Написание Телегам-бота»
"https://www.youtube.com/watch?v=akU-sZXw_GI", Блоки в Ruby [GeekBrains]
"https://www.youtube.com/watch?v=ETwJVHNwKXk", Алгоритмы и структуры данных [GeekBrains]
"https://www.youtube.com/watch?v=UShGmGp1A5k", Алгоритмы динамическое программирование [GeekBrains]
"https://www.youtube.com/watch?v=9RH5UY5eZOA", С Днём учителя!
"https://www.youtube.com/watch?v=YJWGzH4gxV4", GeekUniversity: День карьеры
"https://www.youtube.com/watch?v=MGzR3Wm4pNo", Портфолио маркетолога. Как создавать интересные кейсы?
"https://www.youtube.com/watch?v=RNLYXyayb-o", Как написать программу для Android?
"https://www.youtube.com/watch?v=nRaQ3Y0J_5c", Баттл Unix vs Windows — выбираем ОС для тру айтишника
"https://www.youtube.com/watch?v=3kjKlxto8AQ", Обучение Performance-маркетингу от Adventum и GeekBrains
"https://www.youtube.com/watch?v=nvrjkl89UnU", Обучение веб-дизайну с GeekBrains
"https://www.youtube.com/watch?v=Io_L7zmxrwE", Финал марафона Найди себя в Digital
"https://www.youtube.com/watch?v=vAZIT74hfOI", Тестирование программного обеспечения
"https://www.youtube.com/watch?v=edB3q4Syjy0", Найди себя в Digital. Трансляция с главной сцены.
"https://www.youtube.com/watch?v=m4MTFMgTp-k", C днем рождения, Linux!
"https://www.youtube.com/watch?v=RZ7wRNFAzxM", Жизнь дизайнера на фринлансе или работа в команде?
"https://www.youtube.com/watch?v=pB6VQgS7l6U", Введение в разработку под Android
"https://www.youtube.com/watch?v=ioJpVhbjD9o", Введение в Искусственный интеллект
"https://www.youtube.com/watch?v=w4FoAH7qkcQ", О чём не говорят дизайнеры: конструкторы сайтов востребованы.
"https://www.youtube.com/watch?v=nkp4Rqnc0oA", Как создавать эффективную нативную рекламу
"https://www.youtube.com/watch?v=rN0JT7MpS1Q", Путь программиста самоучки, повторять не рекомендую
"https://www.youtube.com/watch?v=Gk-NKMsrPs8", Как работает оперативная память?
"https://www.youtube.com/watch?v=I8i38HGNdco", Что такое дизайн-мышление и продуктовый дизайн. Разберемся с азами
"https://www.youtube.com/watch?v=60CSvt7ZILA", ВКонтакте: платформа для продвижения бизнеса
"https://www.youtube.com/watch?v=1yvIkftpQUs", Введение в разработку под iOS
"https://www.youtube.com/watch?v=ADRCtmj-W9E", Ошибки начинающих дизайнеров
"https://www.youtube.com/watch?v=OC2nHEobvtM", Создаем игру на движке Unity за час
"https://www.youtube.com/watch?v=lBsenN9TaQ4", Лайфхаки по привлечению клиентов из социальных сетей
"https://www.youtube.com/watch?v=pKT7099eDIk", Веб-разработка - создание персонального сайта
"https://www.youtube.com/watch?v=6n7hFAeJmgE", Как не потеряться в изобилии дизайнерского софта
"https://www.youtube.com/watch?v=qgrfy4_th0o", Продвижение в соцсетях
"https://www.youtube.com/watch?v=LyRK5VXc-98", IPv6 для новичков [GeekBrains]
"https://www.youtube.com/watch?v=UeYEa0O-wzU", Продвижение в соцсетях. Онлайн-марафон GeekBrains.
"https://www.youtube.com/watch?v=4KqVGqUZvIg", Основы программирования
"https://www.youtube.com/watch?v=3aj3yVF3Yu0", Словари в Python [GeekBrains]
"https://www.youtube.com/watch?v=I5bgy2z2nIE", Создаем web-приложение с помощью JHipster — за несколько консольных команд
"https://www.youtube.com/watch?v=QKMLdPR9hoY", Создание системы предметов на Unity [GeekBrains]
"https://www.youtube.com/watch?v=o362fJYOvKg", Столкновения и триггеры в Unity [GeekBrains]
"https://www.youtube.com/watch?v=uYOeffvh8bU", Типы данных в языке Java [GeekBrains]
"https://www.youtube.com/watch?v=GO-3bl_D1ck", Типы данных языка C# [GeekBrains]
"https://www.youtube.com/watch?v=01OmhPsS8f0", Как проводить Юнит-тестирование [GeekBrains]
"https://www.youtube.com/watch?v=LENQ44FqiVQ", Секреты создания панели виджетов с использованием WPF [GeekBrains]
"https://www.youtube.com/watch?v=1fObNi3nL7I", Все, что вы должны знать о типах данных [GeekBrains]
"https://www.youtube.com/watch?v=6VPTqSukvpQ", Как использовать отладочный прокси сервер для анализа трафика веб-приложений [GeekBrains]
"https://www.youtube.com/watch?v=5JpWTyBkN6g", Как освоить front-end-разработку и собрать портфолио [GeekBrains]
"https://www.youtube.com/watch?v=3RARP9OpJYw", Как оценить качество ПО? [GeekBrains]
"https://www.youtube.com/watch?v=CHMh5EblKUg", Почему Python? [GeekBrains]
"https://www.youtube.com/watch?v=b12vkBIwea8", Синтаксический сахар при работе с потоками на языке С# [GeekBrains]
"https://www.youtube.com/watch?v=2_x9ufAAywI", Введение в параллельные вычисления на языке C# [GeekBrains]
"https://www.youtube.com/watch?v=_RI5AVSKav8", Базовый траблшутинг Linux систем [GeekBrains]
"https://www.youtube.com/watch?v=8Cn2Jr8T7e0", Безопасность и взлом баз данных [GeekBrains]
"https://www.youtube.com/watch?v=lLf6Qt6wSJ8", Как анализировать данные с Python библиотеками Pandas и Numpy [GeekBrains]
"https://www.youtube.com/watch?v=9Q0NnpuWvlk", Язык Gherkin. Как описать автоматический тест понятным человеку языком
"https://www.youtube.com/watch?v=GThL6TLrRFY", Перехват и анализ информации в компьютерных сетях [GeekBrains]
"https://www.youtube.com/watch?v=LCaOjeuARzo", Мобильный фреймворк Flutter от Google — взгляд Android разработчика [GeekBrains]
"https://www.youtube.com/watch?v=OXwjUFB8Iys", Как протестировать SOAP сервис [GeekBrains]
"https://www.youtube.com/watch?v=YuWcVO6YCk0", Как легко начать писать на PowerShell или простая автоматизация Active Directory [GeekBrains]
"https://www.youtube.com/watch?v=yXQExl9CyyE", Разработка веб-приложений на Nuxt.js [GeekBrains]
"https://www.youtube.com/watch?v=bDblNpOiwEo", Нагрузочное тестирование [GeekBrains]
"https://www.youtube.com/watch?v=yThgqjaMzXE", Введение в server side и разработку под iOS на Swift [GeekBrains]
"https://www.youtube.com/watch?v=ugGlXEV2zIU", Введение в программирование на языке SQL [GeekBrains]
"https://www.youtube.com/watch?v=EjO8f8sZnBw", Как пройти собеседование Python программисту [GeekBrains]
"https://www.youtube.com/watch?v=dtlJ96kL3Ag", TDD в проектах на PHP [GeekBrains]
"https://www.youtube.com/watch?v=1W1OUW47f_o", Секреты создания популярной игры [GeekBrains]
"https://www.youtube.com/watch?v=GhxNaWZeN7k", Тестирование Django приложения [GeekBrains]
"https://www.youtube.com/watch?v=Hd8JLntpbKE", Как разработать игру без бюджета [GeekBrains]
"https://www.youtube.com/watch?v=Tz8hAyYipb4", Урок создания простого приложения для Android на Kotlin [GeekBrains]
"https://www.youtube.com/watch?v=Y5_ZgpiI6jI", Пишем HTML5 арканоид на чистом JavaScript и Canvas [GeekBrains]
"https://www.youtube.com/watch?v=h7gxhTPRac4", Основы тест-дизайна. Техники и особенности их применения [GeekBrains]
"https://www.youtube.com/watch?v=-uiOML4TLhs", Ограничение прав доступа на PHP. Авторизация и аутентификация [GeekBrains]
"https://www.youtube.com/watch?v=tqXQ5MZpJFM", Курсы криптовалют на Kotlin для Android [GeekBrains]
"https://www.youtube.com/watch?v=tTP0uuLJVxA", День открытых дверей в GeekBrains
"https://www.youtube.com/watch?v=j5CSSsac8Iw", Искусственный интеллект в Unity [GeekBrains]
"https://www.youtube.com/watch?v=aQf5QzXigOY", Objective C vs Swift. С чего начать [GeekBrains]
"https://www.youtube.com/watch?v=ENxdEQ2-pgg", Тестирование на Java [GeekBrains]
"https://www.youtube.com/watch?v=2ReaCD0GYCg", Учимся учиться [GeekBrains]
"https://www.youtube.com/watch?v=0Iafy5PAvMs", Рисуем графики и диаграммы с Core Graphics и анимируем их — с Core Animation [GeekBrains]
"https://www.youtube.com/watch?v=yYjt3YSR7aM", Основы Nhibernate [GeekBrains]
"https://www.youtube.com/watch?v=Vqple_TvaQA", Настройка Webpack для быстрой front-end разработки [GeekBrains]
"https://www.youtube.com/watch?v=3brQC0TzHsg", Шифрование данных. Алгоритм Диффи Хеллмана
"https://www.youtube.com/watch?v=e0l7uoR0P4Q", Пишем игру "Быки и коровы" на языке программирования Python [GeekBrains]
"https://www.youtube.com/watch?v=mWCumhOIn5A", Как быстро создать Flickr клиент на Swift [GeekBrains]
"https://www.youtube.com/watch?v=kLWrqHidQNs", Тестирование безопасности WiFi сетей на взлом [GeekBrains]
"https://www.youtube.com/watch?v=RzuFV7RArjs", Специалист по контекстной рекламе – может, это ты? [GeekBrains]
"https://www.youtube.com/watch?v=N-_LIlymjPs", Учимся разрабатывать 2D realtime игры на JavaScript [GeekBrains]
"https://www.youtube.com/watch?v=vG84k5WOiOs", Разработка чат-бота для Telegram на С# за час [GeekBrains]
"https://www.youtube.com/watch?v=Ykyia6eMQk8", Пишем приложение «Погода» для iOS за 1 час [GeekBrains]
"https://www.youtube.com/watch?v=LMikMqL5vq0", Как учить английский язык по мультсериалу «Футурама» [GeekBrains]
"https://www.youtube.com/watch?v=3ku89naLPg8", Основы тестирования с RSpec [GeekBrains]
"https://www.youtube.com/watch?v=5k9nNVojzWI", iOS разработка для начинающих [GeekBrains]
"https://www.youtube.com/watch?v=M8nMvZ3CvO0", Базовые типы данных, ветвление и циклы языка Java [GeekBrains]
"https://www.youtube.com/watch?v=0-r5VuHV6Ng", Easy mode. Простые инструменты для несложных приложений [GeekBrains]
"https://www.youtube.com/watch?v=g7z0q1IaQe8", Как создать веб-приложение с использованием JavaServer Faces [GeekBrains]
"https://www.youtube.com/watch?v=ywgZZIpea04", Sentry - мониторинг ошибок при разработке веб-проекта [GeekBrains]
"https://www.youtube.com/watch?v=pmjZySvxuug", Сборка Java проектов. Коротко про Ant, Maven и Gradle [GeekBrains]
"https://www.youtube.com/watch?v=LeWwBJ9bZ3I", Как просто написать 2D игру-платформер на Unity [GeekBrains]
"https://www.youtube.com/watch?v=FZmOZ-lLSDs", Безопасность iOS приложений [GeekBrains]
"https://www.youtube.com/watch?v=rLNxhkmVdE8", Как просто создать to do list на JavaScript [GeekBrains]
"https://www.youtube.com/watch?v=0q2mooyJWMI", Научись программировать сайт за 4 шага [GeekBrains]
"https://www.youtube.com/watch?v=NVgdqZ_XMfI", Секреты успешного интернет-маркетинга: осваиваем CPA сети [GeekBrains]
"https://www.youtube.com/watch?v=0O99UUXFsaE", Коллекции в Java [GeekBrains]
"https://www.youtube.com/watch?v=eBn4XNwUgxk", Разработка игр на Unity3D [GeekBrains]
"https://www.youtube.com/watch?v=WaQ6YflHa8g", Как защитить WiFi сети и роутер [GeekBrains]
"https://www.youtube.com/watch?v=wbcfCk1o7rI", React Native. Как написать универсальный код для iOS и Android [GeekBrains]
"https://www.youtube.com/watch?v=izRl5MjJzPc", Как учить английский язык по мультсериалу «Американский папаша!» [GeekBrains]
"https://www.youtube.com/watch?v=m_ubik7xgfA", Корпоративные приложения на Java [GeekBrains]
"https://www.youtube.com/watch?v=GOikEe3ASEc", Как написать бота для Instagram на Node.js [GeekBrains]
"https://www.youtube.com/watch?v=OaTZbNyMit4", Как написать Android-приложение на Kotlin [GeekBrains]
"https://www.youtube.com/watch?v=wvCfHiDl28M", Как учить английский по мультсериалу «Симпсоны» [GeekBrains]
"https://www.youtube.com/watch?v=tEjeXYeLdLM", Как добавить сертификат на выделенный LAMP сервер HTTPS [GeekBrains]
"https://www.youtube.com/watch?v=Lua3n0ZrIZc", Как составить резюме программисту. Секреты от HR [GeekBrains]
"https://www.youtube.com/watch?v=FbF8kFnbVw0", Как написать чат-бот для интернет-магазина на Python [GeekBrains]
"https://www.youtube.com/watch?v=TbhQGSVHpZA", Как учить английский язык по презентации iPhone X [GeekBrains]
"https://www.youtube.com/watch?v=IZyg1QjkD4g", Как создать приложение на Unity с дополненной реальностью [GeekBrains]
"https://www.youtube.com/watch?v=N4w_9fZZNIw", Как разработать игру на языке Swift и фреймворке SpriteKit [GeekBrains]
"https://www.youtube.com/watch?v=lWed9GKuPZw", Как увеличить конверсию сайта при помощи квизов [GeekBrains]
"https://www.youtube.com/watch?v=N-VrWgg1BFQ", Развиртуализация: оффлайн-встреча со студентами GeekUniversity
"https://www.youtube.com/watch?v=clnf2zjwdh4", Обмен данными между сайтом и офисными приложениями [GeekBrains]
"https://www.youtube.com/watch?v=aqSedQLDwUI", Создание рекомендательных систем с помощью PHP и MySQL [GeekBrains]
"https://www.youtube.com/watch?v=ohQX5Iy8yqU", Как учить английский язык по мультсериалу «Гриффины» [GeekBrains]
"https://www.youtube.com/watch?v=d9ecDVQMtcg", Использование диалогов пользовательского интерфейса в WPF и с MVVM [GeekBrains]
"https://www.youtube.com/watch?v=wk0HaFdDy3Q", Как создать логотип для приложения с помощью Sketch [GeekBrains]
"https://www.youtube.com/watch?v=-eNVaBXb3Tc", Настройка среды разработки Frontend-разработчика [GeekBrains]
"https://www.youtube.com/watch?v=p7kQP2iNanE", Как учить английский язык по сериалу "Друзья" [GeekBrains]
"https://www.youtube.com/watch?v=rC6BK7rMfOM", Как пройти собеседование c HR? Советы рекрутера [GeekBrains]
"https://www.youtube.com/watch?v=YA_WkG0mbJY", Карьерная лестница программиста: от Junior до IT директора [GeekBrains]
"https://www.youtube.com/watch?v=aqC5vczgQqs", Как учить английский язык по сериалу "Подпольная империя" [GeekBrains]
"https://www.youtube.com/watch?v=s37OTgDADAI", В чем смысл блокчейна [GeekBrains]
"https://www.youtube.com/watch?v=VZu0-djfzwo", Как учить английский язык по сериалу "Клиника" [GeekBrains]
"https://www.youtube.com/watch?v=kt905VYGxQw", Что должен знать Junior Android разработчик, чтобы устроиться на работу [GeekBrains]
"https://www.youtube.com/watch?v=tY63Al72TgA", Учим английский по сериалу "Силиконовая долина" [GeekBrains]
"https://www.youtube.com/watch?v=nmZlbBm0pig", Онлайн игра "Крестики-нолики" на Android – с помощью Firebase [GeekBrains]
"https://www.youtube.com/watch?v=ab78RVTbqFk", Ускорение в позиционировании элементов. Flexbox vs CSS Grid [GeekBrains]
"https://www.youtube.com/watch?v=CHLPX29gH1Y", Пишем Telegram бота на PHP [GeekBrains]
"https://www.youtube.com/watch?v=cdA-rsb1vkk", Алгоритмы: от последовательности действий до решения сложной задачи [GeekBrains]
"https://www.youtube.com/watch?v=f0iG7AWoak4", Учим английский по сериалу "Ходячие мертвецы" [GeekBrains]
"https://www.youtube.com/watch?v=qh4bnFGOHXY", Как использовать паттерн MVVM в WPF приложениях [GeekBrains]
"https://www.youtube.com/watch?v=taRtTtMRPzs", Java – все, что нужно знать о коллекциях [GeekBrains]
"https://www.youtube.com/watch?v=OaZx_4jn3EE", Аndroid приложение с онлайн подкачкой данных из базы MySQL через скрипты PHP [GeekBrains]
"https://www.youtube.com/watch?v=J2o4RIN651Y", Первичный анализ данных в Python [GeekBrains]
"https://www.youtube.com/watch?v=X3bEaRQimNY", Изучаем английский по сериалу "Карточный домик" [GeekBrains]
"https://www.youtube.com/watch?v=Ezsr1GT2Sdo", Лучшие практики проектирования и реализации API на C# [GeekBrains]
"https://www.youtube.com/watch?v=8NNCjd6kZow", Введение в разработку игр на Pygame [GeekBrains]
"https://www.youtube.com/watch?v=-sbSqzOvdF8", Как стать программистом и найти работу? [GeekBrains]
"https://www.youtube.com/watch?v=duBeaGZzW7U", Основы компьютерных сетей. Диагностика и устранение основных проблем [GeekBrains]
"https://www.youtube.com/watch?v=WV1ruv8aURg", Какой фильм посмотреть? Разрабатываем рекомендательную систему на Python [GeekBrains]!
"https://www.youtube.com/watch?v=2TWl3VahnOg", Изучаем английский по сериалу "Настоящий детектив" [GeekBrains]
"https://www.youtube.com/watch?v=lmqFi2QamP0", Анимация в Web посредством Javascipt и CSS [GeekBrains]!
"https://www.youtube.com/watch?v=C36lurY9vGs", Сетевой уровень и модель OSI [GeekBrains]
"https://www.youtube.com/watch?v=f1K19cEHPrM", Архитектура окна iOS приложения. Жизненный цикл ViewController [GeekBrains]
"https://www.youtube.com/watch?v=D67kVhLUa_8", Изучаем английский по сериалу "Теория большого взрыва" [GeekBrains]
"https://www.youtube.com/watch?v=JHZOygllXLY", Java. Основы работы с базами данных [GeekBrains]
"https://www.youtube.com/watch?v=KzA_oyokG9w", PHP 7.0-7.1. Наиболее важные изменения [GeekBrains]
"https://www.youtube.com/watch?v=vQ4_snsGAuo", Метапрограммирование [GeekBrains]
"https://www.youtube.com/watch?v=inboXMgp2uk", Итераторы в Ruby [GeekBrains]
"https://www.youtube.com/watch?v=SEp5lVfYY68", Изучаем английский по сериалу "Игра престолов" [GeekBrains]
"https://www.youtube.com/watch?v=FXP-oFsvQSU", Работа с регулярными выражениями на Java [GeekBrains]
"https://www.youtube.com/watch?v=T_nXkKh-YZM", Защита от компьютерных вирусов [GeekBrains]
"https://www.youtube.com/watch?v=44u0u43fX58", Весенний "RESTful" - сервис котировок [GeekBrains]
"https://www.youtube.com/watch?v=lzN9g8ohIRI", iOS Swift: первое приложение для новичков [GeekBrains]
"https://www.youtube.com/watch?v=Br7AUg6qF3k", Учим английский по сериалу "Во все тяжкие" [GeekBrains]
"https://www.youtube.com/watch?v=UQeuIIKmPDY", Артем Шашков [Отзывы GeekBrains]
"https://www.youtube.com/watch?v=Yvn4LxcTe44", Левачин Константин [Отзывы GeekBrains]
"https://www.youtube.com/watch?v=YKSHZxvkyLY", Валерий Туров [Отзывы GeekBrains]
"https://www.youtube.com/watch?v=DDaSM56--Ks", Учим английский по сериалу Шерлок [GeekBrains]
"https://www.youtube.com/watch?v=r8O5CweH8Vk", CSS для потерявшихся: позиционирование [GeekBrains]
"https://www.youtube.com/watch?v=K-goLNEpsjU", Жизнь без Bootstrap. Собственная модульная сетка [GeekBrains]
"https://www.youtube.com/watch?v=PMIN2yid6N0", Онлайн-университет от Mail.Ru Group с гарантированным трудоустройством
"https://www.youtube.com/watch?v=91NeqmfvJ9M", Тестирование: ручное или автоматизированное? [GeekBrains]
"https://www.youtube.com/watch?v=rFnF1eJnHrg", Работа с переменными в JavaScript [GeekBrains]
"https://www.youtube.com/watch?v=Mj735dBnotM", Создание сайта при помощи Spring [GeekBrains]
"https://www.youtube.com/watch?v=ylA53I_LLl4", Особенности CSS при кроссбраузерной вёрстке [GeekBrains]
"https://www.youtube.com/watch?v=P4bHSwgqySQ", Как управлять контактами с использованием фреймворка Contacts [GeekBrains]
"https://www.youtube.com/watch?v=0cOcP7kcfpI", Живое приложение на Flask + Socket IO [GeekBrains]
"https://www.youtube.com/watch?v=RPMpWZXuBuc", Файловая система и сборка БЭМ верстки [GeekBrains]
"https://www.youtube.com/watch?v=hRNLLBATo4U", Типографика в HTML/CSS [GeekBrains]
"https://www.youtube.com/watch?v=cbkoAEQ74Fc", Как поддерживать уровень английского, тратя 15 минут в день [GeekBrains]
"https://www.youtube.com/watch?v=YbXX3Kb49rk", Псевдоселекторы в CSS3 [GeekBrains]
"https://www.youtube.com/watch?v=Mzwi7NkxTQ8", Особенности работы системного администратора [GeekBrains]
"https://www.youtube.com/watch?v=3T-cK_SPntc", Фриланс: халява или путь в никуда [GeekBrains]
"https://www.youtube.com/watch?v=0Y0KIq69LGg", Паттерны проектирования в Java [GeekBrains]
"https://www.youtube.com/watch?v=sZgXUK5L3Ss", Создаем приложение "Погода" на Java [GeekBrains]
"https://www.youtube.com/watch?v=iEGkSTlpmnQ", Асинхронные задачи в Ruby on Rails c помощью Sidekiq [GeekBrains]
"https://www.youtube.com/watch?v=MHd2uXHzLuY", Основы работы с препроцессором Stylus [GeekBrains]
"https://www.youtube.com/watch?v=xPltG_wcKc8", Английский для начинающих [GeekBrains]
"https://www.youtube.com/watch?v=84qMDb-U15U", Правила создания качественного веб-дизайна [GeekBrains]
"https://www.youtube.com/watch?v=rLAyTZr0Xgw", Консольное приложение на Java за час [GeekBrains]
"https://www.youtube.com/watch?v=vdz0Wcn_mCc", Ругаемся по-английски. Оригинальный способ изучения языка [GeekBrains]
"https://www.youtube.com/watch?v=-_yea0gp7ZE", Основы C# в примерах [GeekBrains]
"https://www.youtube.com/watch?v=f4JlleWtQl4", Куда пойти в ИТ [GeekBrains]
"https://www.youtube.com/watch?v=RwTVrgiQly0", Создание интерфейса с использованием Xib-файлов [GeekBrains]
"https://www.youtube.com/watch?v=Z90DFL2Ndow", Принципы программирования и антипаттерны [GeekBrains]
"https://www.youtube.com/watch?v=59tq5Fcgn7A", SOLID принципы [GeekBrains]
"https://www.youtube.com/watch?v=pHdsznyBIYU", Ускорение в позиционировании элементов [GeekBrains]
"https://www.youtube.com/watch?v=ajF7i-ngy3g", Подводные камни при разработке сайтов [GeekBrains]
"https://www.youtube.com/watch?v=hxb8ogv0mPM", UX-дизайн для начинающих [GeekBrains]
"https://www.youtube.com/watch?v=CYI6W6r7Gjc", Русский язык для IT-специалиста: как не потерять самого себя [GeekBrains]
"https://www.youtube.com/watch?v=YFZTd5_Kcbs", Работа с текстом в HTML/CSS [GeekBrains]
"https://www.youtube.com/watch?v=GOcRFAp1Wfc", Техники быстрого изучения английских слов [GeekBrains]
"https://www.youtube.com/watch?v=19jyEOUwdjE", Jade/Pug или HTML на диете [GeekBrains]
"https://www.youtube.com/watch?v=OO9QPC4XL5U", CSS фильтры и эффекты: как сделать красиво [GeekBrains]
"https://www.youtube.com/watch?v=36wV2Cudai0", Золотой запас Python [GeekBrains]
"https://www.youtube.com/watch?v=fwScAgMYmZ4", Анимация в CSS [GeekBrains]
"https://www.youtube.com/watch?v=R5SiL1xnBLo", Векторная графика в веб-дизайне: основы и практика [GeekBrains]
"https://www.youtube.com/watch?v=H8KsmjrB1Dw", CSS Grid и модульные сетки [GeekBrains]
"https://www.youtube.com/watch?v=nvTr5DSSsi0", Декораторы в Python [GeekBrains]
"https://www.youtube.com/watch?v=7AFJ8ONAvq0", Алгоритмы сортировки в Java [GeekBrains]
"https://www.youtube.com/watch?v=BafltJSYmic", Первый в России онлайн-университет для программистов [GeekBrains]
"https://www.youtube.com/watch?v=ljj0u5DZ7so", HTML/CSS шаблоны для систем управления сайтами [GeekBrains]
"https://www.youtube.com/watch?v=pcIoZA2c-5k", Простой сетевой чат на Java [GeekBrains]
"https://www.youtube.com/watch?v=Jz_neQAfZaQ", Архитектура окна iOS приложения. Жизненный цикл ViewController. [GeekBrains]
"https://www.youtube.com/watch?v=aAicHyVrC8s", Основные компоненты Android приложения [GeekBrains]
"https://www.youtube.com/watch?v=SeBk-Kmx_vc", Как учить английский по фильмам и сериалам [GeekBrains]
"https://www.youtube.com/watch?v=-a07TxbuerA", Адаптивный сайт изображения, видео и внешние источники [GeekBrains]
"https://www.youtube.com/watch?v=T22c1DO7ym4", Алгоритмы на Java [GeekBrains]
"https://www.youtube.com/watch?v=IBeMfbj4lOo", Первые шаги Bootstrap [GeekBrains]
"https://www.youtube.com/watch?v=X-Aq5pZJfew", Пишем простого чат бота на Java [GeekBrains]
"https://www.youtube.com/watch?v=nXo93QPRwWg", Онлайн-университет от Mail.Ru Group с гарантированным трудоустройством
"https://www.youtube.com/watch?v=JMkHr68zO6Q", Макетная сетка колонки против Photoshop, HTML и CSS [GeekBrains]
"https://www.youtube.com/watch?v=GpoyIkKrVJk", РосЕвроБанк выделяет гранты студентам GeekUniversity
"https://www.youtube.com/watch?v=BcIyFsdmzLw", Занимательные элементы интерфейса в HTML CSS. Часть 2 [GeekBrains]
"https://www.youtube.com/watch?v=dk-ipWEVybc", Занимательные элементы интерфейса в HTML/CSS. Часть 1 [GeekBrains]
"https://www.youtube.com/watch?v=Yw9maNyYlYE", Событийная модель JavaScript [GeekBrains]
"https://www.youtube.com/watch?v=zPGS6OhyObk", Как стать успешным тестировщиком [GeekBrains]
"https://www.youtube.com/watch?v=sWopuLEomNk", Псевдоселекторы в CSS 3 [GeekBrains]
"https://www.youtube.com/watch?v=pf32xjdDrwo", Кастомизация с виджетом RecyclerView для Android [GeekBrains]
"https://www.youtube.com/watch?v=zo0yasUqV74", Графические ресурсы Android [GeekBraains]
"https://www.youtube.com/watch?v=bYsxk4_n5yg", Оптимизация вёрстки сайта [GeekBrains]
"https://www.youtube.com/watch?v=bEAZKEeVWQE", Презентация онлайн-университета GeekUniversity
"https://www.youtube.com/watch?v=sJkkA5aiXAg", Процесс и классификация видов тестирования [GeekBrains]
"https://www.youtube.com/watch?v=RdCPg2ChUbc", Лямбда-выражения в Java [GeekBrains]
"https://www.youtube.com/watch?v=JXkPjsGVkbU", Тестирование ПО [GeekBrains]
"https://www.youtube.com/watch?v=Dr5Co1SXScY", Обзор и установка PHP фреймворка Codeigniter [GeekBrains]
"https://www.youtube.com/watch?v=okRiV6ugfWk", CSS и 2D геометрия. Здравствуй, школа и институт! [GeekBrains]
"https://www.youtube.com/watch?v=1SdnK9KEuTQ", Основы адаптивной/кроссбраузерной вёрстки [GeekBrains]
"https://www.youtube.com/watch?v=EJD6VskuqJ8", Введение в JSON Schema [GeekBrains]
"https://www.youtube.com/watch?v=gbWBJ4L31i0", Google Chrome консоль. Продолжение хардкора [GeekBrains]
"https://www.youtube.com/watch?v=jP2eKH0pG8Y", Разработка HTML/CSS в Google Chrome. Только хардкор! [GeekBrains]
"https://www.youtube.com/watch?v=aTMb4oo2fHo", Практические примеры CSS3 Flexbox [GeekBrains]
"https://www.youtube.com/watch?v=uyZge2Czfqc", Работа с картами при разработке IOS приложения на Swift 3 [GeekBrains]
"https://www.youtube.com/watch?v=0lWYRyy2GNM", Основы работы с базами данных SQL [GeekBrains]
"https://www.youtube.com/watch?v=F2ZkT58rGD8", Как за час стать дизайнером с помощью С#, WPF [GeekBrains]
"https://www.youtube.com/watch?v=NpkATE4yrmI", Знакомство с дополненной реальностью с помощью Vuforia под iOS [GeekBrains]
"https://www.youtube.com/watch?v=gTdXjRif_yo", Java 8 Stream API или краткость - сестра таланта [GeekBrains]
"https://www.youtube.com/watch?v=gOccjZhCzao", 10 советов программисту для изучения английского языка [GeekBrains]
"https://www.youtube.com/watch?v=43M25stWvNc", Инструментарий для всех стадий развития веб-разработчика [GeekBrains]
"https://www.youtube.com/watch?v=ocjRT59p9Wk", Веб-разработка: поработаем в команде [GeekBrains]
"https://www.youtube.com/watch?v=WNeIkLt_X34", Онлайн-университет от Mail.Ru Group с гарантированным трудоустройством
"https://www.youtube.com/watch?v=zDmcQQtkzq0", Будущее информационных технологий [GeekBrains]
"https://www.youtube.com/watch?v=V1jlsU6qisA", GeekDay. День второй. Часть 1
"https://www.youtube.com/watch?v=ATj9ejjRQcE", Адресация и маршрутизация в IP сетях [GeekBrains]
"https://www.youtube.com/watch?v=FfzPD2wUttw", Разработка SOA приложения с помощью WCF [GeekBrains]
"https://www.youtube.com/watch?v=LhrxQnY8LbU", Клиент-серверное приложение под Android с помощью сторонних библиотек [GeekBrains]
"https://www.youtube.com/watch?v=MHSCu1XdDUI", Две мини игры с помощью Unity 3D [GeekBrains]
"https://www.youtube.com/watch?v=JYG57o_g1rI", Как пройти IT собеседование на английском: советы и рекомендации [GeekBrains]
"https://www.youtube.com/watch?v=bMfcGtLLRCw", Внедрение зависимостей в приложение на Unity [GeekBrains]
"https://www.youtube.com/watch?v=OviqpAI0dBg", Браузерная 3D игра с помощью Unity [GeekBrains]
"https://www.youtube.com/watch?v=8RKp2cPW57w", Разработка сайта на Drupal 7 для новичков [GeekBrains]
"https://www.youtube.com/watch?v=nvanbShRND0", Разработка веб-приложений на C#. ASP.NET MVC [GeekBrains]
"https://www.youtube.com/watch?v=PZkqltIBeQQ", Подготовка к собеседованию на стажёра по тестированию [GeekBrains]
"https://www.youtube.com/watch?v=xwXygDEiEhA", Портфолио начинающего веб-разработчика [GeekBrains]
"https://www.youtube.com/watch?v=EhZikidzq1M", Советы по изучению английского языка [GeekBrains]
"https://www.youtube.com/watch?v=RCZxzk9tyE4", Особенности Flexbox вёрстки [GeekBrains]
"https://www.youtube.com/watch?v=nI2mkChUgYk", Domain Specific Language с помощью Ruby [GeekBrains]
"https://www.youtube.com/watch?v=7IHhkOKaGxY", Как бесплатно создать сайт на Wordpress за час [GeekBrains]
"https://www.youtube.com/watch?v=7u4aUQq1_U8", Создание простого First Person Shooter на Unity 3D. Часть 3 [GeekBrains]
"https://www.youtube.com/watch?v=AMXbCCu0K64", Создание простого First Person Shooter на Unity 3D. Часть 2 [GeekBrains]
"https://www.youtube.com/watch?v=AC0R5ez7HAw", Быстрое вхождение в препроцессор SASS [GeekBrains]
"https://www.youtube.com/watch?v=xWMVfl9-NT4", Рекурсия вычисления значения символьного математического выражения [GeekBrains]
"https://www.youtube.com/watch?v=3eTUtd8hqrc", Форматы файлов и не только [GeekBrains]
"https://www.youtube.com/watch?v=bylDPuAXmeE", Построение интерфейса с AutoLayout [GeekBrains]
"https://www.youtube.com/watch?v=fgOsWbwOzTQ", Настройка кампаний в Google AdWords [GeekBrains]
"https://www.youtube.com/watch?v=VKEeYSpBR4c", Обзор «Entity Framework 6» [GeekBrains]
"https://www.youtube.com/watch?v=JLNBcSL0HLM", Введение в обработку Больших Данных [GeekBrains]
"https://www.youtube.com/watch?v=JfB25tsokaQ", Программист: введение в специальность [GeekBrains]
"https://www.youtube.com/watch?v=oKjHixIW22I", HTML5. Новые возможности [GeekBrains]
"https://www.youtube.com/watch?v=FHkzQooUw1Q", Apache Ant. Быстрый старт [GeekBrains]
"https://www.youtube.com/watch?v=udRBkXt9Vhc", Взлом и нападение. Аудит веб-приложений и техники атаки [GeekBrains]
"https://www.youtube.com/watch?v=CqMMvayG5os", Архитектура современных SPA сайтов [GeekBrains]
"https://www.youtube.com/watch?v=VZ_j32A9SQk", Автоматизация работы с файлами [GeekBrains]
"https://www.youtube.com/watch?v=MbmeJ3IHu0g", Mamma mia! Готовим вкусное приложение на Objective C [GeekBrains]
"https://www.youtube.com/watch?v=fdyCmoTm_6E", Как учить английский язык самостоятельно [GeekBrains]
"https://www.youtube.com/watch?v=7GLP8_UEBp4", Возможности программного обеспечения Docker [GeekBrains]
"https://www.youtube.com/watch?v=PW4vJwyT2mk", Основы тестирования пользовательских интерфейсов [GeekBrains]
"https://www.youtube.com/watch?v=0E_Qfznlpd8", Репликация PostgreSQL [GeekBrains]
"https://www.youtube.com/watch?v=SJwd3EWEp-g", Виртуализация на Hyper V: от слов к цифрам [GeekBrains]
"https://www.youtube.com/watch?v=V0b6zwf7oKs", Sublime Text 3 для веб-разработки [GeekBrains]
"https://www.youtube.com/watch?v=ghUisFO1Z90", Scrapy: создаём краулер парсер на Python с нуля [GeekBrains]
"https://www.youtube.com/watch?v=0QCsTjQ18bM", HTML5 и Canvas на JavaScript: от простого к сложному [GeekBrains]
"https://www.youtube.com/watch?v=1Yo-2BzMuks", Насколько большой твой баг [GeekBrains]
"https://www.youtube.com/watch?v=8jzzmhrnl1s", Английский для работы в команде [GeekBrains]
"https://www.youtube.com/watch?v=D0q0zXO4IdU", Английский для фрилансеров. Деловая переписка [GeekBrains]
"https://www.youtube.com/watch?v=6EHmEdycVlk", Skype боты на NodeJS: чат и звонки [GeekBrains]
"https://www.youtube.com/watch?v=3sHrIwS3d9E", DIY автосигнализация для вашего сайта [GeekBrains]
"https://www.youtube.com/watch?v=rrVLnBuJs0k", Google-календарь теперь и с веб-интерфейсом [GeekBrains]
"https://www.youtube.com/watch?v=OIaETOyuKAY", Как защитить сайт от копирования [GeekBrains]
"https://www.youtube.com/watch?v=9UDQ-4aD-RY", Пишем плагин для защиты сайта для Gulp [GeekBrains]
"https://www.youtube.com/watch?v=5M2J9TEyK8s", Чат для вашего сайта NodeJS + WebSockets [GeekBrains]
"https://www.youtube.com/watch?v=44liMVZuVNE", Сервисы рассылок для вашего сайта [GeekBrains]
"https://www.youtube.com/watch?v=3QQDHTElXss", Школа благородных программистов [GeekBrains]
"https://www.youtube.com/watch?v=BaJ2cIh_6G0", Почувствуй себя богом, или Моделирование жизни на Java. Часть V [GeekBrains]
"https://www.youtube.com/watch?v=u3AwjTNVO6Q", Почувствуй себя богом, или Моделирование жизни на Java. Часть IV [GeekBrains]
"https://www.youtube.com/watch?v=r7Lh2DIdTmE", Почувствуй себя богом или Моделирование жизни на Java. Часть III [GeekBrains]
"https://www.youtube.com/watch?v=snazHbxLMy0", Создаём чат для локальной сети [GeekBrains]
"https://www.youtube.com/watch?v=nsy-LAnUJS4", Осторожно, злой сайт! Защита сайта от копирования [GeekBrains]
"https://www.youtube.com/watch?v=yNGF0X10ckg", Почувствуй себя богом, или Моделирование жизни на Java. Часть II [GeekBrains]
"https://www.youtube.com/watch?v=O1ImO2DlsO4", Рассылка уведомлений клиентам на JavaScript [GeekBrains]
"https://www.youtube.com/watch?v=boyOjSehg5g", Автоматизация сервисов Google: Youtube и личное расписание [GeekBrains]
"https://www.youtube.com/watch?v=c8mf9Ky7WbA", Основы разработки сайтов [GeekBrains]
"https://www.youtube.com/watch?v=oIIo452CH00", Android приложение "Погода за один час" [GeekBrains]
"https://www.youtube.com/watch?v=VxrivQUAAlg", Создание консольных приложений. Основы синтаксиса Java [GeekBrains]
"https://www.youtube.com/watch?v=oRlAJzEYK0s", Виртуальная ОС для начинающего разработчика или администратора [GeekBrains]
"https://www.youtube.com/watch?v=cwtdPHlCsUU", Как не облажаться при выборе веб-студии [GeekBrains]
"https://www.youtube.com/watch?v=RkFAYHPZdJg", Python и ВКонтакте. API автоматизация работы [GeekBrains]
"https://www.youtube.com/watch?v=Wi7kOeOWFZo", Секреты создания продающего лендинга [GeekBrains]
"https://www.youtube.com/watch?v=7jrwrpC0tp0", Эффективный Landing Page [GeekBrains]
"https://www.youtube.com/watch?v=CrWSsW90Cls", Язык Assembler. Знакомство и особенности программирования [GeekBrains]
"https://www.youtube.com/watch?v=EzxImLDtV6E", Пишем Conway's Game of Life [GeekBrains]
"https://www.youtube.com/watch?v=F9K7QnsKja0", Что такое SMM маркетинг [GeekBrains]
"https://www.youtube.com/watch?v=gvz-7VnmxVw", Администрирование СУБД PostgreSQL. Основы SQL [GeekBrains]
"https://www.youtube.com/watch?v=3LBU5j2VMH4", Введение в Unity3D [GeekBrains]
"https://www.youtube.com/watch?v=NWvCyJjd-VA", Динамический язык стилей LESS [GeekBrains]
"https://www.youtube.com/watch?v=L1pzykl1D54", Разработка веб-приложений на PHP + PostgreSQL [GeekBrains]
"https://www.youtube.com/watch?v=lb8OX4VPAOs", Введение в jQuery [GeekBrains]
"https://www.youtube.com/watch?v=rFMbfEXhx7A", Праздничный сайт-открытка! Часть 2. [GeekBrains]
"https://www.youtube.com/watch?v=3H_mK-SjdMA", Праздничный сайт-открытка! Часть 1. [GeekBrains]
"https://www.youtube.com/watch?v=nktPwxVC06s", Профессия "Тестировщик ПО" [GeekBrains]
"https://www.youtube.com/watch?v=4dj0J6kM2hI", Как построить хорошие отношения с заказчиками [GeekBrains]
"https://www.youtube.com/watch?v=bxPz3_8HLT4", Простая разработка мультиязычных сайтов на Wordpress [GeekBrains]
"https://www.youtube.com/watch?v=mgHfqFpfksg", Программист крупная или малая компания [GeekBrains]
"https://www.youtube.com/watch?v=sGBMax6PoSs", Многообразие языков на базе JVM [GeekBrains]
"https://www.youtube.com/watch?v=E2VfdNApkXw", Профессиональная работа с базами данных в Yii2 [GeekBrains]
"https://www.youtube.com/watch?v=Jf3Za9Ce3D8", Введение в Yii2 Framework [GeekBrains]
"https://www.youtube.com/watch?v=i5R3wTHCBJE", Программист офис или удаленка [GeekBrains]
"https://www.youtube.com/watch?v=ZbxCxYc-OhQ", Java + OpenGL. Так ли страшно? [GeekBrains]
"https://www.youtube.com/watch?v=UZLchMOf5ik", Карьера веб-разработчика с нуля до ТОП-зарплаты [GeekBrains]
"https://www.youtube.com/watch?v=YvLL8kufwwM", Можно ли обойтись без антивируса? Осваиваем работу в виртуальной машине [GeekBrains]
"https://www.youtube.com/watch?v=YBV2QeIaWuA", Необходимые инструменты Ruby on Rails [GeekBrains]
"https://www.youtube.com/watch?v=mwSJXXI_YZ0", Профессиональное использование пространств имен в PHP [GeekBrains]
"https://www.youtube.com/watch?v=ErSQ1XWoiow", Кросс пробег по PHP. Уровень 2. [GeekBrains]
"https://www.youtube.com/watch?v=JJdxwVx2f-E", Objective C Runtime для начинающих [GeekBrains]
"https://www.youtube.com/watch?v=irezGlgL1gc", Безопасность локальных компьютерных сетей [GeekBrains]
"https://www.youtube.com/watch?v=jAlXRdNqNtg", Angular+Meteor. Ускоренное создание приложений [GeekBrains]
"https://www.youtube.com/watch?v=lHCZ0ETWGS0", Введение в Angular 2 [GeekBrains]
"https://www.youtube.com/watch?v=97iizZuK17E", Изучаем трейты PHP [GeekBrains]
"https://www.youtube.com/watch?v=1z9yAgoggwU", О дивный мир: несколько любопытных практик онлайн маркетинга от Google и YouTube. GeekWeek2016
"https://www.youtube.com/watch?v=b66uhyGg0KY", Сетевое оборудование [GeekBrains]
"https://www.youtube.com/watch?v=JHNkjydQfFM", Создание пользовательских интерфейсов веб-приложений с помощью библиотеки w2ui [GeekBrains]
"https://www.youtube.com/watch?v=WaEupI_wCfs", Вёрстка сайтов на примере Landing Page [GeekBrains]
"https://www.youtube.com/watch?v=iuAM88VUtX4", Ускоренная верстка [GeekBrains]
"https://www.youtube.com/watch?v=cOs50nc12F0", Этапы проектирования локальных сетей [GeekBrains]
"https://www.youtube.com/watch?v=lmaB4I1qnB0", Почувствуй себя богом, или Моделирование жизни на Java. Часть I [GeekBrains]
"https://www.youtube.com/watch?v=T51oaFD3Pbo", EcmaScript6 и TypeScript. Введение в языки [GeekBrains]
"https://www.youtube.com/watch?v=ozWfi4B1V20", PHP Процедурный vs Объектно-ориентированный стили [GeekBrains]
"https://www.youtube.com/watch?v=wp1kJpCliSA", Магия Yii2 или осваиваем геттеры и сеттеры [GeekBrains]
"https://www.youtube.com/watch?v=4KefvKL_uqs", Android: как поживают активности? [GeekBrains]
"https://www.youtube.com/watch?v=u0v08TCXfx8", Фреймворк для создания игр libGDX [GeekBrains]
"https://www.youtube.com/watch?v=TWV6klIv7wM", Как отдохнуть с помощью программирования [GeekBrains]
"https://www.youtube.com/watch?v=Z-a7MNStFQs", Основы сетей передачи данных. Модель OSI и стек протоколов TCP IP. Основы Ethernet. [GeekBrains]
"https://www.youtube.com/watch?v=YFrJlYPbx4Y", Современное окружение веб-разработки [GeekBrains]
"https://www.youtube.com/watch?v=wL-axMRQky8", Базы данных - это просто! [GeekBrains]
"https://www.youtube.com/watch?v=4hVo_KJwItk", Puppet - инструмент для управления конфигурациями [GeekBrains]
"https://www.youtube.com/watch?v=fO-_tV66Xr0", Зачем программисту Linux [GeekBrains]
"https://www.youtube.com/watch?v=4c71F2Oj2Zc", Введение в создание игр на Unity3D. Часть 1. [GeekBrains]
"https://www.youtube.com/watch?v=vzA7eRCaM9U", Основы языка программирования Scala [GeekBrains]
"https://www.youtube.com/watch?v=tX-cxcje9UU", Нейронные сети, технологии будущего [GeekBrains]
"https://www.youtube.com/watch?v=13YZpZuhBic", Архитектор карьеры программиста [GeekBrains]
"https://www.youtube.com/watch?v=YqApGULVd7s", Основы Vaadin [GeekBrains]
"https://www.youtube.com/watch?v=7cbpUjmhjRU", Графика на веб-страницах [GeekBrains]
"https://www.youtube.com/watch?v=_QOMnfaQMIQ", Memory Management в приложениях iOS [GeekBrains]
"https://www.youtube.com/watch?v=J8IT8OyZp4Q", Проектируем в iOs, используя MVVM [GeekBrains]
"https://www.youtube.com/watch?v=AJhLy5iS9nc", Material Design Intro для новичка и профи [GeekBrains]
"https://www.youtube.com/watch?v=kJteoN68C7I", Ускоренная верстка сайтов [GeekBrains]
"https://www.youtube.com/watch?v=qnp56sRQjFE", Spring Framework, самый весенний. [GeekBrains]
"https://www.youtube.com/watch?v=HEU-8uV1_3M", Основы PDO для веб-разработки [GeekBrains]
"https://www.youtube.com/watch?v=d6CO5c3pUFs", GulpJS — быстрый сборщик проектов [GeekBrains]
"https://www.youtube.com/watch?v=LBrIIXKVXNg", Архитектор карьеры. Аудит карьерного состояния и перспектив [GeekBrains]
"https://www.youtube.com/watch?v=eD3WMXDNApA", Типы данных в PHP [GeekBrains]
"https://www.youtube.com/watch?v=uEv14oIwUBs", Основы компьютерных сетей [GeekBrains]
"https://www.youtube.com/watch?v=CrUWZJfgFsQ", Создание крупных проектов на C# [GeekBrains]
"https://www.youtube.com/watch?v=cgN3-Z_w2uA", Работа в командной строке [GeekBrains]
"https://www.youtube.com/watch?v=V2ZQHYPJBEc", Фрилансить здорово! [GeekBrains]
"https://www.youtube.com/watch?v=72iNFJ_xzys", Работа в PHPStorm [GeekBrains]
"https://www.youtube.com/watch?v=ulyYNvmvvrk", Архитектура Yii2 Framework [GeekBrains]
"https://www.youtube.com/watch?v=T41qt9hUOQU", Структуры данных в PHP. Библиотека PHP SPL [GeekBrains]
"https://www.youtube.com/watch?v=ADr6ccKTBE8", Позиционирование элементов CSS. Часть 2 [GeekBrains]
"https://www.youtube.com/watch?v=sJ6pJNdx2XI", Как быстро работать с GIT [GeekBrains]
"https://www.youtube.com/watch?v=LYQQ0GMav0c", Управление требованиями как залог успеха проектной работы [GeekBrains]
"https://www.youtube.com/watch?v=weNplweejxs", Обзор новых тегов [GeekBrains]
"https://www.youtube.com/watch?v=SlpNOv57cJg", Python. Генераторы и итераторы [GeekBrains]
"https://www.youtube.com/watch?v=H8qQ_qHiI1E", Позиционирование элементов CSS [GeekBrains]
"https://www.youtube.com/watch?v=UlR02mW_z7Y", JavaFX 8 [GeekBrains]
"https://www.youtube.com/watch?v=S9fJz22qxC0", Управление требованиями как залог успеха проектной работы. Часть 2 [GeekBrains]
"https://www.youtube.com/watch?v=rewY9AxkYoA", История создания сообщества «Типичный программист»
"https://www.youtube.com/watch?v=whTZzX2ko7A", Быстрая разработка кроссплатформенных игр и приложений [GeekBrains]
"https://www.youtube.com/watch?v=etntP7ohcKQ", Красивые тесты [GeekBrains]
"https://www.youtube.com/watch?v=lTR-sduzMWo", Бизнес на кончиках пальцев [GeekBrains]
"https://www.youtube.com/watch?v=DbjU1SzPTxs", Ruby с точки зрения процессов ОС [GeekBrains]
"https://www.youtube.com/watch?v=9x4bf_YLMJw", Деньги в IT [GeekBrains]
"https://www.youtube.com/watch?v=j77g2GLTW2U", Инструменты и технологии современного Frontend разработчика [GeekBrains]
"https://www.youtube.com/watch?v=QitdxVPtDTw", Использование Amazon Web Services для разработчиков [GeekBrains]
"https://www.youtube.com/watch?v=c5SB8y2VyHY", Облака для разработчиков [GeekBrains]
"https://www.youtube.com/watch?v=FPJdNgNyhOc", Путь от идеи до запуска глазами разработчика [GeekBrains]
"https://www.youtube.com/watch?v=joDh2Eo4Wr4", Ruby on Rails. Неожиданные трудности [GeekBrains]
"https://www.youtube.com/watch?v=J9NoxOt39XY", Будущее Online Retail от Google [GeekBrains]
"https://www.youtube.com/watch?v=qLfzu7X8hiU", Какие ошибки возникают при выстраивании процесса разработки [GeekBrains]
"https://www.youtube.com/watch?v=z7maVCmNafI", Tarantool - как сэкономить миллион долларов на базе данных на высоконагруженном проекте [GeekBrains]
"https://www.youtube.com/watch?v=bDRtzimbRXg", Продвинутые инструменты разработчика Python [GeekBrains]
"https://www.youtube.com/watch?v=e7KsPPI0ll4", Темная сторона Agile [GeekBrains]
"https://www.youtube.com/watch?v=0qfW6w4TPnI", Зачем программисту нужно знать математику [GeekBrains]
"https://www.youtube.com/watch?v=0TXBROZxKeo", Миварный подход. Создание логики с минимумом программного кода [GeekBrains]
"https://www.youtube.com/watch?v=R8Dri5ToXdY", Технологии веб-разработки [GeekBrains]
"https://www.youtube.com/watch?v=ecJIAZixuqg", Как создать мобильный шедевр на примере Альфа Мобайл 6 0 [GeekBrains]
"https://www.youtube.com/watch?v=Fdi6YcmBVG8", React Native изменит существующий мир мобильной разработки [GeekBrains]
"https://www.youtube.com/watch?v=9e-2XLFR0Kk", Getting Things Done от автора методики [GeekBrains]
"https://www.youtube.com/watch?v=iqrvHbJnLhM", Экосистема дополненной реальности стартапа с российскими корнями в Кремниевой долине [GeekBrains]
"https://www.youtube.com/watch?v=t2mZ7w1h1jE", Разработка веб-интерфейсов по БЭМ методологии [GeekBrains]
"https://www.youtube.com/watch?v=Jl8q3b2-rXg", Почему диплома недостаточно для устройства на работу программистом, и как быть [GeekBrains]
"https://www.youtube.com/watch?v=bKZarNB-iIM", Базовые принципы создания хороших пользовательских интерфейсов [GeekBrains]
"https://www.youtube.com/watch?v=jR3wmiWyAn8", Основы Веб-разработки - Урок 2 [GeekBrains]
"https://www.youtube.com/watch?v=0SGPyZdx50U", Как написать красивый код [GeekBrains]
"https://www.youtube.com/watch?v=-_6I1q_rR9A", Инструменты работы в команде и с заказчиком при создании web&mobile приложений [GeekBrains]
"https://www.youtube.com/watch?v=xwvrA_XAyKc", Работа мечты! Как попасть в Google [GeekBrains]
"https://www.youtube.com/watch?v=xVBR_vkV8j4", R&D research and development [GeekBrains]
"https://www.youtube.com/watch?v=Jsmk19c0hzQ", Гик и деньги. Секреты монетизации инноваций [GeekBrains]
"https://www.youtube.com/watch?v=8LiH6Du_VEE", Python OpenCV библиотека [GeekBrains]
"https://www.youtube.com/watch?v=kiaKPC0aAs4", GeekBrains. Образовательный IT-портал
"https://www.youtube.com/watch?v=SzjH4dpNasQ", Eclipse SWT. Обзор возможностей [GeekBrains]
"https://www.youtube.com/watch?v=3yhOYcJ2qqQ", R язык программирования. Обработка данных [GeekBrains]
"https://www.youtube.com/watch?v=1xryvKULvlQ", Возможности PHP 7 [GeekBrains]
"https://www.youtube.com/watch?v=DfbSW2DgsR8", Язык программирования Go [GeekBrains]
"https://www.youtube.com/watch?v=zaOptBoqmUg", Теория вероятностей в работе программиста [GeekBrains]
"https://www.youtube.com/watch?v=X822zqlHpSE", Python. Полезные библиотеки [GeekBrains]
"https://www.youtube.com/watch?v=JKsnzx-Rs5s", Препроцессоры Less и Sass [GeekBrains]
"https://www.youtube.com/watch?v=DwMjuUHkAjU", Работа с XML из Java [GeekBrains]
"https://www.youtube.com/watch?v=iJDlZG2XeBA", HTML5 и работа с API браузера [GeekBrains]
"https://www.youtube.com/watch?v=MN71fXq9fXk", Big Data. Знакомство с одной из самых сексапильных IT специальностей 21 века [GeekBrains]
"https://www.youtube.com/watch?v=HjaMu_8wDXM", REST и SOAP. Что лучше? [GeekBrains]
"https://www.youtube.com/watch?v=XkVUlQQIdOk", Оптимизация Java приложений [GeekBrains]
"https://www.youtube.com/watch?v=bHS7Kgv5upo", Работа с базами данных из Java [GeekBrains]
"https://www.youtube.com/watch?v=BHPa8NEzOFs", Клиент-серверные приложения [GeekBrains]
"https://www.youtube.com/watch?v=K1F7UD3k_Ts", Основы программирования. Урок 4. 12.05.2016
"https://www.youtube.com/watch?v=AIp6tbHuPNI", Основы программирования. Урок 3. 10.05.2016
"https://www.youtube.com/watch?v=-UsZQctTI4g", Основы программирования. Урок 2. 05.05.2016
"https://www.youtube.com/watch?v=x4wacIKZUz8", Основы программирования. Урок 1. Продолжение.
"https://www.youtube.com/watch?v=wVn0ZZ2WXPY", Основы программирования. Урок 1
"https://www.youtube.com/watch?v=yogfw0Gktdw", Методы тестирования мобильных приложений на платформе Android [GeekBrains]
"https://www.youtube.com/watch?v=59kHxDZeYn0", Первые шаги, впечатления от PHPStorm [GeekBrains]
"https://www.youtube.com/watch?v=FEraejGeul8", Сборка мусора в Java [GeekBrains]
"https://www.youtube.com/watch?v=NmSC-i32zPU", Основы программирования. Урок 4 [GeekBrains]
"https://www.youtube.com/watch?v=a64GXkzISkk", Паттерны на JAVA [GeekBrains]
"https://www.youtube.com/watch?v=zt7G4upDdOc", Основы программирования. Урок 3 [GeekBrains]
"https://www.youtube.com/watch?v=7rIZKb9XBQs", Правила хорошего тона для верстальщика [GeekBrains]
"https://www.youtube.com/watch?v=EXGbJ-Tkug0", Начало пути Django разработчика [GeekBrains]
"https://www.youtube.com/watch?v=T1xSAeeBApM", Основы программирования. Урок 2 [GeekBrains]
"https://www.youtube.com/watch?v=1pn0xEmJmcU", Верстка сайтов, с чего начать [GeekBrains]
"https://www.youtube.com/watch?v=0hnsYi-Afg4", Секреты интервью от разработчика Skype, Intel, Microsoft и Huawei [GeekBrains]
"https://www.youtube.com/watch?v=q_q30LeqMqU", Основы программирования. Урок 1 [GeekBrains]
"https://www.youtube.com/watch?v=UkjyUhD59d0", Как оптимизировать сайт для продвижения [GeekBrains]
"https://www.youtube.com/watch?v=w8CLoZJ3u6M", Асинхронное программирование на Ruby [GeekBrains]
"https://www.youtube.com/watch?v=xk3DS_rtGTM", Навыки и инструменты для эффективной разработки на PHP [GeekBrains]
"https://www.youtube.com/watch?v=i9jLCI-i_SU", Невероятное путешествие в страну динамического программирования [GeekBrains]
"https://www.youtube.com/watch?v=DSfeklOlXCA", Распознавание активности ботов с помощью алгоритмов машинного обучения [GeekBrains]
"https://www.youtube.com/watch?v=BD3QVM2upYI", Что такое MVC на примере Laravel фреймворка [GeekBrains]
"https://www.youtube.com/watch?v=ynOve3QClO0", Фреймворк Meteor. Создаем todo-list [GeekBrains]
"https://www.youtube.com/watch?v=nEbbJzNYa2w", Обзор популярных библиотек и фреймворков для JavaScript [GeekBrains]
"https://www.youtube.com/watch?v=GKaZ-HE-7mA", Как стать успешным программистом [GeekBrains]
"https://www.youtube.com/watch?v=V3BUHlKND04", 10 советов по покупке и сборке компьютера [GeekBrains]
"https://www.youtube.com/watch?v=G6l368Oa6lk", Все, что вы хотели знать о профессии программиста [GeekBrains]
"https://www.youtube.com/watch?v=6zeDcW7doqY", Текстовый редактор для веб-программиста: Sublime Text 3 [GeekBrains]
"https://www.youtube.com/watch?v=5BxHpJrXFRs", C#. Создаем викторину под Windows Forms. Создание меню. Добавление иконки и фон. Урок 2 [GeekBrains]
"https://www.youtube.com/watch?v=JZQqRZ65b4I", C#. Создаем викторину под Windows Forms. Введение. Урок 1 [GeekBrains]
"https://www.youtube.com/watch?v=MLW70iad_SY", C#. Создаем викторину под Windows Forms. Статический класс. Урок 4 [GeekBrains]
"https://www.youtube.com/watch?v=AKLqnwWo-L4", C#. Создаем викторину под Windows Forms. Создание формы с параметрами. Создание. Урок 3 [GeekBrains]
"https://www.youtube.com/watch?v=1EJ-kB1sP7k", C#. Создаем викторину под Windows Forms. Счетчик времени. Урок 8 [GeekBrains]
"https://www.youtube.com/watch?v=LBEXR42st8M", C#. Создаем викторину под Windows Forms. Загадываем музыку. Урок 7 [GeekBrains]
"https://www.youtube.com/watch?v=j6WMID52kSY", C#. Создаем викторину под Windows Forms. Сохранение и чтение параметров игры. Урок 6 [GeekBrains]
"https://www.youtube.com/watch?v=VcA8Cy03iYI", C#. Создаем викторину под Windows Forms. Добавляем элемент. Урок 5 [GeekBrains]
"https://www.youtube.com/watch?v=mlfWY9fMaKE", C#. Создаем викторину под Windows Forms. Графическое оформление. Урок 13 [GeekBrains]
"https://www.youtube.com/watch?v=lF-y-0IDato", C#. Создаем викторину под Windows Forms. Управление счетом. Урок 10 [GeekBrains]
"https://www.youtube.com/watch?v=zY39DRl6ZJU", C#. Создаем викторину под Windows Forms. Ограничиваем время на ответ. Урок 14 [GeekBrains]
"https://www.youtube.com/watch?v=oBUof0_uqsg", C#. Создаем викторину под Windows Forms. Добавление звукового оформления. Урок 12 [GeekBrains]
"https://www.youtube.com/watch?v=Dj0m1ocO31w", C#. Создаем викторину под Windows Forms. Обработчик нажатий клавиш. Урок 9 [GeekBrains]
"https://www.youtube.com/watch?v=sOiYZ8C_S5Q", C#. Создаем викторину под Windows Forms. Добавление режима игры "Без ведущего". Урок 11 [GeekBrains]
"https://www.youtube.com/watch?v=rzRrSQM55j8", C#. Создаем викторину под Windows Forms. Итоги. Урок 15 [GeekBrains]
"https://www.youtube.com/watch?v=nTfWhuRYxbc", Objective C. Приложение TO-DO List. Программирование UIButton. Урок 4 [GeekBrains]
"https://www.youtube.com/watch?v=JkTADKNFQYc", Objective C. Приложение TO-DO List. Программирование UITextField. Урок 5 [GeekBrains]
"https://www.youtube.com/watch?v=N_MVdux4MQY", Objective C. Приложение TO-DO List. Введение. Урок 1 [GeekBrains]
"https://www.youtube.com/watch?v=1nJtyEgR7Lo", Objective C. Приложение TO-DO List. Создание окон приложения. Урок 2 [GeekBrains]
"https://www.youtube.com/watch?v=Q3KdqCu0_xw", Objective C. Приложение TO-DO List. Программирование UIDatePicker. Урок 6 [GeekBrains]
"https://www.youtube.com/watch?v=TXsQv-argsQ", Objective C. Приложение TO-DO List. Настройка окна создания напоминания. Урок 3 [GeekBrains]
"https://www.youtube.com/watch?v=VK_8ZVK4GVI", Objective C. Приложение TO-DO List. Создание и настройка уведомлений. Урок 7 [GeekBrains]
"https://www.youtube.com/watch?v=XVuclSwa9sE", Objective C. Приложение TO-DO List. Настройка приложения. Урок 8 [GeekBrains]
"https://www.youtube.com/watch?v=5MuWmTcqyUo", Objective C. Приложение TO-DO List. Настройка интерфейса. Урок 9 [GeekBrains]
"https://www.youtube.com/watch?v=6asiQSr-Ejg", Objective C. Приложение TO-DO List. Программирование UITableView. Урок 10 [GeekBrains]
"https://www.youtube.com/watch?v=_2kbFdvdCnE", Objective C. Приложение TO-DO List. Передача данных. Урок 13 [GeekBrains]
"https://www.youtube.com/watch?v=pypdaY4Mgps", Objective C. Приложение TO-DO List. Обработка касаний табличных ячеек. Урок 12 [GeekBrains]
"https://www.youtube.com/watch?v=wvBoWtAoWLI", Objective C. Приложение TO-DO List. Перезагрузка табличного представления. Урок 15 [GeekBrains]
"https://www.youtube.com/watch?v=x_77_VR_4VE", Objective C. Приложение TO-DO List. Настройка уведомлений. Урок 11 [GeekBrains]
"https://www.youtube.com/watch?v=7Rln7N_jOtU", Objective C. Приложение TO-DO List. Настройка удаления уведомлений. Урок 16 [GeekBrains]
"https://www.youtube.com/watch?v=21pJcJ36rTU", Objective C. Приложение TO-DO List. Демонстрация деталей созданных уведомлений.Урок 14 [GeekBrains]
"https://www.youtube.com/watch?v=GfYF2lLXnpw", Wordpress. Личный блог. Первая рубрика. Урок 6 [GeekBrains]
"https://www.youtube.com/watch?v=1Q6VTNb6FlA", Wordpress. Личный блог. Установка темы оформления. Урок 3 [GeekBrains]
"https://www.youtube.com/watch?v=XOzeixofcAk", Wordpress. Личный блог. Установка Wordpress на локальный хостинг. Урок 1 [GeekBrains]
"https://www.youtube.com/watch?v=XiOF8tO_12k", Wordpress. Личный блог. Установка темы оформления. Урок 4 [GeekBrains]
"https://www.youtube.com/watch?v=tXMZ6JL6KAY", Wordpress. Личный блог. Установка Wordpress на хостинг в интернете. Урок 2 [GeekBrains]
"https://www.youtube.com/watch?v=_t5zEe-eYuQ", Wordpress. Личный блог. Первый пост. Урок 5 [GeekBrains]
"https://www.youtube.com/watch?v=QpNPm6xJEuM", Wordpress. Личный блог. Трансляция сообщений из Twitter на блог. Урок 11 [GeekBrains]
"https://www.youtube.com/watch?v=-nKTPMkpnAE", Wordpress. Личный блог. Виджеты. Урок 8 [GeekBrains]
"https://www.youtube.com/watch?v=3oDRIKsTaWk", Wordpress. Личный блог. API "Вконтакте". Урок 10 [GeekBrains]
"https://www.youtube.com/watch?v=Q2g_OIQEw34", Wordpress. Личный блог. Комментарии и форма обратной связи. Урок 9 [GeekBrains]
"https://www.youtube.com/watch?v=a07CohvB-tk", Wordpress. Личный блог. Статические страницы и меню. Урок 7 [GeekBrains]
"https://www.youtube.com/watch?v=U52U1h0X4lY", Wordpress. Личный блог. Трансляция новостей в блоге. Урок 12 [GeekBrains]
"https://www.youtube.com/watch?v=HHS8rsSwkg8", Wordpress. Личный блог. Основы SEO-оптимизации блога. Урок 13 [GeekBrains]
"https://www.youtube.com/watch?v=4-NX17Ip-xQ", Git. Быстрый старт. Назначение и возможности. Урок 1 [GeekBrains]
"https://www.youtube.com/watch?v=yh1qMy4NqT8", Git. Быстрый старт. Конфликты. Урок 5 [GeekBrains]
"https://www.youtube.com/watch?v=lCB_EH10JfI", Git. Быстрый старт. Распространенные ошибки. Урок 6 [GeekBrains]
"https://www.youtube.com/watch?v=K9fkejaywBM", Git. Быстрый старт. Базовые операции. Урок 2 [GeekBrains]
"https://www.youtube.com/watch?v=sfepg2HJNpQ", Git. Быстрый старт. Работа с ветками. Урок 4 [GeekBrains]
"https://www.youtube.com/watch?v=CVwgJROa-HQ", Git. Быстрый старт. Откат изменений кода. Урок 3 [GeekBrains]
"https://www.youtube.com/watch?v=Z44qK3gCHtg", Git. Быстрый старт. Консольный git-клиент. Базовые операции. Урок 8 [GeekBrains]
"https://www.youtube.com/watch?v=5dyhqSIan58", Git. Быстрый старт. Консольный git-клиент. Работа с ветками. Урок 9 [GeekBrains]
"https://www.youtube.com/watch?v=XDA0eMp4TWk", Git. Быстрый старт. Работа с версиями программы. Урок 10 [GeekBrains]
"https://www.youtube.com/watch?v=7bO6eLE1GtM", Git. Быстрый старт. Распространенные ошибки. Урок 7 [GeekBrains]
"https://www.youtube.com/watch?v=71f-PieIJOo", Git. Быстрый старт. Итоги. Урок 11 [GeekBrains]
"https://www.youtube.com/watch?v=7TVL0xoCnD8", Android. Быстрый старт. Установка и настройка. Урок 1 [GeekBrains]
"https://www.youtube.com/watch?v=ZLGLv3129Rs", Android. Быстрый старт. Проектируем игру. Урок 4 [GeekBrains]
"https://www.youtube.com/watch?v=0pEKLm8WEJg", Android. Быстрый старт. Запуск первой программы в эмуляторе. Урок 2 [GeekBrains]
"https://www.youtube.com/watch?v=JYh3CKRHCHM", Android. Быстрый старт. Как рисовать в Андроид. Урок 3 [GeekBrains]
"https://www.youtube.com/watch?v=893l_dYaB_4", Android. Быстрый старт. Как отловить прикосновение к экрану. Урок 5 [GeekBrains]
"https://www.youtube.com/watch?v=ITZZBAymcd8", Android. Быстрый старт. Инициализация игры. Урок 7 [GeekBrains]
"https://www.youtube.com/watch?v=uzpx_cbIvXU", Android. Быстрый старт. Работа с коллекциями в Андроид. Урок 6 [GeekBrains]
"https://www.youtube.com/watch?v=cXNwallbPWs", Android. Быстрый старт. Дорабатываем логику игры. Урок 9 [GeekBrains]
"https://www.youtube.com/watch?v=6ChRky7oGcM", Android. Быстрый старт. Дорабатываем логику игры. Урок 8 [GeekBrains]
"https://www.youtube.com/watch?v=ZMe5vAZO1uw", Android. Быстрый старт. Оформление игры. Урок 12 [GeekBrains]
"https://www.youtube.com/watch?v=y9iiBuwAs0Y", Android. Быстрый старт. Обработка конца игры. Урок 10 [GeekBrains]
"https://www.youtube.com/watch?v=Sh63I73zqqc", Android. Быстрый старт. Вывод сообщений на экран в Андроид. Урок 11 [GeekBrains]
"https://www.youtube.com/watch?v=mbk8fB7Sufs", Android. Быстрый старт. Итоги. Урок 15 [GeekBrains]
"https://www.youtube.com/watch?v=qCWE2e1NRAI", Android. Быстрый старт. Работа с текстом в Андроид. Урок 13 [GeekBrains]
"https://www.youtube.com/watch?v=gQBqgURkDoI", Android. Быстрый старт. Работа с текстом в Андроид. Урок 14 [GeekBrains]
"https://www.youtube.com/watch?v=lAEIqPm_VOA", Основы программирования. Подготовка к обучению. Урок 2 [GeekBrains]
"https://www.youtube.com/watch?v=sDwDhDJFbOw", Основы программирования. Алгоритмы и блок-схемы. Урок 6 [GeekBrains]
"https://www.youtube.com/watch?v=Ta3HQWGJ-b8", Основы программирования. Типы данных. Урок 5 [GeekBrains]
"https://www.youtube.com/watch?v=1wt2RJE-3us", Основы программирования. Переменные. Урок 4 [GeekBrains]
"https://www.youtube.com/watch?v=PSvWxrm_pLo", Основы программирования. Первая программа. Урок 3 [GeekBrains]
"https://www.youtube.com/watch?v=wSa5f1F-J4I", Основы программирования. Знакомство с курсом. Урок 1 [GeekBrains]
"https://www.youtube.com/watch?v=pXCFnoVnWO0", Основы программирования. Массивы. Урок 11 [GeekBrains]
"https://www.youtube.com/watch?v=AonVJbbGrzg", Основы программирования. Оператор ветвления if. Урок 7 [GeekBrains]
"https://www.youtube.com/watch?v=UZetH9129Lw", Основы программирования. Логические операции. Урок 8 [GeekBrains]
"https://www.youtube.com/watch?v=qANTxorJSzY", Основы программирования. Циклы do, while. Урок 9 [GeekBrains]
"https://www.youtube.com/watch?v=fzBUaagKjVU", Основы программирования. Цикл for. Урок 10 [GeekBrains]
"https://www.youtube.com/watch?v=Wp9x5cwnzDM", Основы программирования. Игра Black Jack, часть 2. Урок 14 [GeekBrains]
"https://www.youtube.com/watch?v=MN7_H1eBCsM", Основы программирования. Карьера программиста. Урок 15 [GeekBrains]
"https://www.youtube.com/watch?v=Iihlw6HiLLU", Основы программирования. Функции. Урок 12 [GeekBrains]
"https://www.youtube.com/watch?v=syuiO6_aXPo", Основы программирования. Игра Black Jack, часть 1. Урок 13 [GeekBrains]
"https://www.youtube.com/watch?v=_EzD0nunDgg", Объектно-ориентированное программирование. Постановка целей. Урок 1 [GeekBrains]
"https://www.youtube.com/watch?v=n3nCK39a6Jk", Объектно-ориентированное программирование. Процедурный подход. Урок 2 [GeekBrains]
"https://www.youtube.com/watch?v=WKnpQpoLzcs", Объектно-ориентированное программирование. Классы и объекты. Урок 3 [GeekBrains]
"https://www.youtube.com/watch?v=KR6W3mVKKcs", Объектно-ориентированное программирование. Конструкторы, инкапсуляция. Урок 4 [GeekBrains]
"https://www.youtube.com/watch?v=yba2kw4pk0E", Объектно-ориентированное программирование. Осваиваем класс "Список". Урок 6 [GeekBrains]
"https://www.youtube.com/watch?v=QbRKehvCOjw", Объектно-ориентированное программирование. Класс "Горизонтальные линии". Урок 7 [GeekBrains]
"https://www.youtube.com/watch?v=kFk_evYRzy8", Объектно-ориентированное программирование. Оперативная память, вид изнутри. Урок 5 [GeekBrains]
"https://www.youtube.com/watch?v=T72IXzgLq3g", Объектно-ориентированное программирование. "Змейка" в движении. Урок 10 [GeekBrains]
"https://www.youtube.com/watch?v=GG54IU-26m8", Объектно-ориентированное программирование. Класс "Вертикальные линии" и "Фигура. Урок 8 [GeekBrains]
"https://www.youtube.com/watch?v=kCLIelgcfog", Объектно-ориентированное программирование. Класс "Змейка". Урок 9 [GeekBrains]
"https://www.youtube.com/watch?v=Tj2qQSPB7dc", Объектно-ориентированное программирование. Управляемая "Змейка". Урок 11 [GeekBrains]
"https://www.youtube.com/watch?v=JRKq6q7sbo0", Объектно-ориентированное программирование. Класс "Препятствия". Полиморфизм. Урок 13 [GeekBrains]
"https://www.youtube.com/watch?v=aJV8Zq5S8f0", Объектно-ориентированное программирование. "Змейка" с хорошим аппетитом. Урок 12 [GeekBrains]
"https://www.youtube.com/watch?v=NCIMJ46RQ98", Объектно-ориентированное программирование. Итоги. Урок 15 [GeekBrains]
"https://www.youtube.com/watch?v=pfVgE4qORmA", Объектно-ориентированное программирование. Приключенческий боевик. "Добыть еду. Урок 14 [GeekBrains]
"https://www.youtube.com/watch?v=SXs0CSlJAwo", PHP. Быстрый старт. Проектирование. Урок 5 [GeekBrains]
"https://www.youtube.com/watch?v=TgZl3tEZgEE", PHP. Быстрый старт. Подготовка рабочего пространства. Урок 1 [GeekBrains]
"https://www.youtube.com/watch?v=9k1Pl6l0vj8", PHP. Быстрый старт. Основы CSS. Урок 3 [GeekBrains]
"https://www.youtube.com/watch?v=jyEEo4rv1wg", PHP. Быстрый старт. Основы HTML. Урок 2 [GeekBrains]
"https://www.youtube.com/watch?v=BRj8bK-7A-4", PHP. Быстрый старт. Основы PHP. Урок 4 [GeekBrains]
"https://www.youtube.com/watch?v=_d9QGKQ64YI", PHP. Быстрый старт. Шаблонизация. Урок 6 [GeekBrains]
"https://www.youtube.com/watch?v=CFBK-FzL1ws", PHP. Быстрый старт. MySQL, создание базы данных. Урок 7 [GeekBrains]
"https://www.youtube.com/watch?v=fcbtCpkOg58", PHP. Быстрый старт. Взаимодействие PHP и MySQL. Урок 8 [GeekBrains]
"https://www.youtube.com/watch?v=Pj6MNsTvgl0", PHP. Быстрый старт. Админ панель, добавление статей. Урок 11 [GeekBrains]
"https://www.youtube.com/watch?v=YRRza3jCoeg", PHP. Быстрый старт. Админ панель, вывод статей. Урок 10 [GeekBrains]
"https://www.youtube.com/watch?v=kJIYjCW7uw0", PHP. Быстрый старт. Админ панель, авторизация. Урок 9 [GeekBrains]
"https://www.youtube.com/watch?v=qSjEfZ0FPOQ", PHP. Быстрый старт. Админ панель, удаление статей. Урок 13 [GeekBrains]
"https://www.youtube.com/watch?v=UsVFbT_zyLo", PHP. Быстрый старт. Админ панель, редактирование статей. Урок 12 [GeekBrains]
"https://www.youtube.com/watch?v=jwDONCez5_s", PHP. Быстрый старт. Итоги. Урок 15 [GeekBrains]
"https://www.youtube.com/watch?v=ECzbP6gtUdM", PHP. Быстрый старт. Загрузка файлов на сервер. Урок 14 [GeekBrains]
"https://www.youtube.com/watch?v=Cl-0idtVnKg", Простые правила хорошего кода [GeekBrains]
"https://www.youtube.com/watch?v=Z0J7qlKMoj8", Развеиваем миф о сложности фреймворка Symfony [GeekBrains]
"https://www.youtube.com/watch?v=8eftL3m1qIY", Секреты разработки веб-сервисов для бизнеса [GeekBrains]
"https://www.youtube.com/watch?v=-x_aj9iMukE", Быстрая разработка мобильных приложений (обзор кроссплатформеров) [GeekBrains]
"https://www.youtube.com/watch?v=mB-CKqBx6j8", Строим свой CDN с кешированием и GeoDNS [GeekBrains]
"https://www.youtube.com/watch?v=K4D0tlOsO8s", Тестирование на проникновение: легальный хакинг [GeekBrains]
"https://www.youtube.com/watch?v=kLh4ZWy1rLM", Ключевая роль типографики в интерфейсах [GeekBrains]
"https://www.youtube.com/watch?v=gOI0HSMlIi8", Как оживить веб с помощью JQuery, AJAX, JSON, JSONP и iframe [GeekBrains]
"https://www.youtube.com/watch?v=7p3RmxfdJOE", Обзор профессии "Программист Java" [GeekBrains]
"https://www.youtube.com/watch?v=FBJJzREJ9R4", Обзор профессии "Программист Android" [GeekBrains]
"https://www.youtube.com/watch?v=UBfukO2VGpo", Облачный хостинг как тестовая площадка для разработчика и админа [GeekBrains]
"https://www.youtube.com/watch?v=1AktsxgaFt8", Разработка в крупной компании на примере Banki.ru [GeekBrains]
"https://www.youtube.com/watch?v=RBXGOK6hLMg", AngularJS для новичков [GeekBrains]
"https://www.youtube.com/watch?v=jk-Lf39HtBQ", Видеохостинг. Что за зверь и для чего он нужен? [GeekBrains]
"https://www.youtube.com/watch?v=TsorTp9YgxU", Подготовка веб-сервера [GeekBrains]
"https://www.youtube.com/watch?v=Zv3_LPUq4dI", Обзор профессии "Программист Ruby" [GeekBrains]
"https://www.youtube.com/watch?v=yrh932Nwgzs", Обзор профессии "SEO-специалист" [GeekBrains]
"https://www.youtube.com/watch?v=I1bEwJXAvss", Прокачай карьеру в веб-разработке [GeekBrains]
"https://www.youtube.com/watch?v=URn6OG8-w7I", Обзор профессии "Программист iOS" [GeekBrains]
"https://www.youtube.com/watch?v=jSF4U5K0nto", Веб-разработка на Java [GeekBrains]
"https://www.youtube.com/watch?v=EMpGgx-SlpE", Обзор профессии "Системный администратор" [GeekBrains]
"https://www.youtube.com/watch?v=-pQ45ta5cns", Обзор профессии "Разработчик Microsoft" [GeekBrains]
"https://www.youtube.com/watch?v=ipC_vCvxmOE", Обзор профессии "Веб-дизайнер" [GeekBrains]
"https://www.youtube.com/watch?v=AQQ6whQQW5U", Обзор профессии "Разработчик Python" [GeekBrains]
"https://www.youtube.com/watch?v=FmPZgCrB_Vo", Обзор профессии "Верстальщик" [GeekBrains]
"https://www.youtube.com/watch?v=qEYoy3MDY7I", Обзор профессии "PHP-разработчик" [GeekBrains]
"https://www.youtube.com/watch?v=29MhLRhWafk", Обзор профессии "Senior Web Developer" [GeekBrains]
"https://www.youtube.com/watch?v=C732qODMQOE", Обзор профессии "Веб-разработчик. Расширенная версия" [GeekBrains]
"https://www.youtube.com/watch?v=r4vFnL-vx48", Парсинг данных современными методами [GeekBrains]
"https://www.youtube.com/watch?v=ms1_xM2JVc0", WebGL и шейдеры – входим в курс дела! [GeekBrains]
"https://www.youtube.com/watch?v=MufNlCv8o5Y", Карьера в ИТ: Путь джедая [GeekBrains]
"https://www.youtube.com/watch?v=iY3_rbqYyns", Сбросить MySQL с корабля современности [GeekBrains]
"https://www.youtube.com/watch?v=D7aRQ37PYdw", Знакомство с ASP.NET MVC [GeekBrains]
"https://www.youtube.com/watch?v=Fcz9sSWdy80", Сколько ты можешь зарабатывать на фрилансе? [GeekBrains]
"https://www.youtube.com/watch?v=1orssRFmoPQ", Знакомство с xCode 6 и Swift [GeekBrains]
"https://www.youtube.com/watch?v=-hNqCJCw6Og", Популярные сетевые протоколы и форматы обмена данными [GeekBrains]
"https://www.youtube.com/watch?v=17_ujYkVbTI", Yii2. Невероятная мощь фреймворка нового поколения [GeekBrains]
"https://www.youtube.com/watch?v=mFwuIp99rfE", Язык Swift против языка Objective-C [GeekBrains]
"https://www.youtube.com/watch?v=8irp1Ch2kn0", Интерпретатор BASIC на Java за 2 часа [GeekBrains]
"https://www.youtube.com/watch?v=c5iwsET2454", Эффективный поиск информации в Интернете [GeekBrains]
"https://www.youtube.com/watch?v=3048MiT-NIA", Ruby и Rails с точки зрения системного администратора [GeekBrains]
"https://www.youtube.com/watch?v=GZurp5qSb_Y", Азбука виртуального хостинга. Размещаем сайты на TimeWeb [GeekBrains]
"https://www.youtube.com/watch?v=REy6yxstAU0", Создание "живых" интерфейсов, легко и просто [GeekBrains]
"https://www.youtube.com/watch?v=025UIXe4w6M", Как запоминает и считает компьютер. Системы счисления и кодирования данных [GeekBrains]
"https://www.youtube.com/watch?v=aIveP4KLnt8", Создание сайта с помощью Yii фреймворка [GeekBrains]
"https://www.youtube.com/watch?v=6Y8Xi67sZIE", Знакомство с CMS NetCat [GeekBrains]
"https://www.youtube.com/watch?v=bkVcbncaxk4", FreeBSD и OpenBSD: основные факты за два часа [GeekBrains]
"https://www.youtube.com/watch?v=sBDcea__ISA", Особенности программирования по-взрослому [GeekBrains]
"https://www.youtube.com/watch?v=F6IRKq4HbSA", Итак, ты говоришь, что умеешь писать код? [GeekBrains]
"https://www.youtube.com/watch?v=TNxEw9STnR4", Обзор языка программирования С [GeekBrains]
"https://www.youtube.com/watch?v=QBsBa5eAhFk", Основы проектирования и юзабилити [GeekBrains]
"https://www.youtube.com/watch?v=k1W0hJQDuUc", Анонс вебинара: "Путь фрилансера. Как фрилансеру зарабатывать от 100 000 рублей в месяц?
"https://www.youtube.com/watch?v=jbRPzCrvPP0", HTML/CSS, JavaScript и Ruby/Rails. Инструменты на все случаи жизни [GeekBrains]
"https://www.youtube.com/watch?v=G2i093u33ys", Разработка контентных приложений для Windows с использованием App Studio [GeekBrains]
"https://www.youtube.com/watch?v=ewb_kNnMZZI", Зачем фреймворки веб-разработчику? [GeekBrains]
"https://www.youtube.com/watch?v=I0YxGecAH2o", 10 причин, по которым стоит изучать C# [GeekBrains]
"https://www.youtube.com/watch?v=Dt2Dm9sZpTk", Зачем изучать Linux? [GeekBrains]
"https://www.youtube.com/watch?v=Tli5xLcFQnY", SSH - "швейцарский нож" linux-админа [GeekBrains]
"https://www.youtube.com/watch?v=T2lSSc4vSf4", Коллекции в Java на уровне технического собеседования [GeekBrains]
"https://www.youtube.com/watch?v=jXKSUcmnW7U", Программирование на C#: классы и объекты. Часть 2 [GeekBrains]
"https://www.youtube.com/watch?v=mvS19-eKd9s", Программирование на C#: классы и объекты. Часть 1 [GeekBrains]
"https://www.youtube.com/watch?v=j5v6qFF3OWI", Первый сертификат Java Associate. Что нужно знать? [GeekBrains]
"https://www.youtube.com/watch?v=f1z5ILkR2hE", 1С-Битрикс. Система для успешной веб-разработки [GeekBrains]
"https://www.youtube.com/watch?v=JbgvaQ_rM4I", Регулярные выражения для новичков и не только [GeekBrains]
"https://www.youtube.com/watch?v=Y9KG2r_zSuQ", Битрикс24 - повышаем эффективность работы [GeekBrains]
"https://www.youtube.com/watch?v=lIOdu3gqxd0", Эффективная архитектура баз данных [GeekBrains]
"https://www.youtube.com/watch?v=Clcm-fiQ118", Введение в анализ алгоритмов [GeekBrains]
"https://www.youtube.com/watch?v=DaAzpvqdYiw", Секреты и магия PHP программирования [GeekBrains]
"https://www.youtube.com/watch?v=ekP3N_EPN3s", Swift — скорость и простота разработки [GeekBrains]
"https://www.youtube.com/watch?v=qKwz8OzXmJo", Идиома RAII в программировании на С++ [GeekBrains]
"https://www.youtube.com/watch?v=SsuiW2XwC2Q", Зачем изучать язык программирования С# [GeekBrains]
"https://www.youtube.com/watch?v=xphIRTGshco", Теория графов в программировании [GeekBrains]
"https://www.youtube.com/watch?v=BBDwd32Vwtg", Как создать парсер сайтов на языке Python [GeekBrains]
"https://www.youtube.com/watch?v=GGmbRM0Khvo", Эффективная постановка личных целей. Часть 1 [GeekBrains]
"https://www.youtube.com/watch?v=RxcngTw0k7Y", Нюансы создания и удаления объектов в языке С++ [GeekBrains]
"https://www.youtube.com/watch?v=rEjxICrhA3s", Java Junior. Что нужно знать для успешного собеседования? [GeekBrains]
"https://www.youtube.com/watch?v=c8RMbe37vvc", Установка интерпретатора Ruby на Windows [GeekBrains]
"https://www.youtube.com/watch?v=M0yLlxa8EPk", Многопоточное программирование средствами стандартной библиотеки С++ 11 [GeekBrains]
"https://www.youtube.com/watch?v=E-OLLLZmVNk", Установка локального веб-сервера. Разработка на PHP+MySQL [GeekBrains]
"https://www.youtube.com/watch?v=UoMvvNWu3D8", Стажировка от Школы программирования [GeekBrains]
"https://www.youtube.com/watch?v=rueFaHq1S4I", Ruby on Rails фреймворк. Кратко и по делу [GeekBrains]
"https://www.youtube.com/watch?v=tsHqHMO3tcc", Школа Программирования [GeekBrains]
"https://www.youtube.com/watch?v=RXGT4UJMDwI", Первое занятие Московской Академии Компьютерных Технологий. Начало
"https://www.youtube.com/watch?v=Pej2D0ekBzo", Путь программиста2 [GeekBrains]
"https://www.youtube.com/watch?v=Y0LSR1gqwUI", Жариков Андрей о курсе "Веб-профессионал" [GeekBrains]
"https://www.youtube.com/watch?v=zPKHIzD_14o", Технологии эффективной веб-разработки и программирования [GeekBrains]
"https://www.youtube.com/watch?v=O7JosqwMiag", Введение в программирование NodeJS от Андрея Жарикова [GeekBrains]
"https://www.youtube.com/watch?v=cNS8f7JWbio", Node.js для начинающих [GeekBrains]
"https://www.youtube.com/watch?v=Gd4ALnZQic4", Джентельменский набор разработчика [GeekBrains]
"https://www.youtube.com/watch?v=TiNqXBH_0BY", Основы программирования 2 [GeekBrains]
"https://www.youtube.com/watch?v=Eqr9q0gjTgc", Всероссийский учебный марафон "Программист"
"https://www.youtube.com/watch?v=rym_9Xqy_90", Презентация к курсу "Английский язык для IT специалистов" [GeekBrains]
"https://www.youtube.com/watch?v=ee5mbBbkW4U", О MySQL и к чему может привести её доброта [GeekBrains]
"https://www.youtube.com/watch?v=S-2DpFQbzTo", Parser3 - Программирование он-лайн игр [GeekBrains]
"https://www.youtube.com/watch?v=I_AB7R36q6M", Установка Ubuntu на виртуальную машину [GeekBrains]
"https://www.youtube.com/watch?v=Jjw3UxeuDwc", Тролли vs Практики. Концепция эффективного обучения [GeekBrains]
"https://www.youtube.com/watch?v=u7zr48wBtt8", Работа с файлом .htaccess (Часть 3) [GeekBrains]
"https://www.youtube.com/watch?v=agREUnWvRVs", Работа с файлом .htaccess (Часть 2) [GeekBrains]
"https://www.youtube.com/watch?v=ORkNdvPgth8", Веб-аналитика - эффективные инструменты для продвижения сайта [GeekBrains]
"https://www.youtube.com/watch?v=n-wJ9ymBamg", Как избежать бана со стороны поисковой системы [GeekBrains]
"https://www.youtube.com/watch?v=JiiHevX2RNw", html5 part2 [GeekBrains]
"https://www.youtube.com/watch?v=ciqky3THd3U", Курс по Linux. Обзор курса по администрированию Linux (Ubuntu)
"https://www.youtube.com/watch?v=dC9fZnMaOsk", С#. Обзор возможностей языка [GeekBrains]
"https://www.youtube.com/watch?v=41fnGHCvQYQ", Мониторинг систем. Zabbix [GeekBrains]
"https://www.youtube.com/watch?v=rSgo1OMSHQk", Обзор технологии WebRTC [GeekBrains]
"https://www.youtube.com/watch?v=Ay3P4wX4pc8", Основы юзабилити сайтов [GeekBrains]
"https://www.youtube.com/watch?v=L5ew0unWdrk", Python. Преимущества и особенности языка программирования [GeekBrains]
"https://www.youtube.com/watch?v=Wa_gX9O7zAc", Видеоурок: Зачем мне программирование? [GeekBrains]
"https://www.youtube.com/watch?v=9nEsbGoZf0o", Вывод на консоль средствами языка Си [GeekBrains]
"https://www.youtube.com/watch?v=NSPS_s5S9kU", HTML5 Video. Создание плейлиста и логотипа
"https://www.youtube.com/watch?v=KssKv16hZeU", Школа Программирования: Отзыв о конференции 2012
"https://www.youtube.com/watch?v=kRbQ5Pnqu-s", Школа Программирования: Отзыв о конференции 2012
"https://www.youtube.com/watch?v=gFKh-MCtqZw", Школа Программирования: Отзыв о конференции 2012
"https://www.youtube.com/watch?v=sTsiuiDrLLI", Школа Программирования: Отзыв о конференции 2012
"https://www.youtube.com/watch?v=zOSKapl0BGQ", Школа Программирования: Отзыв о конференции 2012
"https://www.youtube.com/watch?v=k9IDdCGBcYE", Отзыв о конференции Школы Программирования [GeekBrains]
"https://www.youtube.com/watch?v=ryo3gLnwJZE", Отзыв о курсах Школы Программирования [GeekBrains]
"https://www.youtube.com/watch?v=eOtcqsMNar8", Обзор возможностей NetBeans IDE [GeekBrains]
"https://www.youtube.com/watch?v=gAQ46NMgyio", Презентация курса HTML5 и CSS3 [GeekBrains]
"https://www.youtube.com/watch?v=lYG3V-j6z20", Java. Базовый курс [GeekBrains]
"https://www.youtube.com/watch?v=g_2mH6dou0M", JavaScript - интерактивные веб-приложения [GeekBrains]
"https://www.youtube.com/watch?v=e8KZZuKcVYA", Презентация курса "Английский язык для IT-специалистов" [GeekBrains]
"https://www.youtube.com/watch?v=_d5W3OI0R60", Презентация курса "Английский язык для IT-специалистов" [GeekBrains]
