"https://www.youtube.com/watch?v=3V8u3w_xQAw", JMS435: How to Get Your First Freelance Client
"https://www.youtube.com/watch?v=uPDzueVRSbM", RANT: Developers Becoming YouTubers
"https://www.youtube.com/watch?v=iq9NWteWoXU", JMS434: Worth Learning PHP In 2021?
"https://www.youtube.com/watch?v=ncYRzwKHevo", JMS433: Friday Night Essence - The Only Way to Maximize Your Potential
"https://www.youtube.com/watch?v=8iymHOB-kKk", The strange Friday night activity shared by the world's most successful entrepreneurs
"https://www.youtube.com/watch?v=WUXCDFwh0xs", How to use "downstream focus" to maximize your freelance revenue
"https://www.youtube.com/watch?v=35TXKBN9tUg", The secret to nearly limitless productivity
"https://www.youtube.com/watch?v=jkggP99Kxvk", The Advantages of Cold Email For Getting Freelance Clients
"https://www.youtube.com/watch?v=8O4Z7Vx2qao", The Upwork Secret. Niches and Maximizing Your Hire Rate
"https://www.youtube.com/watch?v=FTPOL4x9qPY", The Big Red Button of Freelance Ascendancy
"https://www.youtube.com/watch?v=5XYsVOv8U2Q", I'm Baaaaaack
"https://www.youtube.com/watch?v=MXVLsODtZZ0", How Much You Should Charge As a Freelancer
"https://www.youtube.com/watch?v=jEK9igmfp1g", Save America. Vote Johnny!
"https://www.youtube.com/watch?v=ze78FB7-mnk", 6 Things to Check If You're Not Getting Enough Freelance Clients
"https://www.youtube.com/watch?v=Nk-AWH1w14E", Let's Get Ugly Boys And Girls
"https://www.youtube.com/watch?v=_-QKrjmKwSg", The Missing Piece If Clients Aren't Hiring You
"https://www.youtube.com/watch?v=QWWfSKFOFL4", The Ultimate Guide to Getting Freelance Clients
"https://www.youtube.com/watch?v=FHCxUvYaw_I", That Time I Told a Million-Dollar Client to Shove It
"https://www.youtube.com/watch?v=pe4pHPRuvcY", This Is What Hustle Really Looks Like
"https://www.youtube.com/watch?v=sgxfqcGEnno", Find the Big Money Clients Hiding In Your Niche
"https://www.youtube.com/watch?v=3fvQkcNuEKw", $10,000 Per Client Freelancing
"https://www.youtube.com/watch?v=awy9dfLPZeI", $12,000 Per Month Side Hustle With ZERO Experience
"https://www.youtube.com/watch?v=Iwh2pi_1VSI", 3 Often Overlooked Fundamentals to Make More Money Freelancing
"https://www.youtube.com/watch?v=ysRGzrilTMA", A Dead Simple Way to Beat Out More Experienced Freelancers For Clients
"https://www.youtube.com/watch?v=3wvrvmoJB34", The Future of This Channel
"https://www.youtube.com/watch?v=5xfYCRk-Vj8", Get a Free Copy of My New Upwork Book
"https://www.youtube.com/watch?v=Hw2KGsnDKuE", JMS422: The Nightmare-Inducing Freelancing Lesson From Coronavirus
"https://www.youtube.com/watch?v=g3mNVpuWsHY", JMS421: Surviving Coronavirus
"https://www.youtube.com/watch?v=m9UzIpFmKJY", The Den of Thieves Conspiring Against Your Freelance Success
"https://www.youtube.com/watch?v=xissaZGyJa4", How to Seduce Potential Clients Into Hiring You
"https://www.youtube.com/watch?v=K1jFuy8N4iU", The Next Time a Freelance Client Complains About Your Rate
"https://www.youtube.com/watch?v=LHwXoQFlzQ4", Freelancing Non-Secrets From Grumpy Ol' St. John
"https://www.youtube.com/watch?v=LOzl6lqRngQ", How to Quit Your Day Job and Become a Full Time Freelancer
"https://www.youtube.com/watch?v=7f5_hilgg74", The Three 10s. Why clients don't hire you
"https://www.youtube.com/watch?v=85wlVUO4ZEA", How to Craft a Winning Freelance Proposal
"https://www.youtube.com/watch?v=6F4LldcC-t4", The easiest way to get freelance clients to hire you
"https://www.youtube.com/watch?v=T1PwXT0QeDw", 3 Ways to Guarantee Your Freelance Niche Is Profitable
"https://www.youtube.com/watch?v=7CS8numZYEQ", 2 Big Tips to Get Repeat Clients
"https://www.youtube.com/watch?v=EXyIou7xFBs", Clients Treat Me Like S!@#
"https://www.youtube.com/watch?v=XxYOQ5MMq1c", 3 Types of Insurance Freelancers Need
"https://www.youtube.com/watch?v=vwdPyHI-7uU", The Secret to a Job-Getting Freelance Portfolio
"https://www.youtube.com/watch?v=fWh5A3v5seY", 6 Ways to Make Money as a Programmer In 2019
"https://www.youtube.com/watch?v=QOD-k0q53HQ", 4 Ways to Raise Your Freelance Rates ($100+ Per Hour)
"https://www.youtube.com/watch?v=T61HqDiDHLE", What Freelance Web Developers Make (Per Hour and Per Year)
"https://www.youtube.com/watch?v=OltS07ET214", The Secret to Get a Freelance Job With No Experience
"https://www.youtube.com/watch?v=41-QkSDgWfQ", 2 Best Programming Languages for Getting Freelance Jobs
"https://www.youtube.com/watch?v=qgTuh2Lfet8", The Keywords Freelancers Need to Rank For
"https://www.youtube.com/watch?v=FTboDVxz4gw", The Biggest Mistake Freelancers Make When Creating Content
"https://www.youtube.com/watch?v=1bSs4Gy5FAo", The Freelance Services Clients Actually Want
"https://www.youtube.com/watch?v=dlHmZTyrOe8", Start Freelancing: The Very First Thing You Should Do
"https://www.youtube.com/watch?v=d_hmmdj2KdY", Find the Most Popular Freelance Jobs on Freelance Sites
"https://www.youtube.com/watch?v=hsivyxZ0v5s", How Do I Get a Steady Flow of New Freelance Jobs
"https://www.youtube.com/watch?v=wdmnEEEWlxU", Where can I promote my Fiverr gigs so that I can get more projects?
"https://www.youtube.com/watch?v=VIoYCzntyFg", Get More Freelance Jobs With Story Selling
"https://www.youtube.com/watch?v=UBvHiPTy42w", CONTEST: 1-Year FREE Skillshare Membership Plus WHY Content Marketing
"https://www.youtube.com/watch?v=AFW5s9ZAye8", My new course is live! Turn Content Into Clients: Content Marketing For Freelancers
"https://www.youtube.com/watch?v=LIdZc-Y9ZO0", The Top 5 Mistakes All Freelancers Should Avoid
"https://www.youtube.com/watch?v=aLiaKb_-CCY", Use Fiverr to Create Your Freelance Service Offers
"https://www.youtube.com/watch?v=ygOb85fxxxM", Create Content to Get Freelance Jobs
"https://www.youtube.com/watch?v=BRCKcj8UtDQ", Finding the TIME to build your freelance business
"https://www.youtube.com/watch?v=A8hlHaU-BlA", Start a Blog to Get More Freelance Jobs
"https://www.youtube.com/watch?v=GxTgT7A-vz4", Should you bill clients for "admin" time?
"https://www.youtube.com/watch?v=kBvGRc-bH58", Ageism In Tech
"https://www.youtube.com/watch?v=-cZRXuIPNLg", 7 skills to go from good to great as a developer
"https://www.youtube.com/watch?v=GJAH7kMq4Z8", I can't get a developer job. What should I do?
"https://www.youtube.com/watch?v=d7VsUURzN9Q", Social Media For Freelancers
"https://www.youtube.com/watch?v=uS6Wn0zNX2A", What if I FAIL?
"https://www.youtube.com/watch?v=F7OBViQWcdY", Can't Get Your First Freelance Job? Watch This.
"https://www.youtube.com/watch?v=k2WNCmpzBa8", What to Do If You STOP Getting Freelance Jobs
"https://www.youtube.com/watch?v=0iQqZVStqKc", Establishing credibility and selling your freelance services
"https://www.youtube.com/watch?v=5O502OBppM0", How to THINK like a developer
"https://www.youtube.com/watch?v=RCigeWbedys", The Beginner's Guide to Freelance (Full Course)
"https://www.youtube.com/watch?v=VtI1eFcXDbQ", How to Build an Audience of Potential Freelance Clients
"https://www.youtube.com/watch?v=KuOdIbaO_Ec", Is Freelancing Right For You?
"https://www.youtube.com/watch?v=5pzL7oI46IU", Upwork, Freelancer, Fiverr or TopTal? How to Pick a Freelancing Platform
"https://www.youtube.com/watch?v=yiQjUiMKMHc", How to Pick a Freelance Niche
"https://www.youtube.com/watch?v=u6fHtqQIs0I", How to Get Freelance Jobs on Upwork
"https://www.youtube.com/watch?v=ydmG2TddzY8", Freelancing as a web developer
"https://www.youtube.com/watch?v=XbqkI0Co_J0", Freelance myths
"https://www.youtube.com/watch?v=8m75ZXfT6Fk", Family as Your First Freelance Job?
"https://www.youtube.com/watch?v=hTnPXUFKKXQ", 384: Big project management lessons from building a tiny house
"https://www.youtube.com/watch?v=W1XwZpvyw1o", 383: The hardest lesson I learned in 14 years as freelance developer
"https://www.youtube.com/watch?v=Hr4613KXGSo", 382: It's not Upwork, it's YOU
"https://www.youtube.com/watch?v=ACKLSNJD6s8", How to Get Paid More For Your Freelance Jobs
"https://www.youtube.com/watch?v=w3Zl2jDbiGg", Build a Reliable System to Get Freelance Jobs
"https://www.youtube.com/watch?v=a_hIXm80ZLw", 379: WordPress Gutenberg is AWFUL compared to the classic editor
"https://www.youtube.com/watch?v=dPTc5YsqESo", 378: Web development isn't that important
"https://www.youtube.com/watch?v=hqQFJ858s-0", Productivity leeches
"https://www.youtube.com/watch?v=knZ1TTZSYhU", Gutenberg. The death of WordPress
"https://www.youtube.com/watch?v=mTERACfNzoI", The best freelancing tutorial I've seen
"https://www.youtube.com/watch?v=92gPyjPGfYM", Blood-sucking freelancers
"https://www.youtube.com/watch?v=g_PKOcCWs1E", I'm an uneducated moron
"https://www.youtube.com/watch?v=N4G8FGoNFCU", How to ask for a raise as a developer
"https://www.youtube.com/watch?v=AkkAvmbc9pA", The freelance advice nobody wants to hear
"https://www.youtube.com/watch?v=-6rMyWHj67w", Do developers NEED a college degree?
"https://www.youtube.com/watch?v=6tc1W_nSH58", How to become a full stack web developer
"https://www.youtube.com/watch?v=ZEQZQgQRaqg", The best freelance websites for beginners
"https://www.youtube.com/watch?v=11CBV8J0-UM", How to become a web developer without a degree
"https://www.youtube.com/watch?v=D-g_XABflQ8", How to start a career in web development
"https://www.youtube.com/watch?v=4ZDmARr4iSk", How to get clients for web development (the 5 things you'll need)
"https://www.youtube.com/watch?v=y5jPKCYTiyQ", How to become a professional developer
"https://www.youtube.com/watch?v=bO7piKPSnT0", Object-Oriented Programming In PHP
"https://www.youtube.com/watch?v=toByJ_1j7ME", The biggest mistakes freelancers make
"https://www.youtube.com/watch?v=pnKtZZ5_bPo", How to learn to code fast
"https://www.youtube.com/watch?v=9e7e5Rn0iq4", How to make 100K as a developer
"https://www.youtube.com/watch?v=Lv6sLFaGh6Y", 4 ways to work from home as a developer
"https://www.youtube.com/watch?v=ua88bbcbm1g", How to start working as a freelancer
"https://www.youtube.com/watch?v=Z_NDEhxkhZo", What working with Inc. magazine taught me about freelancing
"https://www.youtube.com/watch?v=_DeTmjhphzc", My #1 tip for making money online
"https://www.youtube.com/watch?v=rKl281RKVNc", The best freelancing advice you'll hear
"https://www.youtube.com/watch?v=P4ng1Ch_BaU", Got a Few Freelance Jobs. Now I'm Stuck. What Do I Do?
"https://www.youtube.com/watch?v=7rmF_JQdang", How to get freelance clients when youâ€™re new to freelancing
"https://www.youtube.com/watch?v=LxBiUw09Mqk", Is freelance income feast or famine?
"https://www.youtube.com/watch?v=wvREM054ChI", Is this the turning point in your freelance career?
"https://www.youtube.com/watch?v=ChmW6dI3sYQ", When a freelance client questions what you charge
"https://www.youtube.com/watch?v=VsN99puIAV4", Most freelancers REFUSE to learn this
"https://www.youtube.com/watch?v=6eImYBVyHA4", How to find the GOOD jobs on Upwork
"https://www.youtube.com/watch?v=FYjF1tkPQZ0", The one thing your Upwork profile overview MUST have
"https://www.youtube.com/watch?v=RPOTM9431SU", How to Send Email In PHP
"https://www.youtube.com/watch?v=sDwcaWNf0bk", PHP GET
"https://www.youtube.com/watch?v=gEJEh8gP0tA", PHP For and Foreach Loops
"https://www.youtube.com/watch?v=OOAQ986HmzA", How to Create a Contact Form In PHP
"https://www.youtube.com/watch?v=WznZmThjvXE", PHP POST
"https://www.youtube.com/watch?v=mOv_OUIy-7c", PHP While Loop
"https://www.youtube.com/watch?v=X4ybfZOqVpI", Upwork jobs don't pay jack! ðŸ˜¡
"https://www.youtube.com/watch?v=VFnj4aonGWo", I was 8 ft from death
"https://www.youtube.com/watch?v=fnyCEktRxPI", 9/11: The day my life changed forever
"https://www.youtube.com/watch?v=XxQHMPJiZUk", I think I'm gonna give up on Upwork
"https://www.youtube.com/watch?v=Uz5P2qowPrc", My tech job is killing me
"https://www.youtube.com/watch?v=tL5OReLMlvw", How to Write a Freelance Developer Contract
"https://www.youtube.com/watch?v=kbMZJ3lPJlo", Here's what's new in PHP 7.3
"https://www.youtube.com/watch?v=V9VQXid_qMQ", Ruby is taking over PHP
"https://www.youtube.com/watch?v=6uUegliBJQI", Udemy's blatant discounting
"https://www.youtube.com/watch?v=1qYSCJYgK_A", What the Upwork IPO means for freelancers
"https://www.youtube.com/watch?v=yD_HBHDmx5w", PHP usage statistics are bunk
"https://www.youtube.com/watch?v=7sBzXFpzsYU", PHP isn't used by REAL websites
"https://www.youtube.com/watch?v=aZwBuyh_GVQ", Hiring managers are your enemy
"https://www.youtube.com/watch?v=pk1NBSw27dY", No, you DON'T need a degree to get a tech job
"https://www.youtube.com/watch?v=k29oz9hK7uM", Any monkey can learn to code
"https://www.youtube.com/watch?v=pBtykbqL7Qs", Fake PHP Jobs
"https://www.youtube.com/watch?v=Q05tw_KQyfQ", PHP jobs you can apply for right now
"https://www.youtube.com/watch?v=v6TgoUlkejg", Seeking junior developer, 5 years experience
"https://www.youtube.com/watch?v=a7MhS5aHE7Q", I suck at web development
"https://www.youtube.com/watch?v=IzcKdr56nHE", TBF Upwork haters DO get this right
"https://www.youtube.com/watch?v=zO1qppqrTD0", Nevermind, Upwork DOES suck
"https://www.youtube.com/watch?v=WKMf3l66FYU", Upwork is NOT a scam so stop saying it is
"https://www.youtube.com/watch?v=cHHt623Bqw0", The final blow in the language wars
"https://www.youtube.com/watch?v=Nc_v1SGsXCQ", Tech jobs will soon be obsolete
"https://www.youtube.com/watch?v=ASkLDDVE-so", Most developers are frauds
"https://www.youtube.com/watch?v=Aulq-Au5guY", Why do people STILL use PHP to create websites?
"https://www.youtube.com/watch?v=i270cclCSZk", All the web development you've learned will be obsolete in a year
"https://www.youtube.com/watch?v=9zxh18O3wWY", What's your biggest fear about becoming a web developer?
"https://www.youtube.com/watch?v=DS7Wlzu3now", The cut-throat developers coming for you
"https://www.youtube.com/watch?v=ZW61hrwJZQg", Not sure I'll be a developer in 5 years
"https://www.youtube.com/watch?v=nC3x7T6bGAg", RE: Most Super Rich Tech People Had Wealthy Parents
"https://www.youtube.com/watch?v=fsau3_U9rTI", The Cold Email That Surprisingly Works to Get Freelance Jobs
"https://www.youtube.com/watch?v=ROdeoy9SLY4", How To Build Your First HTML Web Page
"https://www.youtube.com/watch?v=2188cDTWlgc", HTML Anchor Tag
"https://www.youtube.com/watch?v=3S01vjXNBQk", HTML Images
"https://www.youtube.com/watch?v=zc0b3Vrconk", HTML Text Formatting Tags
"https://www.youtube.com/watch?v=GlV6bKeO2Go", HTML Paragraph Tag
"https://www.youtube.com/watch?v=oT3y1-nIo5o", HTML Heading Tags
"https://www.youtube.com/watch?v=q87_l-WRzqE", HTML Head Tag
"https://www.youtube.com/watch?v=mnwVeRMBiiA", The Basic Structure of an HTML Web Page
"https://www.youtube.com/watch?v=f1gTnOo7Hpc", HTML Doctype Declaration
"https://www.youtube.com/watch?v=fs7Lr2hUVsY", HTML Tools and Software
"https://www.youtube.com/watch?v=osIXgJRDyvc", HTML File and Folder Structure and Naming Conventions
"https://www.youtube.com/watch?v=vNOyRZIkC7o", HTML Tags, Attributes and Elements
"https://www.youtube.com/watch?v=zP6iJbpPcIw", What Is HTML?
"https://www.youtube.com/watch?v=4FE2DIRyl3Y", NEW Course: The Beginner's Guide to HTML
"https://www.youtube.com/watch?v=e1ZvwhZqOjE", Upwork Clients From Hell
"https://www.youtube.com/watch?v=z83zZTFh678", The Poor, Stupid, Ugly Developer
"https://www.youtube.com/watch?v=L2zIHCfI6xY", Job Security Is An Illusion - Why I Freelance
"https://www.youtube.com/watch?v=ubruO4Azhhw", Freelance Pricing Strategies and the Fear of Raising Rates
"https://www.youtube.com/watch?v=eR9JC1K96Is", The Moment Every Developer Must Conquer
"https://www.youtube.com/watch?v=bDZCkvXeWbU", Why Freelancing Is Terrifying, But Doesn't Have to Be
"https://www.youtube.com/watch?v=C3T4Vt3Rn4U", The Developer Killer
"https://www.youtube.com/watch?v=_8XGfroIiBQ", PHP Forms Tutorial: Create the HTML Form
"https://www.youtube.com/watch?v=gy0U596jdII", PHP Forms Tutorial: Process the HTML Form In PHP
"https://www.youtube.com/watch?v=UD9ot2-jYUk", PHP Forms Tutorial: Build the Functions File In PHP
"https://www.youtube.com/watch?v=-pGVi8eORaA", PHP Forms Tutorial: Build and Validate a SPAM Check In PHP
"https://www.youtube.com/watch?v=vyDq3Tc1xaM", PHP Forms Tutorial: Create the Config File
"https://www.youtube.com/watch?v=k_kpoSmxPOg", PHP Blogging Application: Parsing Markdown and Building the Content Object
"https://www.youtube.com/watch?v=SZLnlsOMCxY", PHP Blogging Application: Create the header.php Template Part
"https://www.youtube.com/watch?v=0Jhpv1_z1FA", PHP Blogging Application: Determining and Setting the Template Type
"https://www.youtube.com/watch?v=e4JmzT-pxeY", PHP Blogging Application: Parse URLs and Determining Content Types
"https://www.youtube.com/watch?v=gNY4kC7-Q-k", PHP Blogging Application: Rewrite URLs with .htaccess
"https://www.youtube.com/watch?v=LB6Qb0eIE78", How to Get Known (And Hired) When You're New to Freelancing
"https://www.youtube.com/watch?v=3tFHHfKqVb0", Job Prospects for Data Analyst?
"https://www.youtube.com/watch?v=GDkOg6IxpSU", Tips for Building Apps (People Will Actually Want to Use)
"https://www.youtube.com/watch?v=q116l52YGT4", How to Improve Your Upwork Job Success Score
"https://www.youtube.com/watch?v=yHULUK6QFfY", What To Do When a Client Says You Charge Too Much
"https://www.youtube.com/watch?v=a2Sao-94MCY", 3 Types of WordPress Jobs You Should Consider
"https://www.youtube.com/watch?v=YLjodmDKwf8", Weekly Ask Me Anything
"https://www.youtube.com/watch?v=RsNzxurnrZM", Tips to Get Freelance Jobs for Web Designers
"https://www.youtube.com/watch?v=SAZxED92WNo", Will WordPress Gutenberg Obsolete Plugin Developers?
"https://www.youtube.com/watch?v=z-TGJhcLLIc", What Are Good Projects to Have In Your Portfolio?
"https://www.youtube.com/watch?v=bMhctzt_aZc", Weekly Ask Me Anything
"https://www.youtube.com/watch?v=Qsf4YODc-cQ", WordPress Gutenberg Tutorial - Create Your First Custom Block
"https://www.youtube.com/watch?v=3IYpXYw1qac", Is Gutenberg the End of WordPress?
"https://www.youtube.com/watch?v=uDbL8HfZz2A", What Freelance Services You Should Offer and How Much You Should Charge
"https://www.youtube.com/watch?v=YRuvWSb9cvY", Send PHP Email With PHPMailer
"https://www.youtube.com/watch?v=L-bmiMOj06o", Weekly Ask Me Anything
"https://www.youtube.com/watch?v=6TA98eU8OLc", How to Find Freelance Work - 5 Foolproof Ways
"https://www.youtube.com/watch?v=UVrgZCZhI5c", Upwork Profile Review: Visual Appeal Is the Trump Card
"https://www.youtube.com/watch?v=7w5qMnlUPoE", WordPress Plugin Tutorial - Add Featured Images to the RSS Feed
"https://www.youtube.com/watch?v=OzLmbAqwDnM", PHP Add To and Remove Elements From an Array
"https://www.youtube.com/watch?v=1QxnaY_X8fU", JMS324: Ask Me Anything REPLAY
"https://www.youtube.com/watch?v=DuYztD1035M", JMS323: Freelancing 101 - Part 4 - How to Get QUALIFIED Views on YouTube
"https://www.youtube.com/watch?v=TvzSKKXbba8", JMS322: Freelancing 101 - Part 3 - How to Use YouTube to Sell Your Freelance Services
"https://www.youtube.com/watch?v=QX3avc8MtPE", JMS321: Freelancing 101 - Part 2 - Build Your Freelance Services Sales Page
"https://www.youtube.com/watch?v=L0w8D7FHwhU", JMS320: Freelancing 101 - Part 1 - How to Find Problems People Will Pay You to Solve
"https://www.youtube.com/watch?v=hh2lSiGmojU", WordPress Plugin Tutorial - Full Course
"https://www.youtube.com/watch?v=GRGA_f5tkmo", PHP 101 - Full Course
"https://www.youtube.com/watch?v=ZdLlqyiRyuA", Object-Oriented Programming In PHP - Full Course
"https://www.youtube.com/watch?v=NEUTG9nQqVc", PHP Login and Registration - Full Course
"https://www.youtube.com/watch?v=Tdv31RIfh4Q", Upwork Tutorial - Full Course
"https://www.youtube.com/watch?v=0o3lUpPoeZM", JMS319: Friday AMA (Ask Me Anything)
"https://www.youtube.com/watch?v=qv6SHdbg-4k", JMS318: I'm Too Lazy to Write Code
"https://www.youtube.com/watch?v=nIp4_VG4cT0", JMS317: The Military Approach to Learning How to Code
"https://www.youtube.com/watch?v=ND3lOrMMSEU", JMS316: Screw It. Quit Your Day Job and Freelance
"https://www.youtube.com/watch?v=ZCE_5_QNpV4", PHP Login and Registration Tutorial: Build the User Registration System
"https://www.youtube.com/watch?v=mpgfgtkyxG0", PHP Login and Registration Tutorial: Database Setup and Install Script
"https://www.youtube.com/watch?v=u2ybb56Azqg", PHP Login and Registration Tutorial: Verify the User and Create the Session
"https://www.youtube.com/watch?v=vqUdDZaQBEo", PHP Login and Registration Tutorial: Write Your Login Session Handler
"https://www.youtube.com/watch?v=R7BLz4zqMH8", PHP Login and Registration Tutorial: Introduction
"https://www.youtube.com/watch?v=ShxYwPG3Zug", JMS315: Been Coding Forever, I Still Suck
"https://www.youtube.com/watch?v=saLh6VKOAdg", WordPress Plugin Tutorial: How to Create WordPress Shortcodes
"https://www.youtube.com/watch?v=u6RP0iM0l2U", WordPress Plugin Tutorial: Build the Contact Form
"https://www.youtube.com/watch?v=N7z2Bz7Sbik", WordPress Plugin Tutorial: Plugin Class Setup
"https://www.youtube.com/watch?v=GNaJygOfgnk", WordPress Plugin Tutorial: Folder Structure and the Plugin Header
"https://www.youtube.com/watch?v=2dR4KE7B13w", WordPress Plugin Tutorial: Introduction to the WordPress Contact Form Plugin
"https://www.youtube.com/watch?v=D10NFOKPkWw", Upwork Tutorial: How to Write Your Profile Title and Tags
"https://www.youtube.com/watch?v=GarmzAuDf50", Upwork Tutorial: How to Take a Professional Profile Picture
"https://www.youtube.com/watch?v=AmkYWSnZCqg", Upwork Tutorial: The Master Strategy
"https://www.youtube.com/watch?v=vQCjYAn5wMs", JMS314: How Can I Freelance While Still Working a Full-Time Job?
"https://www.youtube.com/watch?v=DPxNYkirBC4", PHP Class Inheritance
"https://www.youtube.com/watch?v=D55-kkS9XHI", PHP Public, Private and Protected Methods and Properties
"https://www.youtube.com/watch?v=-9DC1QEiHGw", PHP Class Constructors
"https://www.youtube.com/watch?v=w2QWD0y7jxY", Class, Property, Object, Method
"https://www.youtube.com/watch?v=3rrnnbz-mY8", What Is Object-Oriented Programming?
"https://www.youtube.com/watch?v=6koumPR2Sws", PHP If, Else and Switch
"https://www.youtube.com/watch?v=2eCGYQtsTbI", PHP Arrays
"https://www.youtube.com/watch?v=vAYNkPGzRnw", PHP Variables
"https://www.youtube.com/watch?v=KWs6l6f_550", Hello World (Your First PHP Script)
"https://www.youtube.com/watch?v=mBL9Athx7ms", What Is PHP?
"https://www.youtube.com/watch?v=ZU9A4FlbWbk", 20+ Free Web Development Tutorials
"https://www.youtube.com/watch?v=wPXcGluWDVo", JMS313: Moving On
"https://www.youtube.com/watch?v=Yc4Ktl02og8", JMS312: What Happened to This Channel?
"https://www.youtube.com/watch?v=Gyh4kbCH-6Q", JMS311: 7 Ways to Start Making Money On YouTube
"https://www.youtube.com/watch?v=E8ARl8ww-1o", JMS310: How to PROVE You're the Best Developer to Hire
"https://www.youtube.com/watch?v=de1CTy8UBDs", JMS309: How to Be Successful
"https://www.youtube.com/watch?v=WAdY3ydHHDg", Upwork 101 Discount ENDS Today!
"https://www.youtube.com/watch?v=-jsWh_o0hUE", JMS307: Where Are All the Good Upwork Jobs?
"https://www.youtube.com/watch?v=CRUEILfj2NM", JMS306: How to Get Lowball Clients on Upwork to Raise Their Rates
"https://www.youtube.com/watch?v=ntJBndoT6nE", What Your Upwork Proposal Looks Like to a Client
"https://www.youtube.com/watch?v=T9tjJlUSipA", JMS304: Upwork Scammed Me
"https://www.youtube.com/watch?v=j7fxp2Ijr5k", JMS303: PewDiePie Is Dead Wrong About "Flexing"
"https://www.youtube.com/watch?v=_lVZhRsIhCg", JMS301: Can We Stop Obsessing Over "The Hustle", Please?
"https://www.youtube.com/watch?v=6dpveZhHXsU", JMS300: Thank You!
"https://www.youtube.com/watch?v=Fj49Pc8HY0A", JMS299: How to Get Clients On Retainer
"https://www.youtube.com/watch?v=gA9BLU9WaPc", JMS298: The Exact PHP Functions You Need to Memorize to Be a Professional PHP Developer
"https://www.youtube.com/watch?v=VQ-Mu5lwLIc", JMS297: 7 Ways to Make Money as a Developer
"https://www.youtube.com/watch?v=GYkm2YwMtQU", JMS296: The One Developer Skill That Trumps All Others
"https://www.youtube.com/watch?v=WotmAzMBy44", JMS295: How to Cope With Burnout Syndrome
"https://www.youtube.com/watch?v=psaM5c9Hm-0", JMS294: How to Build a Portfolio For Back-End Developers
"https://www.youtube.com/watch?v=6f5BMaEdfqM", JMS293: Can I Go Straight Into Freelancing?
"https://www.youtube.com/watch?v=B4yd2e79oHs", JMS292: Should I Do Free Client Work?
"https://www.youtube.com/watch?v=eyZXCzGU5YQ", JMS291: Be DUMB With Your Development Career Choices
"https://www.youtube.com/watch?v=iv_9D_t2bVk", JMS290: More Believability = More Influence = More Money
"https://www.youtube.com/watch?v=XLkdU8fi-AM", JMS289: Learn This to Get More Upwork Jobs Starting Today
"https://www.youtube.com/watch?v=XquY1bzJZAg", JMS288: Why I Pimp WordPress So Hard
"https://www.youtube.com/watch?v=YdgD_k7LGhs", JMS287: Exactly What You'll Learn In My WordPress Plugin Course
"https://www.youtube.com/watch?v=qtYZk5mrIvY", JMS286: 3 Legitimate Reasons Why Startups Fail
"https://www.youtube.com/watch?v=s4FCRvOdgnU", JMS285: 3 Common WordPress Plugin-Building Mistakes PHP Developers Make
"https://www.youtube.com/watch?v=gCw4A5ltsKU", JMS284: How Much PHP Do You Need to Be a WordPress Developer?
"https://www.youtube.com/watch?v=RcLYGSd1Bxg", JMS283: Make Money With WordPress Plugins
"https://www.youtube.com/watch?v=0sDNpovV7hw", JMS282: I'm a Fraud
"https://www.youtube.com/watch?v=71l3aeoCQRo", JMS281: Revenge
"https://www.youtube.com/watch?v=Rzxa_LqUeGs", JMS280: How Do You Know When You Know Enough to Become a Developer?
"https://www.youtube.com/watch?v=zg9Ex_5KOkQ", JMS279: 3 Ways to Land Your First Freelance Gig
"https://www.youtube.com/watch?v=sCTCjQM3lyU", JMS278: WordPress or Laravel? Are CMSs or Frameworks the Future of Web Development?
"https://www.youtube.com/watch?v=9hnbSAJ289k", JMS277: 7 Steps to Generate Consistent Passive Income
"https://www.youtube.com/watch?v=kGqkyEs-WBI", JMS276: Upwork Secrets
"https://www.youtube.com/watch?v=6-_TcXfpqsU", JMS275: Make More Money as a Full-Stack Developer... Kind Of
"https://www.youtube.com/watch?v=PcIZtyEiimM", JMS274: How Do You Know When You're a Senior Level Developer?
"https://www.youtube.com/watch?v=QGrYmMOGUX8", JMS273: Can I Make Money Building WordPress Websites?
"https://www.youtube.com/watch?v=9a02koonveA", JMS272: Make 50K a Year Freelancing
"https://www.youtube.com/watch?v=R8jz9IFR-E4", JMS271: Will PHP Die In 2018?
"https://www.youtube.com/watch?v=3JsTqT13HKc", JMS270: How I Get Website Traffic
"https://www.youtube.com/watch?v=kirGYXuKIM8", JMS269: How to Deal With Problem Clients (or Bosses)
"https://www.youtube.com/watch?v=FSNRz7Qb2ZE", JMS268: What's An Expensive Hourly Rate For a Freelance Developer?
"https://www.youtube.com/watch?v=N4AjlLIPrT4", JMS267: Will Wix (WordPress, AI, Etc) Replace Developers?
"https://www.youtube.com/watch?v=h2EC3JQIldk", JMS266: Should I Learn PHP or Node.JS?
"https://www.youtube.com/watch?v=fCfp-Y0qZmI", JMS265: Is Freelancing on Upwork Worth My Time?
"https://www.youtube.com/watch?v=R3Ii77MAWG8", JMS264: Is Front-End Development Still a Good Career In 2018?
"https://www.youtube.com/watch?v=8JWSMw7K6hY", JMS262: How to Beat Impostor Syndrome
"https://www.youtube.com/watch?v=RSVRZ_C7Mi0", JMS261: How High Will Web Developer Salaries Get In 2018?
"https://www.youtube.com/watch?v=c_TzPZBnE9s", JMS260: How to Get Web Development Work
"https://www.youtube.com/watch?v=u87ZDOiAuRg", JMS259: Do You Fully Realize the Opportunity You're Sitting On?
"https://www.youtube.com/watch?v=W_n3s3yFi-k", JMS258: The Simplicity Trap
"https://www.youtube.com/watch?v=85KDTcZnLKM", Write a Static Class In PHP
"https://www.youtube.com/watch?v=O6wJLttE_U4", PHP Class Extends - Inheritance In Object-Oriented Programming
"https://www.youtube.com/watch?v=UjCP5S2FNXQ", JMS243: PHP Class Constructor and Object-Oriented Programming Tutorial With Examples
"https://www.youtube.com/watch?v=c40K8v-9PnU", What are you struggling with in object-oriented programming in PHP?
"https://www.youtube.com/watch?v=m0Jw1QGX8II", JMS242: How to Create a Session-Based Login Form in PHP
"https://www.youtube.com/watch?v=TPXuzma1GMw", JMS241: The 7 "Plus Principles" to Systematically Persuade Clients to Hire You
"https://www.youtube.com/watch?v=ImAcdiyWYnI", JMS240: Secure User Authenticaion and Cryptographically Secure Tokens in PHP
"https://www.youtube.com/watch?v=EPb-ku43KKs", JMS239: Object-Oriented Programming - Class, Object, Property, Method
"https://www.youtube.com/watch?v=oAmgln34tjc", JMS238: Are WordPress Websites a Worthless Commodity?
"https://www.youtube.com/watch?v=H3Ml3ljJAdI", JMS237: Want to Start a YouTube Channel But Scared to Get Started?
"https://www.youtube.com/watch?v=OQWu-V8TdYw", JMS236: Anatomy of a $400K Upwork Profile
"https://www.youtube.com/watch?v=41K3wgRhCRY", JMS235: The Science of Dopamine and Persuading Clients to Hire You
"https://www.youtube.com/watch?v=Rbczsvqg5_A", JMS234: Patience and Achieving What You Want In Life Faster
"https://www.youtube.com/watch?v=fzPxmUtadf4", JMS233: Is It Worth Learning WordPress In 2018?
"https://www.youtube.com/watch?v=hwfx2Wz5Clo", JMS232: The Secret to Writing Persuasive Bios in Aristotle's Theory of Communication
"https://www.youtube.com/watch?v=8noT7JddZgg", JMS231: How to Be More Creative
"https://www.youtube.com/watch?v=E1kHNwfH1r0", JMS230: Lessons For Freelancers From YouTube Adpocalypse
"https://www.youtube.com/watch?v=Jp2RRw7WJXY", JMS229: 8 Elements of Trust - How to Get Potential Clients to Trust From the Very First Conversation
"https://www.youtube.com/watch?v=tMYNtKu6K7o", JMS228: Leveraging Thankfulness to Crank Up Your Motivation
"https://www.youtube.com/watch?v=qa0MR3kczaE", JMS227: How to Get Traffic, Leads and Clients When Noone Knows Who You Are
"https://www.youtube.com/watch?v=r8VAx2pxcx8", JMS226: Is Bitcoin Worth It?
"https://www.youtube.com/watch?v=wxetW3hmPd0", Ryan Carson: How to Get an IT Job WITHOUT a College Degree
"https://www.youtube.com/watch?v=Y2STyXdwc3U", Bojan Durmic: How to Write Effective Upwork Proposals (Especially If You're New to Upwork)
"https://www.youtube.com/watch?v=mmlEjVsug_I", Is time the only way to price your web development services?
"https://www.youtube.com/watch?v=A6EW5hMi5XU", How to get my PHP 101 course FREE (Yes, it's legit)
"https://www.youtube.com/watch?v=Pdj-EHtdr5k", This weekend's hackathon
"https://www.youtube.com/watch?v=UfayYXmqreo", PHP E-commerce Script: Build the Website Template With Bootstrap
"https://www.youtube.com/watch?v=3Nid3SMqiyk", New Private Discord Server Access
"https://www.youtube.com/watch?v=sflTwBbveEI", PHP E-commerce Script: Multi-Parameter Queries With Prepared Statements
"https://www.youtube.com/watch?v=WT7cfrmjJ9g", PHP E-commerce Script: URL Re-writing and the Core Template Handler
"https://www.youtube.com/watch?v=2vcSHZ7uiW0", PHP E-commerce Script: Create a class and connect to a database
"https://www.youtube.com/watch?v=wYhxIry0l90", Coding advice from a certified gangster
"https://www.youtube.com/watch?v=Cv8QrxvWvSc", The curse of every coder
"https://www.youtube.com/watch?v=fjkbuH9sPws", The truth about learning PHP
"https://www.youtube.com/watch?v=u-Nr_lZyk1c", I can code. Now what?
"https://www.youtube.com/watch?v=8l9OXsG_AUQ", The dumbest thing (about coding) I've heard yet
"https://www.youtube.com/watch?v=oO8LWe8G0eU", What PRO web developers do
"https://www.youtube.com/watch?v=ceEU-Lr7IgQ", Do you still believe in (code) magic?
"https://www.youtube.com/watch?v=iHLmOCF-JQE", Am I smart enough to learn PHP?
"https://www.youtube.com/watch?v=EH3MDqjw-UM", Why he made them smoke a newspaper
"https://www.youtube.com/watch?v=_jMcpNI1gRw", Drupal better than WordPress?
"https://www.youtube.com/watch?v=BVlGdGdltk4", How to deal with negative people in your web development career
"https://www.youtube.com/watch?v=iWxNz3_SHGU", Last day
"https://www.youtube.com/watch?v=5MCpSx6lWjc", Dumb as f!@# for my Codecademy advice?
"https://www.youtube.com/watch?v=kHixwgz2UOQ", The problem with Codecademy
"https://www.youtube.com/watch?v=9DetpMZ4Fh0", How to create a CSV file using PHP
"https://www.youtube.com/watch?v=N6DhiKr5dFo", PHP Sessions
"https://www.youtube.com/watch?v=B-P1NJL310A", How I beat my drinking habit
"https://www.youtube.com/watch?v=A2M9Y8JFSnY", Two IT jobs in one week after making an Upwork profile change
"https://www.youtube.com/watch?v=NRxpF1NXA80", What the hell do I specialize IN?
"https://www.youtube.com/watch?v=cedr_SvmCqk", Use YouTube to Get More Freelance Jobs
"https://www.youtube.com/watch?v=L-uZvllPMCU", The web design lesson I learned the hard way
"https://www.youtube.com/watch?v=ot3FDSaM4Dc", We're at the end
"https://www.youtube.com/watch?v=Ii0AmeeZKM8", What about community college to learn how to code?
"https://www.youtube.com/watch?v=GxCXwFI1sLI", Should you join a coding bootcamp?
"https://www.youtube.com/watch?v=ldbFfAkmnI8", How to erase your doubts about making it in web development
"https://www.youtube.com/watch?v=njCh0c-TSTY", I got called out on my Udemy obsession
"https://www.youtube.com/watch?v=KLfuBvTlic4", How to learn how to code
"https://www.youtube.com/watch?v=ptmzC4XZ5EE", How I handled failing on my first web design client
"https://www.youtube.com/watch?v=AT9Sx0unLWI", Why it took me five years to learn PHP
"https://www.youtube.com/watch?v=x7JtfJRP5sw", How I lost my web design business
"https://www.youtube.com/watch?v=sNCTunb-9No", How I turned the tables on Upwork's "evil" algorithms
"https://www.youtube.com/watch?v=t9U8JwZ4yHo", Freelancing is NOT a numbers game
"https://www.youtube.com/watch?v=3Qv0NjVGUyc", I just got called on my Upwork BS
"https://www.youtube.com/watch?v=smn5LVGmyKw", The case against Upwork
"https://www.youtube.com/watch?v=Ok3lt83-VTQ", How Levi got hired in just one year
"https://www.youtube.com/watch?v=YaSWTIjbkhA", This is why my wife hates me
"https://www.youtube.com/watch?v=0_pSH0QEnxg", How to get more IT jobs by erecting a big, beautiful wall around potential clients
"https://www.youtube.com/watch?v=RelT4aQX3V0", Common Upwork Profile Mistakes: A Real-World Review
"https://www.youtube.com/watch?v=6iSjv1OZoL0", This is the end
"https://www.youtube.com/watch?v=xwPj4Lmf_5w", The mobsters who helped build IBM's software
"https://www.youtube.com/watch?v=-B4s5XxUMl4", Nobody cares about your code
"https://www.youtube.com/watch?v=nJYhiEoeAVs", How to become a Nostradamus of code (so you can get more IT jobs)
"https://www.youtube.com/watch?v=3Zq34DRccKw", Boy did I kick the coder's nest
"https://www.youtube.com/watch?v=YnBpqeBbwaI", YouTuber calls me a scammer
"https://www.youtube.com/watch?v=agERqdBd1Zs", Is this all I'm ever going to be?
"https://www.youtube.com/watch?v=OT_n-YI1CUw", Check out this obnoxiously blatant sales pitch
"https://www.youtube.com/watch?v=vbF04pL-Rj8", The #1 thing he looks for in new developers
"https://www.youtube.com/watch?v=2MOFl04cpvs", How to position yourself as the perfect hire for any IT job
"https://www.youtube.com/watch?v=JWQodKZrikM", When a client says make it "intuitive"
"https://www.youtube.com/watch?v=mKF5x6YDrT8", They wouldn't let me quit
"https://www.youtube.com/watch?v=2ANdtoVMBIM", How coding almost killed me
"https://www.youtube.com/watch?v=sos3-8GrcHs", The case FOR a CS degree
"https://www.youtube.com/watch?v=rMWJYMOFlaQ", Nerd Envy
"https://www.youtube.com/watch?v=VHppH_tugzU", What my first web design client gave me
"https://www.youtube.com/watch?v=i9KQPw3FPkw", If you don't know C#, you're not a real web developer
"https://www.youtube.com/watch?v=1ItudXGjLpM", Twitter API Tutorial: How to Create and Get Tweets Using PHP and the Twitter API
"https://www.youtube.com/watch?v=n35txyPg02Y", The Secret to Conquering Your Fear of Failure In Samsung's Exploding Note 7
"https://www.youtube.com/watch?v=rA0XF4yk3s4", How to Find Your Niche In Web Development
"https://www.youtube.com/watch?v=5secZN2hy0s", Where to Find PHP Jobs
"https://www.youtube.com/watch?v=IF8hLy-onbA", The Embarrassing Story of How I Finally Landed an IT Career
"https://www.youtube.com/watch?v=_g_4u2Gy2QQ", Computer Science Degrees Are Worthless For Web Developers
"https://www.youtube.com/watch?v=uTOezMxFzVc", How to Immediately Charge More to Build a Website (or Application)
"https://www.youtube.com/watch?v=-qUsI8k0lP4", Add Custom User Profile Fields to WordPress
"https://www.youtube.com/watch?v=kr76wvIFUXE", Is PHP Dead?
"https://www.youtube.com/watch?v=j2QmbpP-58o", PHP Calendar Script Tutorial
"https://www.youtube.com/watch?v=iCpyL6PkfwE", PHP cURL Tutorial and Example
"https://www.youtube.com/watch?v=42UK4Jb7kSQ", The 7 Magic Words To Overcome Hiring Objections and Land That IT Job
"https://www.youtube.com/watch?v=1emzpiqIAN0", How to Create a Holiday Sale Landing Page Template
"https://www.youtube.com/watch?v=-HwU0LHYhLY", The Secret Most Developers Will NEVER Know About Getting Hired At a Tech Company
"https://www.youtube.com/watch?v=vudn_I_H1Pc", PHP 7's Null Coalescing Operator: How and Why To Use It
"https://www.youtube.com/watch?v=X_ngghjKkwU", The Real Reason You're a Web Developer
"https://www.youtube.com/watch?v=6020HI3GRwY", The Thing About PHP 7's Spaceship Operator
"https://www.youtube.com/watch?v=AyiveiVqg68", Why WordPress Doesn't Suck
"https://www.youtube.com/watch?v=8gPm1T9Vf8g", How to Beat the Upwork Algorithms
"https://www.youtube.com/watch?v=jKRYjcYpwAo", How to Create a Mobile App Landing Page
"https://www.youtube.com/watch?v=VHlsRV8hsY0", What Will They Say About You?
"https://www.youtube.com/watch?v=Cp7yXgszHJQ", Read This Email Before Hillary Deletes It
"https://www.youtube.com/watch?v=03clPYt8Hgg", The Truth About Freelance Web Design
"https://www.youtube.com/watch?v=dd7mtLst538", Are You Too Stupid to Learn How to Code?
"https://www.youtube.com/watch?v=ci6Tgv9UbFk", Stop Watching Porn
"https://www.youtube.com/watch?v=F7GHgXlxZ5I", How to Build an Advanced Website Template Using PHP and Bootstrap
"https://www.youtube.com/watch?v=RTTgrembJJw", Where to Start When Learning Web Development
"https://www.youtube.com/watch?v=nbmjLA1wgrQ", How He Got a PHP Job in 3 Months
"https://www.youtube.com/watch?v=lZX8jeTvxOY", Beware This Coding Career Killer
"https://www.youtube.com/watch?v=QS4LN747BXQ", Submit an Online HTML Form to Both MySQL and Email Using PHP
"https://www.youtube.com/watch?v=PHHnP4QKWMY", What I Learned About Trust From a Door to Door Salesman
"https://www.youtube.com/watch?v=zMxAFZzmq44", Should You Learn PHP or Python? Or Django?
"https://www.youtube.com/watch?v=7e1OuQKvPQw", The Fastest Way to Learn PHP
"https://www.youtube.com/watch?v=U5SSASv_7ng", The EXACT PHP Skills You Need to Learn to Get Paid to Code
"https://www.youtube.com/watch?v=W0Bn8OF7t08", A Fry Cook's Secret to Changing Your Life With PHP
"https://www.youtube.com/watch?v=IknIlQ3PxjM", How to Make Web Design Clients Hate You
"https://www.youtube.com/watch?v=LtMOrkguBFY", What's Your Worth As a Web Developer?
"https://www.youtube.com/watch?v=1xH8hrmawq0", Thank You!
"https://www.youtube.com/watch?v=GId1cO4cCBM", The REAL Secret to Success In Web Development
"https://www.youtube.com/watch?v=Ee8gIJuJ5do", The Case Against WordPress
"https://www.youtube.com/watch?v=-_UqCHlCQoU", WRONG About Pure Coders and The Future of Web Development?
"https://www.youtube.com/watch?v=W4TMUXlFX-w", Can I Get Freelance Clients Jobs If I Only Know HTML and CSS?
"https://www.youtube.com/watch?v=EcWZqwxFvWY", Camera Phones and Surviving the Next 10 Years In Tech
"https://www.youtube.com/watch?v=_EGO-d9H184", JMS094: jQuery Smooth Scroll to Anchor Using animate()
"https://www.youtube.com/watch?v=C92aLjYEdZQ", JMS093: The Most Powerful 2-Letter Word In Web Development
"https://www.youtube.com/watch?v=NeuhCY8x5IQ", JMS092: On Upwork's Pricing Change
"https://www.youtube.com/watch?v=WucRMog8Mxw", JMS091: Weekly Web Developer Q&A (5/20/2016)
"https://www.youtube.com/watch?v=KuAwgapjZuc", JMS090: The 12-Step Freelance Profile Template
"https://www.youtube.com/watch?v=GNOjyR_xF88", JMS089: PHP Fatal Error [FIX]: Call to a Member Function Fetch_Assoc On a Non-Object
"https://www.youtube.com/watch?v=le-oI6P-MqM", JMS088: How to Overcome Your Fear of Haters
"https://www.youtube.com/watch?v=AJSjFqqol20", JMS087: The 6-Letter Word That Will Get You Paid to Write Code
"https://www.youtube.com/watch?v=2h3CUQDLcYM", JMS086: Cheap SOBs. Twitter Troll Gets Owned On Why Freelance Clients Lowball
"https://www.youtube.com/watch?v=Y91Uu7tBfB4", JMS085: jQuery: Find An Anchor By The HREF
"https://www.youtube.com/watch?v=xcwsb0JYcuc", JMS084: Listen To This When You Feel Like Giving Up On Learning Web Development
"https://www.youtube.com/watch?v=ZGZVOmbnlLs", JMS083: How I Got 2.7 Millions Views and 28,032 Subscribers on YouTube
"https://www.youtube.com/watch?v=anJ6_o1v6wM", JMS082: Weekly Web Developer Q&A (5/6/2016)
"https://www.youtube.com/watch?v=vEj9oNrjWoY", JMS081: Stop Freelance Clients From Lowballing You On Upwork
"https://www.youtube.com/watch?v=n5uoHvLvhfY", JMS080: 3 Ways to Verify an Email Address Using HTML, jQuery and PHP
"https://www.youtube.com/watch?v=jtWSgiVqQI4", JMS079: What To Do When You Worry You're Too Old (Or Young) To Be a Web Developer
"https://www.youtube.com/watch?v=Fy8d-PJFto8", JMS078: The Strange Ethics Of "Sleazy" Sales People You Should Steal
"https://www.youtube.com/watch?v=arVvWeQkWYY", JMS077: Weekly Web Developer Q&A (4/29/2016)
"https://www.youtube.com/watch?v=QFu_Kmn3qOk", JMS076: Quitting Your Day Job
"https://www.youtube.com/watch?v=WLtuI75dPVQ", JMS075: How to Get the First Value In An Array Using PHP When You Don't Know the Keys
"https://www.youtube.com/watch?v=d5lavNbqglk", JMS074: What To Do When Learning Web Development Gets Hard
"https://www.youtube.com/watch?v=O1u5mmhJMxo", JMS073: Why I Just Deleted 12,499 Email Subscribers And You Should Too
"https://www.youtube.com/watch?v=G62bzbaM87M", JMS072: Weekly Web Developer Q&A (4/22/2016)
"https://www.youtube.com/watch?v=nPdKLVlR7xU", Support the Show on Patreon
"https://www.youtube.com/watch?v=epvDmWdRklI", JMS071: Grizzly Bear Rips Freelancer to Shreds. You Take His Job
"https://www.youtube.com/watch?v=MhEzuNhN86s", JMS070: How to Create a Contact Form Using PHP
"https://www.youtube.com/watch?v=cWiVrC3icGo", JMS069: Being Too Professional Is Costing You Freelance Jobs
"https://www.youtube.com/watch?v=l86tZhXa2js", JMS068: How To Make a Living In Web Design Through The Coming Online Transition
"https://www.youtube.com/watch?v=BvYjrcbtFLg", JMS067: Using Flexbox to Build Mobile Responsive Web Designs
"https://www.youtube.com/watch?v=XGIuwBCmukQ", How to Rank Higher In the Upwork Search Results
"https://www.youtube.com/watch?v=PCpANnfsNvU", How to Write Proposals That Get You The Job On Upwork
"https://www.youtube.com/watch?v=lDfYT6fHW2o", JMS066: The New CSS Grid Layout, Niche Down to Niche Up and More
"https://www.youtube.com/watch?v=-YooNhjlNDA", JMS065: Why Mimic Donald Trump, Udemy's Pricing Shake-up, Dominate Local Business Marketing and more
"https://www.youtube.com/watch?v=oUZBwMplWgQ", JMS064: Is Apple Wrong For Blocking the FBI? How I Make YouTube Thumbnails and More
"https://www.youtube.com/watch?v=rRg__WlahOM", JMS063: Where Do I Start With My PHP Application, Tax Tips For Freelancers and More
"https://www.youtube.com/watch?v=e5kINQNTU8A", JMS062: How to Create a Mobile App Landing Page in Photoshop and More
"https://www.youtube.com/watch?v=ifP81KHLDXY", JMS061: Unlock the da Vinci Code In Your Designs, Begging For Money, Be Negative and More
"https://www.youtube.com/watch?v=LAtyFOCXQ0M", JMS060: How to Pick the Right Fonts, Don't Be THAT Guy on Social, Bye Java and More
"https://www.youtube.com/watch?v=WFr_-3wu9QA", JMS059: The Sad State of Web Development and More
"https://www.youtube.com/watch?v=odiPU7qFF2E", JMS058: How to Pick the Best the Best Color Scheme For Your Website
"https://www.youtube.com/watch?v=i5v41Blafgo", JMS057: 4 Responsive Web Design Principles Every Web Developer Should Know
"https://www.youtube.com/watch?v=758dM-MsSAs", JMS056: Send Form Data Via Email, 2016 Web Design Trends, The Risk-Takers Mindset and More
"https://www.youtube.com/watch?v=insVYUuYOSU", JMS055: 6 Common PHP Security Issues and Their Fixes And More
"https://www.youtube.com/watch?v=6bPj_B_xq2g", JMS054: PHP 7, MVC, Writing Your Upwork Bio, Weekly Q&A and More
"https://www.youtube.com/watch?v=Zn4HahsFAbY", JMS053: How to Use a Queue To Speedup PHP Processing Tasks
"https://www.youtube.com/watch?v=jlw1lR-G1mI", [LIVE Q&A] Do you believe in the myth of the full stack developer?
"https://www.youtube.com/watch?v=oRwYGu6puCU", How to Use the PHP DateTime Class Instead of the PHP Date Function
"https://www.youtube.com/watch?v=IyyxskS2u6s", [LIVE Q&A] How do I create a multilingual website using pure PHP?
"https://www.youtube.com/watch?v=IofPWdC9U7A", How to Create a Custom WordPress Admin and Login Theme
"https://www.youtube.com/watch?v=HfawhN6d7IQ", [LIVE Q&A] Do I Need to Learn WordPress?
"https://www.youtube.com/watch?v=dDPA-LRpxZ8", How to Create a Custom Error 404 Not Found Page
"https://www.youtube.com/watch?v=Kor5Qg7kjf0", What WordPress Development Tutorial Should I Invest In?
"https://www.youtube.com/watch?v=tCv7NofEZvY", How to Send Mail Using PHP
"https://www.youtube.com/watch?v=R4EBwca7_Co", [Periscope] How to Search a Forum With MySQL and PHP
"https://www.youtube.com/watch?v=_1F1Iq1IIS8", How to Parse XML With SimpleXML and PHP
"https://www.youtube.com/watch?v=SWalqXkuH_I", [Periscope] How to Learn Object-Oriented Programming in PHP
"https://www.youtube.com/watch?v=157e55dSRzY", How to Create a Zebra Striped Table With Odd Even Row Colors Using PHP
"https://www.youtube.com/watch?v=zZvAuelSwgw", [Periscope] Tuesday Web Development Q&A: PHP Frameworks, Getting Clients and More
"https://www.youtube.com/watch?v=8qrslJBAsjQ", [Periscope] Q&A: Hashing Passwords, reCAPTCHA, Non-Object Errors and More
"https://www.youtube.com/watch?v=Z9lCqK_VrEE", jQuery Tutorial: Add Active Class to Navigation Menu Item Based on URL
"https://www.youtube.com/watch?v=Wc2I-JU50Ls", Set DIV to 100% Height of Its Parent Using jQuery
"https://www.youtube.com/watch?v=6LfMsU1LfM8", jQuery Tutorial: How to Build a jQuery Accordion
"https://www.youtube.com/watch?v=nw1AR2xpU60", Facebook Marketing: What Should I Post to My Facebook Page?
"https://www.youtube.com/watch?v=jQaUOxobMnc", Facebook Marketing: Why Should I Create a Facebook Page?
"https://www.youtube.com/watch?v=ssLx6p_g00M", Facebook Marketing: How to Create a Facebook Page
"https://www.youtube.com/watch?v=FoPhZRnf8e4", Facebook Marketing: How to Post to Your Facebook Page
"https://www.youtube.com/watch?v=WppRltK3DNo", Facebook Marketing: How to Increase the Reach of Your Posts
"https://www.youtube.com/watch?v=h30qPvATvEA", Responsive Web Design: Building a Responsive Menu
"https://www.youtube.com/watch?v=-nkud6TwXBI", jQuery Tutorial: Submit a Form and Post Data Using jQuery and AJAX
"https://www.youtube.com/watch?v=ae-FqAt_VCA", jQuery Tutorial: AJAX Load Content With No Page Refresh
"https://www.youtube.com/watch?v=MF0egfd5LwU", Build a Grid Layout for WordPress Using WP_Query
"https://www.youtube.com/watch?v=uwUqsILfWoI", Pure HTML & CSS Dropdown Menu
"https://www.youtube.com/watch?v=pc0V9hJpE54", Prevent XSS Attacks. Escape Strings in PHP
"https://www.youtube.com/watch?v=XWnPjG3AP1o", Simple CSS Button Styles
"https://www.youtube.com/watch?v=zBdJMW0_1RA", PHP Try Catch Error Handling
"https://www.youtube.com/watch?v=HqhQWSejWt4", How to Create a PHP 301 Redirect Script
"https://www.youtube.com/watch?v=yO3IM9kMMCc", MD5, SHA-1 or BCRYPT For Hashing and Storing Passwords With PHP?
"https://www.youtube.com/watch?v=546sFEHUS_k", A PHP Script to Search a MySQL Database
"https://www.youtube.com/watch?v=n35Jn2nP9iU", How to Insert Form Data Into a MySQL Database Using PHP
"https://www.youtube.com/watch?v=fZFn3nGCAKw", How to Validate an Email Address (By Domain) Using PHP
"https://www.youtube.com/watch?v=1bLuTZ5dkas", Do the Upwork Skills Tests Really Matter?
"https://www.youtube.com/watch?v=CRttRDkaD_M", What Are the Best Sites For Freelance Jobs?
"https://www.youtube.com/watch?v=Pix2d8UxgjU", How to Eradicate Annoying Scope Creep Without Looking Like a Jerk
"https://www.youtube.com/watch?v=rI53uHdG8w4", What Makes a Web Developer Great?
"https://www.youtube.com/watch?v=OGaxwEfekwo", How to Learn HTML, CSS and jQuery Fast
"https://www.youtube.com/watch?v=3DCo-m7yWNM", Too Old to Become an Expert In Web Development?
"https://www.youtube.com/watch?v=I1x6luhmkUc", What WordPress Theme Should I Use?
"https://www.youtube.com/watch?v=Fqu3ytFsSkA", What Are the Positives and Negatives of Getting Freelance Jobs on oDesk and Elance?
"https://www.youtube.com/watch?v=W5oqjpUBbF0", How to Become a Front End Web Developer
"https://www.youtube.com/watch?v=wFWOLjZrmtc", How to Abstract Your MySQL Database Class
"https://www.youtube.com/watch?v=eQS9Jj2qvz8", How to Insert Data Into Your Database Using MySQLi and PDO
"https://www.youtube.com/watch?v=KBRYIyLo09c", How to Connect to Your MySQL Database Using MySQLi and PDO
"https://www.youtube.com/watch?v=9iWO-NtKWQU", How to Get Data From Your Database Using MySQLi and PDO
"https://www.youtube.com/watch?v=Z0iQMJ4S0WI", How to Query Your Database Using Prepared Statements With MySQLi and PDO
"https://www.youtube.com/watch?v=AVov9tt61lc", How to Delete Data From Your Database Using MySQLi and PDO
"https://www.youtube.com/watch?v=chIo6_E1oiQ", How to Create Database Tables Manually in PHPMyAdmin
"https://www.youtube.com/watch?v=PuumamcpEgw", How to Create Database Tables Dynamically Using PHP
"https://www.youtube.com/watch?v=rfecHlJvHIM", How to Structure Database and Object Model
"https://www.youtube.com/watch?v=nGn0dyAlBds", How to Use ezSQL
"https://www.youtube.com/watch?v=QLoi0-SphPE", How to Update Data In Your Database Using MySQLi and PDO
"https://www.youtube.com/watch?v=p8FwAUw7hiE", 9 Steps to Launch Your Freelance Career From Ground Zero
"https://www.youtube.com/watch?v=OPruKdoMrQk", Practical Exercise: Building a Combo Layout Responsive Website Template
"https://www.youtube.com/watch?v=dsN2c_VIX3E", How to Use Responsive Typography in Your Website Templates
"https://www.youtube.com/watch?v=NufB2IIcj0I", How to Use Responsive Images in Your Website Templates
"https://www.youtube.com/watch?v=obKc2SPmP5M", How to Use a CSS Float to Build Responsive Websites
"https://www.youtube.com/watch?v=yT1Z2mFyAII", Should You Demand You Get Your Cash First on Freelance Jobs?
"https://www.youtube.com/watch?v=ei4WYz8ltgA", Practical Exercise: Building a Liquid Layout Responsive Website Template
"https://www.youtube.com/watch?v=ZuNeZMSNb6M", Practical Exercise: Building a Fluid Grid Responsive Website Template
"https://www.youtube.com/watch?v=YHE8YbNHP0k", How to Use Dynamic Widths in Responsive Web Design
"https://www.youtube.com/watch?v=vi3EGDGYqUI", How to Use Media Queries to Build Responsive Websites
"https://www.youtube.com/watch?v=FnSxvvfbGOU", What IT Jobs Are Available For HTML, CSS and Javascript Programmers?
"https://www.youtube.com/watch?v=EB_vYbeVOjA", Watch This Whenever You Need Some Self Motivation and Self Confidence
"https://www.youtube.com/watch?v=73OOPbTo_jY", How to Build and Grow Your Web Presence
"https://www.youtube.com/watch?v=SFx83qZU1yo", What Are the Biggest Obstacles for Freelancers to Get Clients?
"https://www.youtube.com/watch?v=TH9tyghhvq4", 5 Time Management Tips for Freelancers
"https://www.youtube.com/watch?v=nED7T2baSxQ", 5 Tips for Developing Better Work Life Balance
"https://www.youtube.com/watch?v=1tySQbGpWWY", How much do freelance web developers make annually?
"https://www.youtube.com/watch?v=i-uWi8HwU70", What Do Self-Taught Web Developers Wish They Had Known Before They Started?
"https://www.youtube.com/watch?v=mBmgdxzvF9Q", How to Write Winning Job Proposals on Upwork, Elance, oDesk and Freelancer.com
"https://www.youtube.com/watch?v=LczFOOoLED4", How Do I Deal With Fear?
"https://www.youtube.com/watch?v=ghGeDX2jgss", Do Developers Memorize Tags, Classes and Functions?
"https://www.youtube.com/watch?v=tnVuKXkFxtU", How Do I Get Web Design Clients Outside of Upwork (Elance and oDesk)?
"https://www.youtube.com/watch?v=406TI86nr3E", Real Developers Have a Degree
"https://www.youtube.com/watch?v=1K9PS8GFesI", What Is the Best Way to Learn WordPress Development?
"https://www.youtube.com/watch?v=coykaiGnBbQ", How Do I Get My First Client on Upwork (Elance and oDesk)?
"https://www.youtube.com/watch?v=Vflb4r4AgXU", Is It Worth It Trying Upwork (Elance) and Freelancer.com?
"https://www.youtube.com/watch?v=zZkL5egagCk", Can Developers In Developing Countries Make Good Money?
"https://www.youtube.com/watch?v=weXW62eQDaI", How Do Experts Write Their HTML and CSS?
"https://www.youtube.com/watch?v=p8fcdZQOWiY", How Do I Get Started in Web Design?
"https://www.youtube.com/watch?v=iYgCqJlnZUE", How Do I Get More Business For My Web Design Services?
"https://www.youtube.com/watch?v=84qwPNRiass", How Do I Estimate How Long a Web Design Project Will Take?
"https://www.youtube.com/watch?v=Whc3fs8ltko", Can You Still Make Money in Web Design?
"https://www.youtube.com/watch?v=AGHkr1x-4fo", 5 Skills Every Web Developer Should Have
"https://www.youtube.com/watch?v=PTWLewaXRPM", 3 Reasons Why Elance Clients Say No
"https://www.youtube.com/watch?v=S4UtZRKfO7Y", What Makes Clients on Elance Say YES
"https://www.youtube.com/watch?v=cpqoq87kSOs", How to Use a Combo Layout When Building a Responsive Website Template
"https://www.youtube.com/watch?v=6q-YYbVmgA0", How to Use a Liquid Layout When Building a Website Template
"https://www.youtube.com/watch?v=dwxtjbYNF_8", How to Use a Fluid Grid Layout When Building a Website Template
"https://www.youtube.com/watch?v=TZRMsb-G_4U", What is Responsive Web Design?
"https://www.youtube.com/watch?v=RpgTS3VZltA", How can a newbie freelancer become popular in freelancing websites?
"https://www.youtube.com/watch?v=Xj11Hlw_tik", 6 Ways to Use Elance and ODesk to Build a Successful Freelance Web Design Business
"https://www.youtube.com/watch?v=TszpVwRWp04", How to Avoid Clients From Hell Before They Hire You
"https://www.youtube.com/watch?v=wArmhERYws8", How to Get Your First Web Design Client
"https://www.youtube.com/watch?v=QX_SqQpXWXM", How to Position Yourself to Get More Freelance Work
"https://www.youtube.com/watch?v=eZHYtoGnsY0", How to Brand Yourself So You Can Get More Web Design Clients
"https://www.youtube.com/watch?v=3wLc41X5Dg0", How to Get Freelance IT Jobs So You Can Work From Home
"https://www.youtube.com/watch?v=NUwLXP9YQy4", 3 Things Your Clients Secretly Wish You Did For Them
"https://www.youtube.com/watch?v=UeOXpwAPiCc", Here's Why Most Bootstrap Themes Suck
"https://www.youtube.com/watch?v=L97513Do8vs", 2014 Trends That Could Make You Obsolete and How to Attract High-Paying Clients Using Content
"https://www.youtube.com/watch?v=JCkivCKxRUU", How to Get Hired on Upwork (Elance and oDesk)
"https://www.youtube.com/watch?v=i-ZzGycb1p4", Separation of Concerns, MVC, and How to Get Started as a Freelance Coder
"https://www.youtube.com/watch?v=X1LnG2pXu5Y", Why Does It Take Forever to Learn How to Code?
"https://www.youtube.com/watch?v=7esHegXd8SU", Have You Lost Your Passion for Coding?
"https://www.youtube.com/watch?v=Q1uLWw2TaeY", Stage 1: How to Discover Your Passion
"https://www.youtube.com/watch?v=2P2kYBDeN8A", Roadmap to a Successful Freelance Coding Career
"https://www.youtube.com/watch?v=WagAM9cUMRI", 5 Stages of Coding Career Development
"https://www.youtube.com/watch?v=JoMe5yv-WzI", How to Stand Out and Get Clients to Chase You
"https://www.youtube.com/watch?v=vaL3-xa1QF8", How I Get Clients to Chase Me
"https://www.youtube.com/watch?v=b-VUL9qfZAc", How to Display PHP Form Data
"https://www.youtube.com/watch?v=J8DNVfiHcLE", How to Secure Your PHP Forms
"https://www.youtube.com/watch?v=-AJ2A-IwQbU", How to Build an Advanced HTML Form Using PHP and MySQL
"https://www.youtube.com/watch?v=wp6Ngpk5XiY", How Build a Simple HTML Form Using PHP and MySQL
"https://www.youtube.com/watch?v=BmHLvUdkCA0", PHP Form-Building Concepts: What You Need to Know to Get Started
"https://www.youtube.com/watch?v=aih9GN3RBz4", OOP: How to Build Scalable PHP Applications Using Object-Oriented Programming Concepts
"https://www.youtube.com/watch?v=gU1xM3TGhwY", OOP: This Is What Happens When You Don't Use Object-Oriented Programming to Build PHP Applications
"https://www.youtube.com/watch?v=yG1K08Y3n78", How to Update a Membership Level Using the WishList Member API
"https://www.youtube.com/watch?v=6FUFhgFzp60", How to Get All Membership Levels Using the Wishlist Member API
"https://www.youtube.com/watch?v=2nOoGgOjxo4", How to Connect to the WishList Member API (3 Methods)
"https://www.youtube.com/watch?v=w7pD6F3UAzY", Understanding the WishList Member API
"https://www.youtube.com/watch?v=KWm-wXQ7wI0", How to Get a Membership Level Using the Wishlist Member API
"https://www.youtube.com/watch?v=t0u7Hf00UKo", How to Delete a Membership Level Using the Wishlist Member API
"https://www.youtube.com/watch?v=ryLFMLbwvBE", How to Create a Membership Level Using the WishList Member API
"https://www.youtube.com/watch?v=2BqUJj6sy6E", The unique design problem that responsive web design solves
"https://www.youtube.com/watch?v=Xmo5H7X9k9Y", How I Build Responsive Web Sites in a Fraction of the Time
"https://www.youtube.com/watch?v=G3KyLqaWEhw", You Pick My Next Tutorial (I Need Your Help!)
"https://www.youtube.com/watch?v=iL4m--eXsH0", How Fear Can Kill Your Coding Career and How You Can Easily Overcome It
"https://www.youtube.com/watch?v=BU1tIqoZAss", How Targeting Can Trump Credibility as a Coder
"https://www.youtube.com/watch?v=NLup24niMzI", Learn PHP & MySQL Part 2: How to Create Tables and Setup Fields in phpMyAdmin
"https://www.youtube.com/watch?v=59zBL0TqWMc", Learn PHP & MySQL Part 1
"https://www.youtube.com/watch?v=KFlNe_jxD34", MySQL and PHP Course First Video Now Available!
"https://www.youtube.com/watch?v=etPK7BBp-eQ", Should I Use mysqli_real_escape_string With Prepared Statements in PHP?
"https://www.youtube.com/watch?v=o9x7PQ5Xe5w", How to Stop Procrastinating
"https://www.youtube.com/watch?v=zyeubYQxHyY", How to Create a Website Template From Start to Finish
"https://www.youtube.com/watch?v=hrOZbWprgHE", How to Create a Website
"https://www.youtube.com/watch?v=5lKkEjW4Evc", How to Use CSS
"https://www.youtube.com/watch?v=DRwgTRAYlR8", Learn Basic HTML Syntax
"https://www.youtube.com/watch?v=KEH2NWZirkY", How to Build a Web Page
"https://www.youtube.com/watch?v=VRuXjFnbfeA", How to Make More Money With Web Design by Laser-Targeting What Services You Offer
"https://www.youtube.com/watch?v=Wgbmgf84ZOo", How to Create a Social Network Using PHP
"https://www.youtube.com/watch?v=v7lncaShLq8", How to Use Operators in PHP
"https://www.youtube.com/watch?v=ZOfQkYSEfCA", How to Use If, Else, and Switch in PHP
"https://www.youtube.com/watch?v=QKzx0ftvH3c", How to Include and Require Files in PHP
"https://www.youtube.com/watch?v=cU4RAlLbuoY", How to Work With Data Types in PHP
"https://www.youtube.com/watch?v=g4H3uhcp2qo", How to Echo in PHP
"https://www.youtube.com/watch?v=lEZ6l6Y2s2A", How to Create and Use PHP Variables
"https://www.youtube.com/watch?v=jbG6C8MsyBk", How to Use Functions in PHP
"https://www.youtube.com/watch?v=Brqpo_EPysE", How to Use Proper Syntax in PHP
"https://www.youtube.com/watch?v=BAI1w9WOstA", What Is PHP?
"https://www.youtube.com/watch?v=FymgHnWUMg4", How to Create an E-Commerce Website Using PHP
"https://www.youtube.com/watch?v=1J7KVNA5tn8", How to Create a Content Management System (CMS) Using PHP
"https://www.youtube.com/watch?v=X6RNprqUPQc", How to Create Login Script Using PHP
"https://www.youtube.com/watch?v=viyEfnAdb2Y", How to Work With MySQL Using PHP
"https://www.youtube.com/watch?v=YeLgj8yifmM", How to Write a PHP Class
"https://www.youtube.com/watch?v=lUFXLHqi-uQ", How to Create a Website Template Using PHP
"https://www.youtube.com/watch?v=UZcVUfaby9U", How to Use Sessions and Cookies in PHP
"https://www.youtube.com/watch?v=Ze-k4eihJSQ", How to Upload Files Using PHP
"https://www.youtube.com/watch?v=yTExp_cXy4o", How to Manipulate Files Using PHP
"https://www.youtube.com/watch?v=l9THxqqyts0", How to Create a Folder Using PHP
"https://www.youtube.com/watch?v=mOguogIoai0", How to Write Custom Functions in PHP
"https://www.youtube.com/watch?v=8N6jQ2XDnNM", How to Read the PHP Manual
"https://www.youtube.com/watch?v=LHyNLCW-26A", How to Manipulate Arrays Using PHP
"https://www.youtube.com/watch?v=W4Jk_5---n4", How to Use $_POST and $_GET in PHP
"https://www.youtube.com/watch?v=dGd0Ag_ylcU", How to Create a Custom Loop in WordPress Using WP_Query
"https://www.youtube.com/watch?v=Mg8EFkZllQU", How to Create an ics Import File Using PHP
"https://www.youtube.com/watch?v=zBaHBmZLDxY", How to Sort Multidimensional Arrays Using PHP
"https://www.youtube.com/watch?v=YFwZgN0kPH4", PHP Functions Video Tutorial: array_diff_assoc
"https://www.youtube.com/watch?v=PK_9IYd__L8", PHP Functions Video Tutorial: array_count_values
"https://www.youtube.com/watch?v=pLMkWlA1394", PHP Functions Video Tutorial: array_combine
"https://www.youtube.com/watch?v=JBiM3Y7BBh8", PHP Functions Video Tutorial: array_chunk
"https://www.youtube.com/watch?v=yZXbx6-XJKI", PHP Functions Video Tutorial: array_change_key_case
"https://www.youtube.com/watch?v=rSncrXP0HeU", How to Create an HTML Select Box Populated With Data From a MySQL Database Using PHP
"https://www.youtube.com/watch?v=_BmxU93jLG0", How to Setup a Local PHP Development Server Using XAMPP
"https://www.youtube.com/watch?v=4HlgO7EY0J4", How to Create an HTML Form That Stores Data in a MySQL Database Using PHP Part 4 of 4
"https://www.youtube.com/watch?v=OYBkkozuc5Q", How to Create an HTML Form That Stores Data in a MySQL Database Using PHP Part 3 of 4
"https://www.youtube.com/watch?v=kHON9z8IT6w", How to Create an HTML Form That Stores Data in a MySQL Database Using PHP Part 2 of 4
"https://www.youtube.com/watch?v=J2-neLr7MXM", How to Create an HTML Form That Stores Data in a MySQL Database Using PHP Part 1 of 4
"https://www.youtube.com/watch?v=eGf-c617ugk", How to Create an XML Data Feed File for Google Product Search Using PHP
"https://www.youtube.com/watch?v=3oCUXvzIK54", How to Create a Basic Website Design Template Using PHP, CSS, and XHTML Part 3 of 3
"https://www.youtube.com/watch?v=0uSQv-oO7GM", How to Create a Basic Website Design Template Using PHP, CSS, and XHTML Part 2 of 3
"https://www.youtube.com/watch?v=mnf0zemQpEI&t=17s", How to Create a Basic Website Design Template Using PHP, CSS, and XHTML Part 1 of 3
