"https://www.youtube.com/watch?v=erguFSkBm7w", Live Coding - Next.js + Redis
"https://www.youtube.com/watch?v=H49yPSwLNZc", Live Coding - Next.js + Redis - Part 3
"https://www.youtube.com/watch?v=6nwSJLjewFI", Live Coding - Next.js + Redis - Part 2
"https://www.youtube.com/watch?v=sQNwbA37y2U", Live Coding - Next.js + Redis - Part 1
"https://www.youtube.com/watch?v=KHp3cUhhPqg", Live Coding - Personal Site - Part 2
"https://www.youtube.com/watch?v=ON_0tqGTNyE", Live Coding - Personal Site - Part 1
"https://www.youtube.com/watch?v=1JY1b6rKqZA", Creating an online store with React + Node.js – Part 1.5
"https://www.youtube.com/watch?v=Bgn9qcHxEuE", Creating an online store with React + Node.js – Part 1
"https://www.youtube.com/watch?v=No49rL4xAg4", Creating a Q+A app using next.js – Part 3
"https://www.youtube.com/watch?v=KBcM0dfLBDo", Creating a Q+A app using next.js – Part 2
"https://www.youtube.com/watch?v=_zcDKQZT3yc", Creating a Q+A app using next.js – Part 1
"https://www.youtube.com/watch?v=x_Z6iYY5ibc", Node API - CORS, what is it and how to use it
"https://www.youtube.com/watch?v=_F1m_06JVU4", Node API - Whats next
"https://www.youtube.com/watch?v=UQt6NyDnX7w", Node API - Setting up and using models
"https://www.youtube.com/watch?v=OO4zOOOf1QQ", Node API - Connecting to a database (MongoDB)
"https://www.youtube.com/watch?v=f6mnX_MSpJ8", Node API - Setting up and using controllers
"https://www.youtube.com/watch?v=A4skYG6sPSQ", Node API - Setting up and understanding routing
"https://www.youtube.com/watch?v=P7vuqhfb1WA", Node API - Understanding and using environment variables
"https://www.youtube.com/watch?v=XTGikZFJW0w", Node API - Setting up an express server
"https://www.youtube.com/watch?v=eRu_Wg2O-8g", Node API - Introduction
"https://www.youtube.com/watch?v=BC4Lbb6gn0k", Custom jQuery Select Fields | Part 1
"https://www.youtube.com/watch?v=EMWthuDgmb0", Custom jQuery Select Fields
"https://www.youtube.com/watch?v=xTbltY41j3Q", PHP Pagination | Part 2 - User Abilities
"https://www.youtube.com/watch?v=6SuCSIJ5wNU", PHP Pagination | Part 1 - Main Workings
"https://www.youtube.com/watch?v=QtYP_eSVKfs", jQuery Image Slider | Part 1 - Structure
"https://www.youtube.com/watch?v=z277ZUHNnnE", jQuery Image Slider | Part 2 - Looping Function
"https://www.youtube.com/watch?v=XlYsjMPCgfI", jQuery Image Slider | Part 3 - User Controls
"https://www.youtube.com/watch?v=TWgCNAP8WnY", Learn HTML - Links
"https://www.youtube.com/watch?v=WdybWSoeaFU", Learn HTML - Paragraphs
"https://www.youtube.com/watch?v=aPURJwKQyr8", Learn HTML - Images
"https://www.youtube.com/watch?v=O7EO8Moma5M", Learn HTML - Headings
"https://www.youtube.com/watch?v=EhZpgC-BGGI", Learn HTML - Structure of Document
"https://www.youtube.com/watch?v=XtwDUXXSPIQ", Learn HTML - Introduction
"https://www.youtube.com/watch?v=8p3h0Y4rPoo", jQuery Image Slider - Part 4
"https://www.youtube.com/watch?v=3fyMoKsQVw4", jQuery Image Slider - Part 3
"https://www.youtube.com/watch?v=tbob0uSdSUg", Learn PHP - Time and Date
"https://www.youtube.com/watch?v=PREjcHtjrFc", Learn PHP - Introduction To Functions
"https://www.youtube.com/watch?v=QZQ_V_ZJUjA", Learn PHP - Superglobals
"https://www.youtube.com/watch?v=_G7r5WAVwsY", Learn PHP - Isset Function
"https://www.youtube.com/watch?v=CJcgSUBMH1s", Learn PHP - Data Types
"https://www.youtube.com/watch?v=-8AUx0BZKXI", Learn PHP - Download and Install XAMPP
"https://www.youtube.com/watch?v=GGgSUgHSB24", Learn PHP - Introduction
"https://www.youtube.com/watch?v=hAeQ8CqrGDY", Pure CSS Tooltips
"https://www.youtube.com/watch?v=40Ke9OdV2XA", jQuery Content Slider - Part 2
"https://www.youtube.com/watch?v=xrEJBqc37Ig", jQuery Content Slider - Part 1
"https://www.youtube.com/watch?v=_AqM9U3mi9A", Creating an Instant Search
"https://www.youtube.com/watch?v=PBLuP2JZcEg", Creating a PHP Search
"https://www.youtube.com/watch?v=YUNEOp5GhA8", CSS Twitter Like Input Fields
"https://www.youtube.com/watch?v=3I2Uh-D-lzI", CSS Fixed Headers
"https://www.youtube.com/watch?v=yikHrIMsccw", jQuery Image Slider - Part 2
"https://www.youtube.com/watch?v=5_P3Auq-U8c", jQuery Image Slider - Part 1
"https://www.youtube.com/watch?v=66weKyXoxoQ", Creating a Membership Website
"https://www.youtube.com/watch?v=hvMYMBNwZwo", Creating a Membership Website - Part 6
"https://www.youtube.com/watch?v=__qEvukd5og", Creating a Membership Website - Part 5
"https://www.youtube.com/watch?v=rBlhwRIqTKA", Creating a Membership Website - Part 4
"https://www.youtube.com/watch?v=Bua1wxhNiho", Creating a Membership Website - Part 3
"https://www.youtube.com/watch?v=Hr3b42lDGfo", Creating a Membership Website - Part 2
"https://www.youtube.com/watch?v=aNxm2A6x9N4", Creating a Membership Website - Part 1
