"https://www.youtube.com/watch?v=2WGDAQRkvAY", React Mini Tutorials - 1.6 Layout using HoC Pattern
"https://www.youtube.com/watch?v=qpR5CmqH-qM", React Mini Tutorials - 1 5 HoC Pattern
"https://www.youtube.com/watch?v=QciCJ_ODzQ4", React Mini Tutorials - 1 4 State and Prop Difference
"https://www.youtube.com/watch?v=QJu0X3joHAI", React Mini Tutorials - 1 3 NPM Helmet for Head Tag
"https://www.youtube.com/watch?v=TS6ZkmO6Tb8", React Mini Tutorials - 1 2 Add First Routes
"https://www.youtube.com/watch?v=E1xPV7dQ1Lo", React Mini Tutorials - 1 1 React Router DOM
"https://www.youtube.com/watch?v=7BFV3ZWgZ6U", React Mini Tutorials - 1 0 Using a Shared Layout
"https://www.youtube.com/watch?v=52ZpFh47aUM", React Mini Tutorials - 0 9 Passing Props Around
"https://www.youtube.com/watch?v=1l70LHHJJR0", React Mini Tutorials - 0 8 Create Base Layout for Pages
"https://www.youtube.com/watch?v=FXgMHyIxXPY", React Mini Tutorials - 0 7 Create First Component
"https://www.youtube.com/watch?v=VYW_UPNMQak", React Mini Tutorials - 0 6 Running CRA (Create React App)
"https://www.youtube.com/watch?v=TuKkrcvFR0o", React Mini Tutorials - 0.5 Starter Files
"https://www.youtube.com/watch?v=Ox4Hy_-evas", React Mini Tutorials - 0 4 Setup on Linux
"https://www.youtube.com/watch?v=-Dmi5U0UU3M", React Mini Tutorials - 0 3 Setup on Windows
"https://www.youtube.com/watch?v=VHDthngQvmE", React Mini Tutorials - 0 2 React Turbo Start
"https://www.youtube.com/watch?v=TnAJyWuktz8", VLOG: Just Coding React, Chilling
"https://www.youtube.com/watch?v=ypcrHaoxIkU", CODE VLOG: Just React, maybe some Node (Im Quiet Today)
"https://www.youtube.com/watch?v=2oANJvuCtD4", LIVE BLOG: Coding React
"https://www.youtube.com/watch?v=E4dvTLeCBBg", LIVE BLOG: Coding Node
"https://www.youtube.com/watch?v=ZYA4gaztKOA", React Gatsby - Kind of, Ramblings of a Crazy Man
"https://www.youtube.com/watch?v=aOGzVYatWTw", LIVE: Google Compute Engine I
"https://www.youtube.com/watch?v=UIop7nC7Pmo", Inbox
"https://www.youtube.com/watch?v=PgnPvxmZuao", cotrol panil overview
"https://www.youtube.com/watch?v=9wZlhCvMSu0", JREAM Channel Intro
"https://www.youtube.com/watch?v=SKN08tz2KG8", C4D - Loft Tool
"https://www.youtube.com/watch?v=mNOhglEMBF4", Intro Demo: JREAM / Glitch w/Boom Audio
"https://www.youtube.com/watch?v=OcshNkFhpKA", jream particle logo
"https://www.youtube.com/watch?v=Cap8lsedTN4", C4D - Sweep Tool for Pipes/Rails
"https://www.youtube.com/watch?v=0ObKBkh43QA", jream bare logo
"https://www.youtube.com/watch?v=kIWucotVYWQ", Amazon Setup ARN
"https://www.youtube.com/watch?v=zvPTCVXEglw", C4D Object Follow Spline
"https://www.youtube.com/watch?v=cAVntLQ1fDg", C4D - Model Mirror Mode
"https://www.youtube.com/watch?v=ztO5t-ynY3k", JREAM Intro Test 2
"https://www.youtube.com/watch?v=zDFHv2PdMkc", Low Polygon Animation Test
"https://www.youtube.com/watch?v=5afcBHRqo7Y", C4D - Metaball & Animation
"https://www.youtube.com/watch?v=dYuKH5zwok8", jream - test run
"https://www.youtube.com/watch?v=Z5OPGWzY-kk", Eulogy to my Last Job Ever
"https://www.youtube.com/watch?v=YJvVZ7EL-WM", Bored Today
"https://www.youtube.com/watch?v=Y8pn6Ol4Wfk", Beginner: Setup Linux Mint in VMWare
"https://www.youtube.com/watch?v=uBxqE4Dm_qw", VPN Privacy Easy Setup & GIVEAWAY | JREAM LIVE
"https://www.youtube.com/watch?v=hkKIFuAB2gg", REST API NodeJS + PostmanJS Basics [ LIVE Recording ]
"https://www.youtube.com/watch?v=zAGv41bRObw", Ask JREAM any Question
"https://www.youtube.com/watch?v=NLSyIwsBECA", 3 Ways to Rapidly Export Assets in Photoshop CC
"https://www.youtube.com/watch?v=sVmcFCEIFIA", Windows: Sync IDE/Code Editor w/Google Drive
"https://www.youtube.com/watch?v=6XjlykHnnSk", Best Cinema4D Tutorial for Beginners
"https://www.youtube.com/watch?v=47jPK_4rklI", How to Turn MySQL Strict Mode OFF
"https://www.youtube.com/watch?v=TNFvp3rty2s", Illustrator 2017 - SVG For Web, It's HOT!
"https://www.youtube.com/watch?v=PWP9pGl0YM8", Learn Node By Example - Part 11 - Preparing User Creating with BCrypt and Validator
"https://www.youtube.com/watch?v=nqXyNFFmV2U", Learn Node By Example - Part 10 - Logging w/Log Rotation & Two Templates
"https://www.youtube.com/watch?v=9gbn6Ren3kw", Learn Node By Example - Part 9 - Sessions & Tidy
"https://www.youtube.com/watch?v=ysJaitmeu4k", Learn Node By Example - Part 6 - Save to MongoDB with Mongoose
"https://www.youtube.com/watch?v=6tJjAQ-rytQ", Learn Node By Example - Part 8 - Organize Files
"https://www.youtube.com/watch?v=uOl21s9rxVM", Learn Node By Example - Part 7 - Prepare Forms for Users
"https://www.youtube.com/watch?v=dzWx43r-hJs", Learn Node By Example - Part 5 - Install MongoDB
"https://www.youtube.com/watch?v=gIyFS3ov2I8", Learn Node By Example - Part 4 - Handlebars Templating
"https://www.youtube.com/watch?v=wLjzvRhNFmE", Learn Node By Example - Part 3 - module.exports
"https://www.youtube.com/watch?v=d09IW6LWGFE", Learn Node By Example - Part 2 - Introducing Express
"https://www.youtube.com/watch?v=bX8E4PqwjX0", Learn Node By Example - Part 1 - Setup & Run a Server
"https://www.youtube.com/watch?v=qzpm65Jw9Wc", PHP Dependency Injection Pattern - DI IoC Injector Container
"https://www.youtube.com/watch?v=hKF130rkDK4", PHP Singleton Pattern - Legacy & Modern
"https://www.youtube.com/watch?v=7aP32EWNn3w", Vivaldi Browser
"https://www.youtube.com/watch?v=yOP6KRYN8j8", Hide Youtube Feed Permanently
"https://www.youtube.com/watch?v=mg2Hn0dZfIo", A Video I Never Wanted To Make
"https://www.youtube.com/watch?v=AWFdic29XHs", Setup PHP 7 Development Box (Vagrant + VirtualBox)
"https://www.youtube.com/watch?v=HLSFxXPYDNI", PHP Recursion #101
"https://www.youtube.com/watch?v=6KCYBei7H6Q", PHP: Phinx (DB Migrations) - POTW
"https://www.youtube.com/watch?v=n-XShm6Z0JY", VLOG - Programming Thoughts 0.2 - Jobs
"https://www.youtube.com/watch?v=VtSjSRlShQ4", VLOG - Programming Thoughts 0.1
"https://www.youtube.com/watch?v=qRAkACzk3sk", PHP 7 - Type Hinting
"https://www.youtube.com/watch?v=AxWhS3dXckc", Terminal Debugging in PHP, JavaScript and Python
"https://www.youtube.com/watch?v=3v8ZczbUtlg", GUI: Debian, Ubuntu, Elementary, Mint
"https://www.youtube.com/watch?v=A2l2XzrG1Ls", Beginner Blitz Chess with JREAM
"https://www.youtube.com/watch?v=GYJmLBt4nRY", FrontEnd Skills with Gulp (Part 3) - The Best Part
"https://www.youtube.com/watch?v=7U6KSOWF2Mo", FrontEnd Skills with Gulp (Part 2)
"https://www.youtube.com/watch?v=No-r-7I1BCQ", FrontEnd Skills with Gulp (Part 1)
"https://www.youtube.com/watch?v=RVF8Mz97RRc", 5 minutes of Windows 10
"https://www.youtube.com/watch?v=ltjpW_5NRxU", LAMP Permissions!
"https://www.youtube.com/watch?v=2hNyIHmCxRM", Linux Permissions in 10 Minutes
"https://www.youtube.com/watch?v=etmgVbmqkZw", Practice Blender 3D - Basic Tips
"https://www.youtube.com/watch?v=SbrU8k0LJkc", Get a Static IP using a VPS and PPTP
"https://www.youtube.com/watch?v=uUWAn9oXj1M", Bad Code - Advice & Examples
"https://www.youtube.com/watch?v=h32gX3mgzyE", SublimeText Bootcamp - Configure & Work Fast
"https://www.youtube.com/watch?v=OdFukBEAPXE", Questionnaire! Some Results! And Google Drive Apps
"https://www.youtube.com/watch?v=UEubfhMast8", PHP Package of the Week: SwiftMailer
"https://www.youtube.com/watch?v=4u2PoZVC_fY", PHP Package of the Week: Silex
"https://www.youtube.com/watch?v=LRLQE2N0DKc", Python Package of the Week: MkDocs
"https://www.youtube.com/watch?v=AVgRnSXIa2k", PHP Package of the Week: Faker
"https://www.youtube.com/watch?v=QGQMkmDemtw", My Opinion on Coffee Script
"https://www.youtube.com/watch?v=oD4_8XICCLI", Continuum Extreme Games
"https://www.youtube.com/watch?v=P84LgYrha8U", Ubuntu 14 Developers Environment [Part 2]
"https://www.youtube.com/watch?v=NLborM8NF5I", Ubuntu 14 Developers Environment [Part 1]
"https://www.youtube.com/watch?v=BjVeN8uh69U", JREAM's Home Office Space
"https://www.youtube.com/watch?v=pw1DeLy2Xsw", Rush through SASS for CSS in 7 Minutes
"https://www.youtube.com/watch?v=40tKA06IEKA", AWS Route 53 Failover
"https://www.youtube.com/watch?v=D8F2-uPprdI", AngularJS For a Dummy Like Me
"https://www.youtube.com/watch?v=rzg-sz-sJE0", JREAM Premium Courses
"https://www.youtube.com/watch?v=aXS8Pb86njA", Phalcon + DevTools Vagrant Setup
"https://www.youtube.com/watch?v=1pkikXchQfo", Vagrant+Redis Dev Environment
"https://www.youtube.com/watch?v=wFtVC3w91k4", Redis is Super Fast (NoSQL)
"https://www.youtube.com/watch?v=O20K_A9kXEo", Newborn: Welcome to the World
"https://www.youtube.com/watch?v=XaoROWDPPZc", How to Mine LiteCoins
"https://www.youtube.com/watch?v=ZGUEjZckijA", Vagrant Beginner (Part 1)
"https://www.youtube.com/watch?v=IN_Cutq6_Ps", Windows 8.1 Simple Indexing Tip
"https://www.youtube.com/watch?v=WDcldwda4vM", Bro's to Pro's: PhalconPHP Framework is a Boss
"https://www.youtube.com/watch?v=D7tL2QL4lhE", Laravel 4 Routes - Trying to Understand
"https://www.youtube.com/watch?v=C-gKTdkdde0", Playing With Raspberry Pi
"https://www.youtube.com/watch?v=Ejr4Xqs9V2I", PHP Composer Quickstart
"https://www.youtube.com/watch?v=bMyqcktc4Iw", jQuery Form Helper - Save Time, No Plugins
"https://www.youtube.com/watch?v=ufmzc2sDmhs", Python vs PHP Comparison
"https://www.youtube.com/watch?v=pas8dciGbz8", Python Django Developers Wanted
"https://www.youtube.com/watch?v=hK62tcGtLjY", Freelancing Tips
"https://www.youtube.com/watch?v=Gr-o54D_5Y4", Promotion: jQuery UI Starter, PHP Punch in the Face, PHP CodeIgniter
"https://www.youtube.com/watch?v=3Vq0_wU0orE", Laravel Quickstart Install
"https://www.youtube.com/watch?v=h2WOqudjDCM", Bad Code
"https://www.youtube.com/watch?v=kwFIMuaQals", Sublime Text Quickstart
"https://www.youtube.com/watch?v=Ox50A4y-f2E", Amazon RDS - Relational Database Service
"https://www.youtube.com/watch?v=QCFZShW5cCU", Blender 3D For Beginner | Part 2
"https://www.youtube.com/watch?v=fyh3jm1a2Os", Lunch break computer chat
"https://www.youtube.com/watch?v=XRVyZzbHex4", Create a Wordpress Store with WooCommerce
"https://www.youtube.com/watch?v=Z3-c82u5vP4", PHP: Create Your Own MVC (Part 11)
"https://www.youtube.com/watch?v=erwlU22CeAk", Time Saving File Searcher
"https://www.youtube.com/watch?v=75Z5ba03bZA", Amazon S3 PHP Upload
"https://www.youtube.com/watch?v=BtEvnE79jxY", Bitbucket for Git - Source Tree Tutorial
"https://www.youtube.com/watch?v=uwecNcdAUaY", Create WordPress Theme from Scratch
"https://www.youtube.com/watch?v=HbeRf8JSx7E", GreenSock: JavaScript Animation Library
"https://www.youtube.com/watch?v=dVVCEIty0zg", Code Igniter Quick Series 9 - Extending the Core
"https://www.youtube.com/watch?v=UKYJjmTUdYc", Live Broadcast: Visual Studio
"https://www.youtube.com/watch?v=y3AVWrcMCVM", My Wife's Makeup Blog
"https://www.youtube.com/watch?v=2Vl0G-5_4-8", JREAMing (Testing Google Hangout - NOT Worth watching)
"https://www.youtube.com/watch?v=kLi_Zktq2l0", Photoshop Resize Multiple Images
"https://www.youtube.com/watch?v=J93AJDysX2M", Code Igniter Quick Series 8 - Adjusting the Dashboard
"https://www.youtube.com/watch?v=OLjstM0LrLU", Code Igniter Quick Series 7 - Fixing the Admin Login
"https://www.youtube.com/watch?v=3CkEalw_P_w", Web Application Security - SQL Injection
"https://www.youtube.com/watch?v=sR9HC0z5dwI", Web Application Security - Info Leak
"https://www.youtube.com/watch?v=bhNjuYj9740", Too excited lousy Nexus 7 unboxing
"https://www.youtube.com/watch?v=DrgYEYgM56A", Code Igniter Quick Series 6 - Roles for Admin and User
"https://www.youtube.com/watch?v=ug66OWE0WG8", Code Igniter Quick Series 5 - Logging in Our First User
"https://www.youtube.com/watch?v=h2Fks8HCPUk", Code Igniter Quick Series 4 - Admin Building
"https://www.youtube.com/watch?v=1I21OxB13Nw", Union Framework - Part 2 - Finishing our Chat
"https://www.youtube.com/watch?v=UxcNhLsdeg8", Union Framework - Realtime Chat
"https://www.youtube.com/watch?v=7RFVKKzcHFY", Code Igniter Quick Series 3 - Models and Views
"https://www.youtube.com/watch?v=cPdlU7eWHdM", Code Igniter Quick Series 2 - Controllers and Model
"https://www.youtube.com/watch?v=cQW_v1RpwcI", Code Igniter Quick Series 1 - Setup
"https://www.youtube.com/watch?v=9pYhdELSFLM", Asus Laptop Best Buy Black Friday 2012
"https://www.youtube.com/watch?v=2n8Df05vURE", Black Friday 2012 Best Buy Midnight
"https://www.youtube.com/watch?v=mtSxs-wT4Q4", PHP: Create Your Own MVC (Part 10)
"https://www.youtube.com/watch?v=XIyZaMB4uLY", Windows 8 - Part 2: Playing With It
"https://www.youtube.com/watch?v=SWP018Z6MTE", Windows 8 - Part 1: Unboxing
"https://www.youtube.com/watch?v=Zn6dx8v8x_w", Install Django on Windows with WAMP
"https://www.youtube.com/watch?v=Jw0NdcfyRcQ", Best PHP ORM
"https://www.youtube.com/watch?v=fLLwPyQNTjw", PHP JREAM Library Overview
"https://www.youtube.com/watch?v=ePIUMeCqUlU", Adobe Illustrator Lines and Flames
"https://www.youtube.com/watch?v=6kCeB8fFbnU", Adobe Illustrator Beginner Tutorial - Revised
"https://www.youtube.com/watch?v=7-_MaymNHMM", PHP: Create Your Own MVC (Part 9)
"https://www.youtube.com/watch?v=1kRlU6q9LME", Zend GData YouTube API
"https://www.youtube.com/watch?v=6reEBParHzQ", PHP Simple Routing System
"https://www.youtube.com/watch?v=_UipYmC8foU", prggmr: PHP Event Driven Framework
"https://www.youtube.com/watch?v=x560t2eOP6U", Twitter Bootstrap Quickstart
"https://www.youtube.com/watch?v=2XZ4c6QoW2I", PHP: Create Your Own MVC (Part 8)
"https://www.youtube.com/watch?v=44IoDD9OOPk", jQuery Re-usable Template Tutorial
"https://www.youtube.com/watch?v=VMCpjIkGCNk", Program with Me :-)
"https://www.youtube.com/watch?v=REH7_7Dwp_4", Illustrator Basic Tutorial - Strawberry
"https://www.youtube.com/watch?v=6qma_lgTI0g", PHP Active Record Tutorial
"https://www.youtube.com/watch?v=Pz3Oj_fYMn8", PHP: Create Your Own MVC (Part 7)
"https://www.youtube.com/watch?v=qgfg6MtegMg", Install PHP 5.4 WAMP
"https://www.youtube.com/watch?v=-PpCwkjsxF4", jQuery AJAX Uploader
"https://www.youtube.com/watch?v=Qf6o3MIcAtA", jQuery Validator Tutorial
"https://www.youtube.com/watch?v=d57Kbt7R9bo", GIT Tutorial
"https://www.youtube.com/watch?v=t3SvDAoODr8", PHP Namespaces Tutorial
"https://www.youtube.com/watch?v=ULVInaTgAVY", Code Igniter DBForge Setup Script | 2
"https://www.youtube.com/watch?v=tONE_bpNxAc", CodeIgniter Quickstart | 1
"https://www.youtube.com/watch?v=6Uyy1YnLpvM", Linux Terminal Tutorial - 4
"https://www.youtube.com/watch?v=M3SflTYEDV0", jQuery Template Tutorial
"https://www.youtube.com/watch?v=DDZad_u9MnM", Adobe Edge Tutorial | HTML5/CSS3/JS
"https://www.youtube.com/watch?v=e-zOZBP6d0Q", Linux Terminal Tutoral - 3
"https://www.youtube.com/watch?v=nTExBXasPYk", Linux Terminal Tutoral - 2
"https://www.youtube.com/watch?v=ZuMo1i5_-WY", Linux Terminal Tutoral - 1
"https://www.youtube.com/watch?v=JmPgJXS7uxA", PHP: Create Your Own MVC (Part 6)
"https://www.youtube.com/watch?v=CNt9HPqDIVc", PHP MySQL Transaction Tutorial
"https://www.youtube.com/watch?v=3mOs0VY_sIw", jQuery Sortable Save with PHP MySQL
"https://www.youtube.com/watch?v=dJ1WXLrzXmQ", Soundcloud API PHP SDK Tutorial
"https://www.youtube.com/watch?v=ycgGIoAibA8", YQL Tutorial & Wrapper
"https://www.youtube.com/watch?v=t_7GA1BZXPs", PHP PayPal IPN Tutorial
"https://www.youtube.com/watch?v=_L9JxYf80Kk", Zend Framework Tutorial: Database (4)
"https://www.youtube.com/watch?v=6NnilORBDys", Quick Photoshop Layer Tip
"https://www.youtube.com/watch?v=b1zdCxV42vI", PHP List Directory
"https://www.youtube.com/watch?v=Za5P28zMOgw", Illustrator: My Little Pony Hair
"https://www.youtube.com/watch?v=JbjS7iujCbI", MySQL Database Normalization
"https://www.youtube.com/watch?v=eD_KAZXfAYc", PHP Session Wrapper (OOP)
"https://www.youtube.com/watch?v=FhMM94sopnw", Expression Engine Tutorial (2.2.2)
"https://www.youtube.com/watch?v=q7KF-Xr6bm8", Raphael JS Quickstart
"https://www.youtube.com/watch?v=4gDLBMs_9ng", PHP: Create Your Own MVC (Part 5)
"https://www.youtube.com/watch?v=ooIB8ZJattw", Python MySQLdb Quickstart
"https://www.youtube.com/watch?v=lpJfFZoWeho", Rackspace Cloud Server Quickstart
"https://www.youtube.com/watch?v=JPFoDnjR8e8", Amazon EC2 Setup Tutorial
"https://www.youtube.com/watch?v=4hh2IXrdT4g", PHP: Create Your Own MVC (Part 4)
"https://www.youtube.com/watch?v=W7JvusW2Odo", PHP cURL Tutorial using REST | 20
"https://www.youtube.com/watch?v=yDtraLlf5rA", Adobe Illustrator CS5 Tutorial 37 | Appearances & Graphic Styles
"https://www.youtube.com/watch?v=mWJXqL4HJIo", Addicting Game - Subspace
"https://www.youtube.com/watch?v=2Eu0Nkpo6vM", PHP: Create Your Own MVC (Part 3)
"https://www.youtube.com/watch?v=YLTXW-_xYo8", Blender 3D Tutorial for Beginner
"https://www.youtube.com/watch?v=uGM0gZNdflw", jQuery Object Binding & 'this' keyword
"https://www.youtube.com/watch?v=Jxq8pGg0hKQ", 3ds Max Tutorial | Quickstart
"https://www.youtube.com/watch?v=XU5Z7ntZThY", Stylish Photoshop CSS Button
"https://www.youtube.com/watch?v=KcGKoVkMMoA", HTML 5 Canvas Quickstart
"https://www.youtube.com/watch?v=bQxvYs9yO7Y", PHP: Create Your Own MVC (Part 2)
"https://www.youtube.com/watch?v=Aw28-krO7ZM", PHP: Create Your Own MVC (Part 1)
"https://www.youtube.com/watch?v=bYTRKfcG6Rg", JQuery UI Tutorial | Progress Bar
"https://www.youtube.com/watch?v=b16V25eNyJY", JQuery UI Tutorial | Dialog
"https://www.youtube.com/watch?v=OY3GZouDCbs", Zend Framework Tutorial: Forms (3)
"https://www.youtube.com/watch?v=vLs-n44E6CQ", Illustrator Chrome Logo Tutorial (36)
"https://www.youtube.com/watch?v=JxnPcSVH-HE", Notepad++
"https://www.youtube.com/watch?v=8383iyKYC1g", Facebook PHP Tutorial | SDK
"https://www.youtube.com/watch?v=9LpPZbscjJk", Wordpress Tutorial - Getting Started
"https://www.youtube.com/watch?v=dh_3j_v8USU", JQuery UI Tutorial | Sliders
"https://www.youtube.com/watch?v=BOwSfKXKpZQ", Zend Framework Tutorial: Quickstart (2)
"https://www.youtube.com/watch?v=m7svJHmgJqs", Zend Framework Installation: WAMP (1)
"https://www.youtube.com/watch?v=8bE0SzG1MDo", JQuery Game Tutorial | Moving a Character | 17
"https://www.youtube.com/watch?v=5X8E7XfYMJ8", PHP Login Script (19)
"https://www.youtube.com/watch?v=FjFx4WgxPDA", jQuery CSS3 Tutorial | 16
"https://www.youtube.com/watch?v=1EljZT20IYc", Editing Speed Tip
"https://www.youtube.com/watch?v=Nztly7_zJU4", Photoshop: Brandon "Too Cool"
"https://www.youtube.com/watch?v=2m51F-tR5mg", Requested: Wolf CMS Site Setup
"https://www.youtube.com/watch?v=MfKdn9VrBJ8", Prototype JS AJAX Get (JSON)
"https://www.youtube.com/watch?v=9wOcj4_cA2w", How Fast Is My PC?
"https://www.youtube.com/watch?v=xMGAivv4IhM", CSS 3 Selectors
"https://www.youtube.com/watch?v=CzJg5zcnYXU", Learn JavaScript - Arrays
"https://www.youtube.com/watch?v=k2Qjc0w9CBM", Learn JavaScript - Functions
"https://www.youtube.com/watch?v=7GNaQlf5nhQ", JavaScript For Loop
"https://www.youtube.com/watch?v=BpPOPVxoMy0", Learn JavaScript - Quick Start!
"https://www.youtube.com/watch?v=b0bC-Ny2RC8", Illustrator Text Tutorial: 3D Inverted (36)
"https://www.youtube.com/watch?v=RatZp7R8Z9U", PHP: OOP / OOD (30) | Simple Factory
"https://www.youtube.com/watch?v=YrRdABH13ik", CSS Layout Application
"https://www.youtube.com/watch?v=9RBiwpWsJQ4", PHP Strategy Pattern OOP | 29
"https://www.youtube.com/watch?v=QkG3n2BII2k", Drupal 7 Tutorial | Roles
"https://www.youtube.com/watch?v=_BC93qHZNDY", Drupal 7 Tutorial | Content Types
"https://www.youtube.com/watch?v=jeL-SjUn2fM", Drupal 7 Tutorial | Blocks
"https://www.youtube.com/watch?v=5MSr3UnRkPI", Drupal 7 Tutorial | Views 2
"https://www.youtube.com/watch?v=3b2YdY8dC7E", Drupal 7 | Modules Tutorial
"https://www.youtube.com/watch?v=UALEJc-pTOA", Drupal 7 Tutorial | Theming Tutorial
"https://www.youtube.com/watch?v=ppZKmMvQryU", (7) Java Input Console
"https://www.youtube.com/watch?v=fCzSTT9SmsE", Java Functions Tutorial | 6
"https://www.youtube.com/watch?v=_RMw4nDTEGs", MySQL Search Tutorial 12 | LIKE
"https://www.youtube.com/watch?v=t-EKBhPb66k", CSS Button Hover
"https://www.youtube.com/watch?v=sIruuiCKFI4", Wolf CMS Run Through
"https://www.youtube.com/watch?v=rGvfqM75trU", PHP OOP Game Framework (Part 3)
"https://www.youtube.com/watch?v=W_hPXarPF-w", Minecraft Create Server
"https://www.youtube.com/watch?v=EtoEaPMuMZs", PHP OOP Game Framework (Part 2)
"https://www.youtube.com/watch?v=YzmTcqAjh-U", PHP OOP Game Framework (Part 1)
"https://www.youtube.com/watch?v=ZDrygdbNlbU", (15) JQuery Arrays
"https://www.youtube.com/watch?v=ltchufMQWrY", Illustrator Tutorial (36) Glossy Shiny Orbs
"https://www.youtube.com/watch?v=xTodw8m7OUY", PHP: OOP / OOD (28) | Necessary Composition
"https://www.youtube.com/watch?v=j5_m7KWFr94", PHP Composition & Coupling OOP | 27
"https://www.youtube.com/watch?v=fiiwzp-rejQ", (5) Java Arrays Tutorial
"https://www.youtube.com/watch?v=GG7AjNXS0OA", (4) Learn Java Programming | Object Methods
"https://www.youtube.com/watch?v=2c7w9EtfdRY", (3) Learn Java | Variables
"https://www.youtube.com/watch?v=QZcX1rQQb5c", (35) 3D Pac Man Illustrator Tutorial
"https://www.youtube.com/watch?v=TfMgUyGRF-w", PHP FILTERS Tutorial (18)
"https://www.youtube.com/watch?v=n864ry2xK3o", (34) Learn Illustrator Draw a Sword
"https://www.youtube.com/watch?v=13LcEHgVofQ", (2) Learn Java Tutorial | Hello World
"https://www.youtube.com/watch?v=CM6GtkTba5w", (1) Learn Java Tutorial | Installation
"https://www.youtube.com/watch?v=p-AfIfHwlNM", Python OOP Construct & Destruct | 20
"https://www.youtube.com/watch?v=hMRL9WORQx4", Learn Python Ternary Operator | 19
"https://www.youtube.com/watch?v=FyXeOX-uYMc", JQuery + PHP + MySQL- AJAX Chat Box
"https://www.youtube.com/watch?v=c6nRoQt3wMc", Tortoise SVN Tutorial
"https://www.youtube.com/watch?v=FraZW3pNAsc", Windows: Rocket Dock Stack Dock
"https://www.youtube.com/watch?v=zxlJSzYxGtA", Website From Scratch
"https://www.youtube.com/watch?v=yjzO0qy7wTk", (12) Learn MySQL Console
"https://www.youtube.com/watch?v=fj4BZhlWxBQ", (11) MySQL Sub Query Tutorial
"https://www.youtube.com/watch?v=vNFU7ioH8eg", (10) MySQL COUNT, MAX, Aggregate
"https://www.youtube.com/watch?v=AvQtAvkkif4", Learn Python (18) Command Shell
"https://www.youtube.com/watch?v=PGl0xT8fcIM", MySQL UNION Tutorial | 9
"https://www.youtube.com/watch?v=S_dml1hY0UM", (8) MySQL ALIAS Tutorial
"https://www.youtube.com/watch?v=exkTSeMteyw", MySQL JOIN Tutorial | 7
"https://www.youtube.com/watch?v=-hUa5fwDrK4", JQuery Validation (14)
"https://www.youtube.com/watch?v=6TZ_X2wrPOQ", (13) JQuery Cost Calculator
"https://www.youtube.com/watch?v=bLz-n62MyIw", MySQL SELECT Tutorial | 6
"https://www.youtube.com/watch?v=F2i3LAYDNOw", (5) MySQL UPDATE Tutorial
"https://www.youtube.com/watch?v=5h2qmPlJq5w", (4) Learn MySQL INSERT
"https://www.youtube.com/watch?v=Ws2tk4Ua3SA", (3) Learn MySQL CREATE and DROP
"https://www.youtube.com/watch?v=gAm6MElx-z8", (2) MySQL Field Types Tutorial
"https://www.youtube.com/watch?v=InKgcW3PjTs", (1) Learn MySQL Quickstart!
"https://www.youtube.com/watch?v=0_4Qh1eokOc", (33) Draw Mario Star Illustrator
"https://www.youtube.com/watch?v=CtzVNCmysFs", Beginner Python Tutorial 17 | Classes & Objects Intro
"https://www.youtube.com/watch?v=z7tgc1-k_Gk", PHP Serialize Tutorial (17)
"https://www.youtube.com/watch?v=bEWoEjLn8ZM", Python Tutorial (16) Global Namespace
"https://www.youtube.com/watch?v=aEQZZYwbQLM", Python Comparison Operators | 14
"https://www.youtube.com/watch?v=M1hUJj31Mro", PHP OOP Tutorial 26 | Getters & Setters
"https://www.youtube.com/watch?v=1gVkayjy0l8", Learn JQuery Tutorial 12 | Fake AJAX
"https://www.youtube.com/watch?v=KGaC6xyCRN0", Learn Python (15) Including Files (Modules)
"https://www.youtube.com/watch?v=oqg6Chk6L7M", .htaccess MOD_REWRITE Tutorial
"https://www.youtube.com/watch?v=bGQe5eJpqnY", Microsoft Expression Screen Capure Tutorial
"https://www.youtube.com/watch?v=hsaaVCB55dQ", .htaccess Tutorial
"https://www.youtube.com/watch?v=9ehYCdD0XIs", Photoshop Red Eye Removal | 16
"https://www.youtube.com/watch?v=gVYprZJ17k4", How to Install PHP in Windows 7
"https://www.youtube.com/watch?v=qWY9_GZm4f4", Python Tuples & Dictionaries Tutorial
"https://www.youtube.com/watch?v=NnvOY8y_Lr0", Which PHP Framework or CMS do I use?
"https://www.youtube.com/watch?v=NIGVabv62p4", Illustrator (32) How to Draw Batman Logo
"https://www.youtube.com/watch?v=EAUgZ1yH--c", Photoshop Content Aware Scale | 15
"https://www.youtube.com/watch?v=YmtWAxqkWQw", Photoshop Content Aware Fill | 14
"https://www.youtube.com/watch?v=9r8R4iYGAIU", (13) How to use Puppet Warp in CS5
"https://www.youtube.com/watch?v=Z_NXYyforu0", Adobe Illustrator CS5 Tutorial 31 | Graphs & Charts
"https://www.youtube.com/watch?v=WoC6lpUKAQk", Illustrator Tutorial (30) Christmas Tree
"https://www.youtube.com/watch?v=phNWDD-Cp8A", Adobe Illustrator CS5 Tutorial 29 | Candy Cane
"https://www.youtube.com/watch?v=5l-FnMKNc0E", Python Tutorial (13) Tic Tac Toe Game (Part 2)
"https://www.youtube.com/watch?v=mMO-spo20jU", Python Tutorial (13) Tic Tac Toe Game (Part 1)
"https://www.youtube.com/watch?v=v0_eHKRaQbg", Python Function Arguments | 12
"https://www.youtube.com/watch?v=rk9wMHHC_Zo", Python Loops & Break, Continue, Pass
"https://www.youtube.com/watch?v=YOQKoNA1quA", Python Get User Input | 10
"https://www.youtube.com/watch?v=VQRsEfkS-JA", Learn Python (9) Loops
"https://www.youtube.com/watch?v=xwd-CHLBNaY", Learn Python (8) String Methods
"https://www.youtube.com/watch?v=VVeL5cRyd9E", Learn Python (7) Flow Control: If, Elif, Else
"https://www.youtube.com/watch?v=p-Q0zBm0zAY", Python List Tutorial | 6
"https://www.youtube.com/watch?v=dl9rkdTS2Ls", Learn Python (5) Strings & Slices
"https://www.youtube.com/watch?v=BJXbHis2eHA", Python Custom Function Tutorial | 4
"https://www.youtube.com/watch?v=E2D3S9U4xxE", Python Tutorial (3) Functions and Help
"https://www.youtube.com/watch?v=zqD4S05GvsM", Python Tutorial (2) Variables
"https://www.youtube.com/watch?v=xZFIamfFdt0", Install Python Tutorial | 1
"https://www.youtube.com/watch?v=6XriAZXzHDg", Photoshop Actions Tutorial | 12
"https://www.youtube.com/watch?v=t8iYkFa3O9A", PHP Exceptions Tutorial OOP | 25
"https://www.youtube.com/watch?v=6J2zyuElFBI", (11) Photoshop | Patterns
"https://www.youtube.com/watch?v=Yh-h8-wBILY", Adobe Illustrator CS5 Tutorial 27 | American Flag
"https://www.youtube.com/watch?v=PVnza1_BlPo", (10) Photoshop Selection Tutorial
"https://www.youtube.com/watch?v=q1C5DJb5nEI", (9) Photoshop | Brush & Brushes Tools
"https://www.youtube.com/watch?v=vcHfG5oE1V4", (8) Photoshop | Image Effect & Layer Styles
"https://www.youtube.com/watch?v=g9VISzaZJGk", (7) Photoshop | Image Touch Up
"https://www.youtube.com/watch?v=VwSmqIZ8vRs", Best Chrome Extensions
"https://www.youtube.com/watch?v=9DcmK4G24t8", Learn Illustrator (27) Rainbow
"https://www.youtube.com/watch?v=Kj5E-pCW7bQ", Adobe Illustrator Graphic Styles Tutorial | 25
"https://www.youtube.com/watch?v=p_NHXuSIOV8", Draw Hello Kitty | Illustrator
"https://www.youtube.com/watch?v=Gm37RoFENr0", Adobe Illustrator CS5 Tutorial 25 | Microsoft Logo
"https://www.youtube.com/watch?v=V0s1vZzBscA", Illustrator Tutorial (24) Lightning Bolt
"https://www.youtube.com/watch?v=tLNeMODvOYA", Adobe Illustrator CS5 Tutorial 23 | Tracing Image (Manually)
"https://www.youtube.com/watch?v=Vvt5zj1ouI4", Illustrator | Bicycle Tire Tutorial (22)
"https://www.youtube.com/watch?v=SNSS2F0T0zA", Illustrator Tutorial (21) Diagram & Flowchart
"https://www.youtube.com/watch?v=eaO4ZQa3y9w", Adobe Illustrator CS5 Tutorial 20 | Cake
"https://www.youtube.com/watch?v=088OJtOgtDU", Adobe Illustrator CS5 Tutorial 19 | Cartoon Book
"https://www.youtube.com/watch?v=mAS5na9kCes", Illustrator Tutorial (28) Neck Tie
"https://www.youtube.com/watch?v=1Tso-E9LFr0", Unboxing Adobe Creative Suite 5 (CS5)
"https://www.youtube.com/watch?v=UrD7xfm5D1A", (6) Photoshop Ribbon Tutorial
"https://www.youtube.com/watch?v=WgUsplpjkFk", (5) Photoshop | Website Layout Intro
"https://www.youtube.com/watch?v=SVivJX_OWkI", PHP SPL Tutorial OOP | 24
"https://www.youtube.com/watch?v=hhR0wgUe0Ak", (4) Photoshop Tutorial | Draw a Pig
"https://www.youtube.com/watch?v=51In0kfHYAw", Photoshop Save For Web | 3
"https://www.youtube.com/watch?v=grLNbDgYHeI", (2) Photoshop Hotkeys & Layers
"https://www.youtube.com/watch?v=sUd49gRDmkI", (1) Photoshop Tutorial Quickstart!
"https://www.youtube.com/watch?v=Nke7SmhDh-M", PHP OOP Tutorial 23 | SimpleXML
"https://www.youtube.com/watch?v=dF8hoPj-1bc", PHP OOP Tutorial 22 | PDO Examples
"https://www.youtube.com/watch?v=2EYzb3kjIDk", PHP OOP Tutorial 21 | MVC Pattern
"https://www.youtube.com/watch?v=WN0p2_f8MMo", PHP OOP Tutorial 20 | Facade Pattern
"https://www.youtube.com/watch?v=DIT199_quic", PHP OOP Tutorial 19 | Decorator Pattern
"https://www.youtube.com/watch?v=oGeecEUK6cw", PHP Type Hinting Tutorial OOP | 18
"https://www.youtube.com/watch?v=d72eLNoWjcw", PHP OOP Chain Methods | 17
"https://www.youtube.com/watch?v=6LMVOTfp2SI", Learn JQuery Tutorial 11 | JSON
"https://www.youtube.com/watch?v=P2PgQwYUTQM", Learn JQuery Tutorial 10 | AJAX POST
"https://www.youtube.com/watch?v=zJvrAkLPJi8", Learn JQuery Tutorial 9 | AJAX Load
"https://www.youtube.com/watch?v=esV72u3hnmU", jQuery Custom Functions | 8
"https://www.youtube.com/watch?v=Y8DkqJcTjzs", jQuery Effects Tutorial | 7
"https://www.youtube.com/watch?v=70MvTvvmd-M", JQuery Traversing Tutorial (6)
"https://www.youtube.com/watch?v=1Aow0Dbx9Gw", PHP OOP Tutorial 16 | More Netbeans IDE Features
"https://www.youtube.com/watch?v=h676EJBQle8", PHP OOP Tutorial 15 | Code Efficiently, Use an IDE
"https://www.youtube.com/watch?v=GjnqGJE8LI4", Adobe Illustrator CS5 Tutorial 17 | Draw Inside Feature
"https://www.youtube.com/watch?v=ZXJ1Qo-uFhE", Illustrator Tutorial (16) Shape Builder
"https://www.youtube.com/watch?v=IswgCYfaI9o", Illustrator Tutorial (15) Clipping Masks
"https://www.youtube.com/watch?v=Ag4EzIKJegM", Adobe Illustrator CS5 Tutorial 14 | Blend Tool
"https://www.youtube.com/watch?v=1h3nvf1vJyg", Adobe Illustrator CS5 Tutorial 13 | Tails from Sonic (Part 2)
"https://www.youtube.com/watch?v=hUBKBLo3tNg", Adobe Illustrator CS5 Tutorial 12 | Tails from Sonic (Part 1)
"https://www.youtube.com/watch?v=tCvalrmGj54", Adobe Illustrator CS5 Tutorial 11 | Sonic the Hedgehog
"https://www.youtube.com/watch?v=Zuj5JFNywZQ", Adobe Illustrator CS5 Tutorial 10 | Israeli Star
"https://www.youtube.com/watch?v=y1DY1uBrSZA", Adobe Illustrator CS5 Tutorial 9 | Text Logos
"https://www.youtube.com/watch?v=M17vZ-DmoGk", Adobe Illustrator CS5 Tutorial 8 | Anime Eyes
"https://www.youtube.com/watch?v=v31sy8jrDv8", Adobe Illustrator CS5 Tutorial 7 | Make a Leaf
"https://www.youtube.com/watch?v=32hoFjbUnSU", Adobe Illustrator CS5 Tutorial 6 | Make a Package Box
"https://www.youtube.com/watch?v=ZB2EZQo-GFw", Adobe Illustrator CS5 Tutorial 5 | Perspective Grid
"https://www.youtube.com/watch?v=DCPCm6StROI", Adobe Illustrator CS5 Tutorial 4 | Gradients
"https://www.youtube.com/watch?v=LWViZpzFIK8", Adobe Illustrator CS5 Tutorial 3 | Pen Tool
"https://www.youtube.com/watch?v=gpd9WtlnXZk", Adobe Illustrator CS5 Tutorial 2 | Shapes
"https://www.youtube.com/watch?v=8VEQHcJTolo", Adobe Illustrator CS5 Tutorial 1 | Quickstart!
"https://www.youtube.com/watch?v=fdpnT2iPYS0", PHP Caching / Cache Tutorial (16)
"https://www.youtube.com/watch?v=QJQDtFkH134", JQuery Attributes Tutorial | 5
"https://www.youtube.com/watch?v=Rmf2HdQn5X8", Learn JQuery Tutorial 4 | Selectors
"https://www.youtube.com/watch?v=NpsIfNaeijA", Learn JQuery Tutorial 3 | Functions
"https://www.youtube.com/watch?v=plYb406aahs", jQuery Syntax Tutorial | 2
"https://www.youtube.com/watch?v=uD_xgyea-2c", jQuery Setup Tutorial | 1
"https://www.youtube.com/watch?v=wz-55lsYPV4", PHP Code Conventions Tutorial | 14
"https://www.youtube.com/watch?v=ijX27SZMJXc", PHP Polymorphism OOP Tutorial | 13
"https://www.youtube.com/watch?v=G76MaXFdNoY", PHP Encapsulation Tutorial OOP | 12
"https://www.youtube.com/watch?v=J60CY1-xG9E", PHP Magic Methods Tutorial OOP | 11 (Part 2)
"https://www.youtube.com/watch?v=uoUCdaWaAhg", PHP Magic Methods Tutorial | 10 (Part 1)
"https://www.youtube.com/watch?v=72J9KlIzzEA", PHP Static Class Tutorial OOP | 9
"https://www.youtube.com/watch?v=MGg59WZb4U8", PHP OOP Tutorial 8 | Interfaces
"https://www.youtube.com/watch?v=0JofcwOSUfk", CSS Liquid Layout Tutorial | 10
"https://www.youtube.com/watch?v=kLNjtUTjPQs", CSS Fixed Layout Tutorial | 10
"https://www.youtube.com/watch?v=j78dG0eH8q0", PHP Abstract Classes Tutorial OOP | 7
"https://www.youtube.com/watch?v=cy5k01M7ndU", PHP Speed Tips
"https://www.youtube.com/watch?v=ZyqVgObckto", PHP OOP Inheritence and __construct() | 6
"https://www.youtube.com/watch?v=_JQE1BtYRSY", PHP Method Scope Tutorial OOP | 5
"https://www.youtube.com/watch?v=1z4SYOWbFXg", PHP File Logger Tutorial OOP | 4
"https://www.youtube.com/watch?v=FjEjUKla8SE", CSS Absolute and Relative Positioning Tutorial | 9
"https://www.youtube.com/watch?v=L2KGslzXBE4", CSS Float Tutorial | 8
"https://www.youtube.com/watch?v=3gZppuplJQ0", PHP OOP Tutorial 3 | Scope & Calculator
"https://www.youtube.com/watch?v=R_HSmNiKkII", PHP OOP Tutorial 2 | Properties and $this
"https://www.youtube.com/watch?v=hyXKjAssUGE", PHP Beginner OOP Tutorial | 1
"https://www.youtube.com/watch?v=EljqgJCtwOU", CSS Box Model Tutorial | 7
"https://www.youtube.com/watch?v=_oTj_3o1ceE", Amazon S3 and CloudFront Tutorial
"https://www.youtube.com/watch?v=_N0ClhWAqNI", CSS Font Tutorial & Stacks | 6
"https://www.youtube.com/watch?v=N3cuGcJNwxw", CSS Backgrounds and Links Tutorial | 5
"https://www.youtube.com/watch?v=ASCeDDQPZLI", Learn CSS Hierarchy and Grouping Tutorial | 4
"https://www.youtube.com/watch?v=zcUp5LYyI7c", CSS ID's and Classes Tutorial | 2
"https://www.youtube.com/watch?v=Nmsh1FfrVrk", CSS External Stylesheet & Organization | 3
"https://www.youtube.com/watch?v=WEudUaBCaWk", Learn CSS Tutorial 1 | Fundamentals
"https://www.youtube.com/watch?v=DY6kTXwRBZI", Yahoo Media Player in PHP and JS | 12
"https://www.youtube.com/watch?v=1elGQWbq1fg", PHP String Manipulation | 11
"https://www.youtube.com/watch?v=-rFVpTSe64E", PHP Switch & Ternary | 12
"https://www.youtube.com/watch?v=_QiJTm1bzDk", PHP Reusable Site | 9
"https://www.youtube.com/watch?v=QFuk_2d1guo", PHP File Handling Tutorial | 8
"https://www.youtube.com/watch?v=3GUmbMd8afE", PHP Array Tutorial | 7
"https://www.youtube.com/watch?v=TOMLpOSlkto", PHP SESSION & Security Tutorial
"https://www.youtube.com/watch?v=CEl3bhCBjtI", PHP POST, GET, REQUEST Tutorial | 5
"https://www.youtube.com/watch?v=SijMNC0Lja8", PHP If Statement & Operators | 4
"https://www.youtube.com/watch?v=MtYQe9ppzRA", PHP Loops: For, While, Foreach | 3
"https://www.youtube.com/watch?v=LhSvM_V5NlM", PHP Tutorial (1) Strings, Variables, Echo, Arrays
"https://www.youtube.com/watch?v=8fuMJ3b9zo8", Learn PHP (2) Functions & Includes
"https://www.youtube.com/watch?v=-EF5TFs46No", PHP Registry Pattern
"https://www.youtube.com/watch?v=5xLfvY8upsQ", PHP Smarty Template Engine Tutorial
"https://www.youtube.com/watch?v=5XpBzLVHkPY", PHP Simple Login Script (Procedural)
"https://www.youtube.com/watch?v=NKqMA5o8cNI", PHP RSS Feed with DOM Document
"https://www.youtube.com/watch?v=-uLbG7nJCJw", PHP Singleton Pattern
"https://www.youtube.com/watch?v=9q-OuMrWCX4", PHP Database Object with INI Parsing
"https://www.youtube.com/watch?v=pr5txyNP4rA", PHP OOP - Inheritance Class Example
"https://www.youtube.com/watch?v=6zeTKqy0Yz8", PHP OOP - Validator Class Example
