"https://www.youtube.com/watch?v=qRFEJ1ch1qU", LessonFirst
"https://www.youtube.com/watch?v=thyhecCNB1w", PHP создание сайта с нуля: Работа с библиотеками, урок 16!
"https://www.youtube.com/watch?v=uLIa7NRFIcU", PHP создание сайта с нуля: поддержка множества сайтов, урок 15!
"https://www.youtube.com/watch?v=8XMvxJN7-JY", PHP создание сайта с нуля: Работа с ошибками, урок 14!
"https://www.youtube.com/watch?v=NOykpm5_HUA", PHP создание сайта с нуля: Входные данные, урок 13!
"https://www.youtube.com/watch?v=uaSugTD008s", PHP создание сайта с нуля: SQL инъекция, урок 12!
"https://www.youtube.com/watch?v=WGQJg2m2QAQ", PHP создание сайта с нуля: Реализация для различных СУБД, урок 11!
"https://www.youtube.com/watch?v=WKbAAaATms4", PHP создание сайта с нуля: ActiveRecord (Продолжение), урок 10!
"https://www.youtube.com/watch?v=ln1jPBxb00Y", PHP создание сайта с нуля: Дополнение ActiveRecord, урок 9!
"https://www.youtube.com/watch?v=5GkIJaxoAaA", PHP создание сайта с нуля: Создание ActiveRecord, урок 8!
"https://www.youtube.com/watch?v=2_CRJaYRS84", Java для начинающих: Итераторы коллекций, Урок 71!
"https://www.youtube.com/watch?v=XmX1dd7UYxU", Java для начинающих: Множества Set(HashSet, LinkedHashSet, TreeSet), Урок 70!
"https://www.youtube.com/watch?v=SiVafzPSoUY", PHP создание сайта с нуля: Подключение к БД с использованием PDO , урок 7!
"https://www.youtube.com/watch?v=na97YfiQqDc", PHP создание сайта с нуля: Подключение из контроллера, урок 6!
"https://www.youtube.com/watch?v=5HlLtL3ef8w", PHP создание сайта с нуля: Отображение (view), урок 5!
"https://www.youtube.com/watch?v=7v9BKQBthyY", PHP создание сайта с нуля: Загрузка контроллера по роутингу, урок 4!
"https://www.youtube.com/watch?v=jSm3EVkyCIU", PHP создание сайта с нуля: Реализация роутинга, урок 3!
"https://www.youtube.com/watch?v=EBreiUjQAkM", PHP создание сайта с нуля: Создание загрузчика подключений, урок 2!
"https://www.youtube.com/watch?v=apcNN-dSuPk", PHP создание сайта с нуля: Конфиги и структура каталогов, урок 1!
"https://www.youtube.com/watch?v=K589ycHCqgw", SQL для начинающих: Оператор IF (MySql), Урок 27!
"https://www.youtube.com/watch?v=eIpWa114e4o", SQL для начинающих (DML): Ключевое слово EXISTS / NOT EXISTS (MySql), Урок 26!
"https://www.youtube.com/watch?v=VU8Fs4Jl60Q", SQL для начинающих: Добавление и удаление индексов, Урок 25!
"https://www.youtube.com/watch?v=E9VZuC5MH0Y", SQL для начинающих: Добавление и удаление индексов, Урок 24!
"https://www.youtube.com/watch?v=2B2lDGg3a9w", SQL для начинающих: Общие запросы, Урок 23!
"https://www.youtube.com/watch?v=rRF7wx-wUrc", SQL для начинающих (DML): Объеденение таблиц в запросе, Урок 22!
"https://www.youtube.com/watch?v=a1bA2DCydZg", SQL для начинающих (DML): Запрос Update, Урок 21!
"https://www.youtube.com/watch?v=qLSAYXjcXTs", SQL для начинающих (DML): Запрос TRUNCATE, Урок 20!
"https://www.youtube.com/watch?v=hKEgC_yHA6Y", SQL для начинающих (DML): Запрос DELETE, Урок 19!
"https://www.youtube.com/watch?v=SgRTg1PPZlo", SQL для начинающих (DML): SELECT DISTINCT / ALL, Урок 18!
"https://www.youtube.com/watch?v=x6Qm8i6wf10", SQL для начинающих (DML): Объединение запросов UNION, Урок 17!
"https://www.youtube.com/watch?v=jiC4t5fshes", SQL для начинающих (DML): Объединение таблиц CROSS JOIN / FULL JOIN, Урок 16!
"https://www.youtube.com/watch?v=5wbo31BDhkE", SQL для начинающих (DML): Объединение таблиц RIGHT JOIN / RIGHT OUTER JOIN (MySql), Урок 15!
"https://www.youtube.com/watch?v=DPP_FTQCQsg", SQL для начинающих (DML): Объединение таблиц LEFT JOIN / LEFT OUTER JOIN (MySql), Урок 14!
"https://www.youtube.com/watch?v=KBaSc2M7lyA", SQL для начинающих (DML): Объединение таблиц INNER JOIN / JOIN (MySql), Урок 13!
"https://www.youtube.com/watch?v=XeXkBXr-Zw8", SQL для начинающих (DML): Внутрение запросы (продолжение) (MySql), Урок 12!
"https://www.youtube.com/watch?v=6NBVYfmhQhw", SQL для начинающих (DML): Внутренние запросы (MySql), Урок 11!
"https://www.youtube.com/watch?v=09gpANJEXFQ", SQL для начинающих (DML): Фильтр группировки HAVING (MySql), Урок 10!
"https://www.youtube.com/watch?v=ZgS6dPamOKQ", SQL для начинающих (DML): группировка GROYP BY (MySql), Урок 9!
"https://www.youtube.com/watch?v=F09tIkngk-E", SQL для начинающих (DML): Агрегатные функции (MySql), Урок 8!
"https://www.youtube.com/watch?v=meF5RksYei4", SQL для начинающих (DML): конструкции LIMIT, ORDER BY (MySql), Урок 7!
"https://www.youtube.com/watch?v=KqvcnNYeACg", SQL для начинающих (DML): конструкция lIKE / NOT LIKE (MySql), Урок 6!
"https://www.youtube.com/watch?v=2VmbKDUWfeY", SQL для начинающих (DML): Конструкции IN / NOT IN (MySql), Урок 5!
"https://www.youtube.com/watch?v=t-jId7EKxrs", SQL для начинающих (DML): Выборка из таблицы (MySql), Урок 4!
"https://www.youtube.com/watch?v=PhvHEmSbyPY", SQL для начинающих (DML): Вставка данных в таблицу (MySql), Урок 3!
"https://www.youtube.com/watch?v=fn0LjWYJuOs", SQL для начинающих (DDL): Изменение структуры таблиц (MySql), Урок 2!
"https://www.youtube.com/watch?v=1SXV0Qy-MOI", SQL для начинающих (DDL): Базы данных и таблицы (MySql), Урок 1!
"https://www.youtube.com/watch?v=WPXCaTBJZHU", Javascript для начинающих: Оператор условия if, Урок 10!
"https://www.youtube.com/watch?v=Duk_Zz0UnpU", Javascript для начинающих: Составные логические операции, Урок 9!
"https://www.youtube.com/watch?v=-pNcI1UYXUU", Javascript для начинающих: Логические операции, Урок 8!
"https://www.youtube.com/watch?v=F1ZafjcC1aY", Javascript для начинающих: Операции с присваиванием, Урок 7!
"https://www.youtube.com/watch?v=_0PkAsNGjDQ", Javascript для начинающих: Поразрядные логические операции сдвига, Урок 6!
"https://www.youtube.com/watch?v=nTRhDzi-lCs", Javascript для начинающих: Поразрядные логические операции (И ИЛИ НЕ), Урок 5!
"https://www.youtube.com/watch?v=RTJ2yfozqeg", Javascript для начинающих: Операция инкремента и декремента, Урок 4!
"https://www.youtube.com/watch?v=3GM3hQEkWVs", Javascript для начинающих: Комментарии, Урок 3!
"https://www.youtube.com/watch?v=Xfj7KfcVhdA", Javascript для начинающих: Переменные, Урок 2!
"https://www.youtube.com/watch?v=0PvwVUI8UAs", Javascript для начинающих: Введение, Урок 1!
"https://www.youtube.com/watch?v=_lWnOKjvS3c", Java для начинающих: Карта Map(HashMap, LinkedHashMap, TreeMap), Урок 69!
"https://www.youtube.com/watch?v=Cgtkl74PoJ0", CSS для начинающих: Псевдоклассы (after, before), урок 18!
"https://www.youtube.com/watch?v=dqO9GYUyvDE", CSS для начинающих: Формы, урок 17!
"https://www.youtube.com/watch?v=VcU19xRPd3U", CSS для начинающих: Селекторы атрибутов, урок 16!
"https://www.youtube.com/watch?v=92touBV40tY", Java для начинающих: Список List(ArrayList, LinkedList), Урок 68!
"https://www.youtube.com/watch?v=-VTbY6Gw6FM", Java для начинающих: Коллекции введение, Урок 67!
"https://www.youtube.com/watch?v=XOuCRUnguLM", Java для начинающих: Аннотации для аннотаций, Урок 66!
"https://www.youtube.com/watch?v=kWSwI5Iyzlk", Java для начинающих: Аннотация, Урок 65!
"https://www.youtube.com/watch?v=WRyL0vnTE3I", Java для начинающих: Конструкторы Enum, Урок 64!
"https://www.youtube.com/watch?v=TNBO-1lisF4", JavaServer pages: Минимальная архитектура проекта, урок 15!
"https://www.youtube.com/watch?v=t3U3G0e8Wco", JavaServer pages: Upload file, урок 14!
"https://www.youtube.com/watch?v=4vnLIkEDh2M", JavaServer pages: Download file, урок 13!
"https://www.youtube.com/watch?v=FKUjy_oJwac", JavaServer pages: Авторизация, урок 12!
"https://www.youtube.com/watch?v=nG7th0mz7f0", JavaServer pages: Фильтры (Filter), урок 11!
"https://www.youtube.com/watch?v=G0YMAOH-c7I", JavaServer pages: Session, урок 10!
"https://www.youtube.com/watch?v=ftQ6J_zea68", JavaServer pages: Cookie, урок 9!
"https://www.youtube.com/watch?v=p06jp_oIUNg", JavaServer pages: Передача данных методами GET и POST, урок 8!
"https://www.youtube.com/watch?v=Mde5qZ3jqBM", JavaServer pages: Передача данных из сервлета на jsp, урок 7!
"https://www.youtube.com/watch?v=YyJ3kj7JeeA", JavaServer pages: Неявные объекты, урок 6!
"https://www.youtube.com/watch?v=ILpRt4ttGEw", JavaServer pages: Директивы, урок 5!
"https://www.youtube.com/watch?v=fLaVAyG-kHI", JavaServer pages: Скриплеты, урок 4!
"https://www.youtube.com/watch?v=HFGvRwvb63A", JavaServer pages: Инициализация сервлетов, урок 3!
"https://www.youtube.com/watch?v=LrEDPewMSjw", JavaServer pages: Сервлеты, урок 2!
"https://www.youtube.com/watch?v=6yy5YOPgAqQ", JavaServer pages: Введение в jsp, урок 1!
"https://www.youtube.com/watch?v=sDG83U3w7A8", Математика: Многочлены и одночлены, урок 1!
"https://www.youtube.com/watch?v=15AISUdqM4M", Мы вконтакте
"https://www.youtube.com/watch?v=yXCJWH-Ioks", Java для начинающих: Собственные методы в enum, Урок 63!
"https://www.youtube.com/watch?v=ha2jsA5XGD8", Java для начинающих: Методы enum, Урок 62!
"https://www.youtube.com/watch?v=dqZsKd0BGdQ", Java для начинающих: Перечисления (enum), Урок 61!
"https://www.youtube.com/watch?v=O2W2PwZWvUs", Java для начинающих: Generics, Урок 60!
"https://www.youtube.com/watch?v=aONBCe4_QCk", Java для начинающих: Композиция и агрегация, Урок 59!
"https://www.youtube.com/watch?v=xAPvq4m4P7w", Java для начинающих: Освобождение ресурсов (try-with-resources), Урок 58!
"https://www.youtube.com/watch?v=i9i-t_X8qbc", Java для начинающих: Работа с исключительными ситуациями, Урок 57!
"https://www.youtube.com/watch?v=uriBYga5p2w", Java для начинающих: Создание собственных классов исключений, Урок 56!
"https://www.youtube.com/watch?v=J8Hfty9po7A", Java для начинающих: Ключевое слово throw / throws, Урок 55!
"https://www.youtube.com/watch?v=CJjqj0R4PW4", Java для начинающих: Вложенные try/catch/finally блоки, Урок 54!
"https://www.youtube.com/watch?v=0e_jBKepHWI", Java для начинающих: Блок finally, исключительные ситуации, Урок 53!
"https://www.youtube.com/watch?v=AagmqPcKiWs", Java для начинающих: Обработка исключительных ситуаций, Урок 52!
"https://www.youtube.com/watch?v=m6pWKJHtT9w", Java для начинающих: Введение в исключительные ситуации, Урок 51!
"https://www.youtube.com/watch?v=QveTZyCevEU", Java для начинающих: Статический внутренний класс внутри интерфейса, Урок 50!
"https://www.youtube.com/watch?v=8u74pljHYaY", Java для начинающих: Статический внутренний класс, Урок 49!
"https://www.youtube.com/watch?v=j4r_KuliT_0", Java для начинающих: Безымянный-локальный внутренний класс, Урок 48!
"https://www.youtube.com/watch?v=AO5oqhT0VPQ", Java для начинающих: Локальный внутренний класс, Урок 47!
"https://www.youtube.com/watch?v=lVYmFSHgayQ", Java для начинающих: Внутренний класс, Урок 46!
"https://www.youtube.com/watch?v=S4ahcgKxEe8", Java для начинающих: Полиморфизм, Урок 45!
"https://www.youtube.com/watch?v=iidw3GzmqG8", Java для начинающих: Ключевое слово super, Урок 44!
"https://www.youtube.com/watch?v=0DN3J3L1cuU", Java для начинающих: Абстрактные классы, Урок 43!
"https://www.youtube.com/watch?v=XmDoE8ivJCg", Java для начинающих: Интерфейсы, Урок 42!
"https://www.youtube.com/watch?v=wzorJazChlg", Java для начинающих: Инкапсуляция, Урок 41!
"https://www.youtube.com/watch?v=PMI_wgoiA0Q", Java web приложение: урок 13!
"https://www.youtube.com/watch?v=zrOCQfteBd4", Java web приложение: урок 12!
"https://www.youtube.com/watch?v=5CxweqF6v14", Java web приложение: урок 11!
"https://www.youtube.com/watch?v=8IpdvRk2t8s", java dao pattern (data access object)
"https://www.youtube.com/watch?v=CbwbD4Yzf-0", Java web приложение: урок 10!
"https://www.youtube.com/watch?v=zG99tRary2w", Java web приложение: урок 9!
"https://www.youtube.com/watch?v=k0_u-yq1v-M", Java web приложение: урок 8!
"https://www.youtube.com/watch?v=Z95cAfmnq2c", Java для начинающих: Порядок инициализации при создании объекта, Урок 40!
"https://www.youtube.com/watch?v=X7eJ4iaTbvc", Java для начинающих: Блоки инициализации, Урок 39!
"https://www.youtube.com/watch?v=PEkAZgxpFn8", Java для начинающих: Массив объектов, Урок 38!
"https://www.youtube.com/watch?v=aqyotKm8Z9E", Java для начинающих: Класс Object, Урок 37!
"https://www.youtube.com/watch?v=Vov7fHNNvjE", Java для начинающих: Модификатор final, Урок 36!
"https://www.youtube.com/watch?v=_WoOAZTQ0UE", Java для начинающих: Виртуальные методы, таблица виртуальных методов, Урок 35!
"https://www.youtube.com/watch?v=fBFBkrmSzlw", Java для начинающих: Рекурсивные методы, Урок 34!
"https://www.youtube.com/watch?v=GgbKXOiJMxw", Java для начинающих: Статические поля и методы, Урок 33!
"https://www.youtube.com/watch?v=IhUrmChJ5Qk", Java для начинающих: Класс String, Урок 32!
"https://www.youtube.com/watch?v=eXJJIrq1rxk", Java для начинающих: Преобразование типов, Урок 31!
"https://www.youtube.com/watch?v=F9kH4fhxcoc", Java для начинающих: Простое наследование, Урок 30!
"https://www.youtube.com/watch?v=179BlvYPARw", Java для начинающих: Несколько примеров, Урок 29!
"https://www.youtube.com/watch?v=Q7BcPoXTfBU", Java для начинающих: Конструкторы, Урок 28!
"https://www.youtube.com/watch?v=_WuYtBYbuW4", Java для начинающих: Ключевое слово this, Урок 27!
"https://www.youtube.com/watch?v=XU0jCDxjoxY", CSS для начинающих: Фон (background), урок 15!
"https://www.youtube.com/watch?v=PSSbgm7NpKQ", CSS для начинающих: Разбор шаблона, урок 14!
"https://www.youtube.com/watch?v=jBIyb19Awfk", CSS для начинающих: Шрифты, урок 13!
"https://www.youtube.com/watch?v=QDJoIFnGH9s", CSS для начинающих: Работа с изображениями, урок 12!
"https://www.youtube.com/watch?v=oHRMg21BGA8", CSS для начинающих: Пример кнопки, урок 11!
"https://www.youtube.com/watch?v=yPVErBpzTlI", CSS для начинающих: Футер, урок 10!
"https://www.youtube.com/watch?v=PxoFY4rBUeQ", CSS для начинающих: Обтекание блочных элементов, урок 9!
"https://www.youtube.com/watch?v=WqcM7kWZM6s", CSS для начинающих: Позиционирование, урок 8!
"https://www.youtube.com/watch?v=mYfPpzsFkZg", HTML для начинающих: фреймы (frames), Урок 15!
"https://www.youtube.com/watch?v=NPs4ggSqMZs", Java maven: Плагины и репозитории, урок 5!
"https://www.youtube.com/watch?v=puIblOhXKNk", Java maven: Сборка проекта, выполнение тестов и т.д., урок 4!
"https://www.youtube.com/watch?v=AAhHqFUIaos", Java maven: Зависимости (dependencies), урок 3!
"https://www.youtube.com/watch?v=54zYBeezwJo", Java maven: Создание проекта в eclipse, урок 2!
"https://www.youtube.com/watch?v=xpP43y__8uU", Java maven: Введение, урок 1!
"https://www.youtube.com/watch?v=xICh6buGMb0", Java web приложение: урок 7!
"https://www.youtube.com/watch?v=3e3vUUoen0o", Java web приложение: урок 6!
"https://www.youtube.com/watch?v=Oe8o3y1f5pE", Java web приложение: урок 5!
"https://www.youtube.com/watch?v=ytyoVF4CXDE", Java web приложение: урок 4!
"https://www.youtube.com/watch?v=NkKGYLXkIXA", Java web приложение: урок 3!
"https://www.youtube.com/watch?v=YLPmRjhkPH0", Java web приложение: урок 2!
"https://www.youtube.com/watch?v=fTda8m2w8sw", Java web приложение: урок 1!
"https://www.youtube.com/watch?v=qpSmCgJzC5c", CSS для начинающих: Отсупы (margin, padding), урок 7!
"https://www.youtube.com/watch?v=GIpyl4BnYQs", CSS для начинающих: Селекторы, урок 6!
"https://www.youtube.com/watch?v=W7ytbZ8zjcs", CSS для начинающих: Шрифты, урок 5!
"https://www.youtube.com/watch?v=rrPDuKfxtDw", Java для начинающих: Перегрузка методов, Урок 26!
"https://www.youtube.com/watch?v=BFlxMsFKUKI", Java для начинающих: Методы класса, Урок 25!
"https://www.youtube.com/watch?v=8jFjT9-nkZo", CSS для начинающих: Селекторы, урок 4!
"https://www.youtube.com/watch?v=gwSNt0fo5lc", HTML для начинающих: блочный тег div и строчный тег span, Урок 14!
"https://www.youtube.com/watch?v=YFReGZAcUHc", HTML для начинающих: формы(textarea, select), Урок 13!
"https://www.youtube.com/watch?v=pKmZkpJLH5c", HTML для начинающих: формы(input), Урок 12!
"https://www.youtube.com/watch?v=3hgEaQZArrk", CSS для начинающих: Блочные и строчные элементы, урок 3!
"https://www.youtube.com/watch?v=5qaF98Ho4Tk", CSS для начинающих: Атрибуты тегов (id, class), урок 2!
"https://www.youtube.com/watch?v=le-ERDIlZa4", CSS для начинающих: Введение, урок 1!
"https://www.youtube.com/watch?v=ix9FoNUW0-w", Java для начинающих: Сравнение ссылок на объекты, Урок 24!
"https://www.youtube.com/watch?v=Q-OBcMzU2uk", Java для начинающих: Понятие класса и объекта, Урок 23!
"https://www.youtube.com/watch?v=eixQLoDlmJQ", Java для начинающих: Поразрядный сдвиг вправо и влево, Урок 22!
"https://www.youtube.com/watch?v=Pg96t-T1G-E", Java hibernate: Валидация, урок 15!
"https://www.youtube.com/watch?v=oJi4ljPJ6IA", Java hibernate: Criteria запросы, урок 14!
"https://www.youtube.com/watch?v=IJMgD1MNdNM", Java hibernate: HQL запросы, урок 13!
"https://www.youtube.com/watch?v=p1B4pz0G19o", Java hibernate: SQL запросы, урок 12!
"https://www.youtube.com/watch?v=j2Eky9D9RkA", Java hibernate: Транзакции, урок 11!
"https://www.youtube.com/watch?v=3WjcQiemvWM", Java hibernate: JPA Пример использования мапинга, урок 10!
"https://www.youtube.com/watch?v=h3PHEUuOmZA", Java hibernate: JPA связь многие ко многим, урок 9!
"https://www.youtube.com/watch?v=JJBrkkKuC2M", Java hibernate: JPA связь один к одному, урок 8!
"https://www.youtube.com/watch?v=wfnbF7aELUk", Java hibernate: JPA связь многие к одному, урок 7!
"https://www.youtube.com/watch?v=-Ld6xgd2K4k", Java hibernate: Введение в JPA, урок 6!
"https://www.youtube.com/watch?v=rUER9XgNuy4", Java hibernate: XML мапинг, связь многие ко многим, урок 5!
"https://www.youtube.com/watch?v=FsBGZW6qJXM", Java hibernate: XML мапинг, связь один к одному, урок 4!
"https://www.youtube.com/watch?v=hhO6JgfHitU", Java hibernate: XML мапинг, связь многие к одному, урок 3!
"https://www.youtube.com/watch?v=sC0I2hLyOMk", Java для начинающих: Поразрядные логические операции (И, ИЛИ, НЕ), Урок 21!
"https://www.youtube.com/watch?v=Hpsm61DfLLQ", Java для начинающих: Оператор безусловного перехода continue, Урок 20!
"https://www.youtube.com/watch?v=HZlIlK3OQao", Java для начинающих: Оператор ветвления switch, Урок 19!
"https://www.youtube.com/watch?v=jGZwyF1URxI", Java для начинающих: Оператор безусловного перехода break, Урок 18!
"https://www.youtube.com/watch?v=9KG5MB9S6r8", Java для начинающих: Оператор цикла for each, Урок 17!
"https://www.youtube.com/watch?v=BAhDSFLVP9k", Java для начинающих: Массивы причудливой формы, Урок 16!
"https://www.youtube.com/watch?v=c3gGtNdAl6I", Java для начинающих: Трехмерные и многомерные массивы, Урок 15!
"https://www.youtube.com/watch?v=cnw5PHdsDtQ", Java hibernate: xml маппинг, урок 2!
"https://www.youtube.com/watch?v=m14Mag7r0zk", php web: Сокеты, урок 9!
"https://www.youtube.com/watch?v=A9M91ZZ_Vfw", php web: curl запросы, урок 8!
"https://www.youtube.com/watch?v=CTqbYEEean4", Java для начинающих: Двумерные массивы, Урок 14!
"https://www.youtube.com/watch?v=R5dgkwcqddY", Java для начинающих: Одномерные массивы, Урок 13!
"https://www.youtube.com/watch?v=uYiz_-XeSow", Java для начинающих: Оператор цикла do...while, Урок 12!
"https://www.youtube.com/watch?v=1IHMGd7k7aI", Java для начинающих: Оператор цикла while, Урок 11!
"https://www.youtube.com/watch?v=1qYOxJ-OEWs", Java hibernate: Настройка конфигов, урок 1!
"https://www.youtube.com/watch?v=Yt7Vl0yhxz4", Java для начинающих: Оператор цикла for , Урок 10!
"https://www.youtube.com/watch?v=F1h8cxqOwIg", java code conventions: Константы и методы, урок 10!
"https://www.youtube.com/watch?v=4sZ-k8iZTQo", java code conventions: Декларация наименования, урок 9!
"https://www.youtube.com/watch?v=htK0vzwVBpM", java code conventions: Пустые строки и пробелы, урок 8!
"https://www.youtube.com/watch?v=Ai3U5WRrYkQ", Java для начинающих: Арифметические операции с присваиванием , Урок 9!
"https://www.youtube.com/watch?v=d6yhqn3B-fw", Java для начинающих: Оператор if блок else, Урок 8!
"https://www.youtube.com/watch?v=WB1XTooRODk", Java для начинающих: Оператор условия if, Урок 7!
"https://www.youtube.com/watch?v=7pf9QbgEnfU", Java для начинающих: Операторы сравнения, Урок 6!
"https://www.youtube.com/watch?v=y82bX_8FQ6s", Java для начинающих: Оператор инкремента и декремента, Урок 5!
"https://www.youtube.com/watch?v=ShnOmLu3mjs", Java для начинающих: Преобразование типов, оболочечные типы, Урок 4!
"https://www.youtube.com/watch?v=XfKleO5cEtM", Java для начинающих: Типы данных, Урок 3!
"https://www.youtube.com/watch?v=7aY2ZzyRjTw", Java для начинающих: байт код, jar файл, Урок 2!
"https://www.youtube.com/watch?v=iaYGoh8w7g0", java code review: урок 20!
"https://www.youtube.com/watch?v=44jR7sNb8R8", java code review: урок 19!
"https://www.youtube.com/watch?v=eJRMWqcCycM", java code review: урок 18!
"https://www.youtube.com/watch?v=aOdAvtLpdpM", java code review: урок 17!
"https://www.youtube.com/watch?v=LpmaYbFRv9Q", java code review: урок 16!
"https://www.youtube.com/watch?v=rDbBk_jNs_U", Java для начинающих: Введение в язык java, Урок 1!
"https://www.youtube.com/watch?v=H8oXg82Zruo", java code review: урок 15!
"https://www.youtube.com/watch?v=U4v26Bve3fg", java code review: урок 14!
"https://www.youtube.com/watch?v=LMkx0FRxlRM", java code review: урок 13!
"https://www.youtube.com/watch?v=JGLzqmZe-qQ", java code review: урок 12!
"https://www.youtube.com/watch?v=R-OoFu2WAwk", java code conventions: Выражения и операторы, урок 7!
"https://www.youtube.com/watch?v=lOUCv8BIyog", java code conventions: Декларации классов и интерфейсов, урок 6!
"https://www.youtube.com/watch?v=-RF0OgNSeFQ", java code review: урок 11!
"https://www.youtube.com/watch?v=p0xqC1dL-ds", java code conventions: Отступы и строки, урок 5!
"https://www.youtube.com/watch?v=Fi6cbHrVF-s", java code conventions: Аннотированные комментарии, урок 4!
"https://www.youtube.com/watch?v=oV6uqLJ9Brs", java code conventions: Doc комментарии, урок 3!
"https://www.youtube.com/watch?v=cpFcDJcIGNg", java code conventions: Комментарии, урок 2!
"https://www.youtube.com/watch?v=RCU8SYQWUTQ", java code conventions: Введение, урок 1!
"https://www.youtube.com/watch?v=EX43jgdMaMY", java code review: урок 10!
"https://www.youtube.com/watch?v=nRiYzAhVhtY", java code review: урок 9!
"https://www.youtube.com/watch?v=q2M_3UuCpXE", java code review: урок 8!
"https://www.youtube.com/watch?v=1udeef-yC6U", java code review: урок 7!
"https://www.youtube.com/watch?v=1zKDc8X2UxI", java code review: урок 6!
"https://www.youtube.com/watch?v=typDRyn6DGw", java code review: урок 5!
"https://www.youtube.com/watch?v=0CL7n-SivCM", java code review: урок 4!
"https://www.youtube.com/watch?v=2rsMC7GTDPQ", java code review: урок 3!
"https://www.youtube.com/watch?v=BsjoAfsMQe4", java code review: урок 2!
"https://www.youtube.com/watch?v=1ZhmK7BiWbk", java code review: урок 1!
"https://www.youtube.com/watch?v=JJB0_thLN3M", php ооп: Использование stdClass, урок 15!
"https://www.youtube.com/watch?v=En2cTNoGFZo", php ооп: Поименованные области, урок 14!
"https://www.youtube.com/watch?v=YxFDNdiQOdk", php ооп: Исключительные ситуации, урок 13!
"https://www.youtube.com/watch?v=8yphuuOGSOs", php ооп: Магические методы, урок 12!
"https://www.youtube.com/watch?v=MKLq2Y3jy6Y", php ооп: Полиморфизм, урок 11!
"https://www.youtube.com/watch?v=Pq_ifCzKAs0", php ооп: Инкапсуляция, урок 10!
"https://www.youtube.com/watch?v=md71i_K1hps", php ооп: Статические поля и методы класса, урок 9!
"https://www.youtube.com/watch?v=PPRebN7Z4f4", php ооп: Абстрактные классы, урок 8!
"https://www.youtube.com/watch?v=ic-HRPR-JP0", php ооп: Понятие интерфейса и реализации, урок 7!
"https://www.youtube.com/watch?v=Jyy8D_aO31o", php ооп: Модификаторы доступа (private, public, protected), урок 6!
"https://www.youtube.com/watch?v=XXoiJneASfY", php ооп: Жизненый цикл объектов, урок 5!
"https://www.youtube.com/watch?v=X6FFV0FAsM0", php ооп: Наследование классов, урок 4!
"https://www.youtube.com/watch?v=ri4-FqmfH7g", php ооп: Конструктор и деструктор, урок 3!
"https://www.youtube.com/watch?v=lmq9jiA8CwA", php ооп: Методы класса, работа с классом, урок 2!
"https://www.youtube.com/watch?v=6JyAey550V0", php ооп: Понятие класса, урок 1!
"https://www.youtube.com/watch?v=l9hQa5Z8XUA", C (Си): язык программирования Си, перечисления (enum) и typedef, урок 46!
"https://www.youtube.com/watch?v=nAHZ6O9jyPk", C (Си): язык программирования Си, Битовые поля, урок 45!
"https://www.youtube.com/watch?v=4S7DZIOyDDA", C (Си): язык программирования Си, объеденения (union), урок 44!
"https://www.youtube.com/watch?v=guinn2k1PGE", C (Си): язык программирования Си, структуры типа struct, урок 43!
"https://www.youtube.com/watch?v=201j9LIcsF4", объектно-ориентированное программирование: подведение итогов, урок 15!
"https://www.youtube.com/watch?v=UAodYUBUHdY", объектно-ориентированное программирование: агрегация, урок 14!
"https://www.youtube.com/watch?v=F6r2Bor9ykQ", объектно-ориентированное программирование: прототипы, урок 13!
"https://www.youtube.com/watch?v=LQuXksqlC4E", объектно-ориентированное программирование: полиморфизм, урок 12!
"https://www.youtube.com/watch?v=2jm3RexXzmw", объектно-ориентированное программирование: ранее и позднее связывание, урок 11!
"https://www.youtube.com/watch?v=LMsZoclBzhc", объектно-ориентированное программирование: абстракция, урок 10!
"https://www.youtube.com/watch?v=zKLoz_7TjXA", объектно-ориентированное программирование: множественное наследование, урок 9!
"https://www.youtube.com/watch?v=S05KOFu8T0U", объектно-ориентированное программирование: создание и уничтожение объектов при наследовании, урок 8!
"https://www.youtube.com/watch?v=OWhECnRfUt0", объектно-ориентированное программирование: виртуальные методы, урок 7!
"https://www.youtube.com/watch?v=OhUZoru7f8o", объектно-ориентированное программирование: таблицы виртуальных методов, урок 6!
"https://www.youtube.com/watch?v=cTsxOvOvk4k", объектно-ориентированное программирование: Простое наследование, урок 5!
"https://www.youtube.com/watch?v=asVr53fsQXg", объектно-ориентированное программирование: Конструкторы, деструкторы, урок 4!
"https://www.youtube.com/watch?v=E50gIB4zWng", объектно-ориентированное программирование: Инкапсуляция, урок 3!
"https://www.youtube.com/watch?v=2Skh7FgpkWI", объектно-ориентированное программирование: композиция, урок 2!
"https://www.youtube.com/watch?v=aDRsvwsMaLM", Объектно-ориентированное программирование: понятие класса и объекта, урок 1!
"https://www.youtube.com/watch?v=VntjuQ2o-RM", php web: smtp, email, работа с почтой урок 7!
"https://www.youtube.com/watch?v=qcr16qJNbPo", php web: суперглобальный массив Server, урок 6!
"https://www.youtube.com/watch?v=kQCqzUJP76Q", php web: суперглобальный массив Request урок 5!
"https://www.youtube.com/watch?v=WmLWW0KAFMc", php web: Session (Сессия), урок 4!
"https://www.youtube.com/watch?v=M3to98iWY7o", php web: Cookie (Куки), урок 3!
"https://www.youtube.com/watch?v=yHcij93n28Y", php web: запросы методами GET и POST, урок 2!
"https://www.youtube.com/watch?v=3NkxD2XMr38", php web: Введение в веб разработку, урок 1!
"https://www.youtube.com/watch?v=7zXP4KeuP5Q", php для начинающих: Регулярные выражения, урок 35!
"https://www.youtube.com/watch?v=XPRxSgk13gU", C (Си): язык программирования Си, Директива pragma, урок 42!
"https://www.youtube.com/watch?v=XeS3PXrzxu0", php для начинающих: Функции для работы с массивами, урок 33!
"https://www.youtube.com/watch?v=2NwLHXUoXcw", php для начинающих: Callback функции, урок 34!
"https://www.youtube.com/watch?v=h6Bh9yZnTxQ", php для начинающих: Математические функции, урок 31!
"https://www.youtube.com/watch?v=B38RZUYmjJs", php для начинающих: Функции для работы со строками, урок 32!
"https://www.youtube.com/watch?v=zUAMdHcuqxc", C (Си): язык программирования Си, Директивы часть 3, урок 41!
"https://www.youtube.com/watch?v=kbjaXqvEiPI", C (Си): язык программирования Си, Директивы часть 2, урок 40!
"https://www.youtube.com/watch?v=CCmRCU-N39I", C (Си): язык программирования Си, Директивы часть 1, урок 39!
"https://www.youtube.com/watch?v=IZLjtyDmydY", php для начинающих: Дата и время, урок 30.
"https://www.youtube.com/watch?v=hASIDAJi8nY", C (Си): язык программирования Си, Область видимости, урок 38!
"https://www.youtube.com/watch?v=HbW_nIRu7ZM", C (Си): язык программирования Си, Шаблонные функции, урок 37!
"https://www.youtube.com/watch?v=asyhEBz3OlI", C (Си): язык программирования Си, Рекурсивные функции, урок 36!
"https://www.youtube.com/watch?v=um-dKP-Eds4", C (Си): язык программирования Си, Перегрузка функций, урок 35!
"https://www.youtube.com/watch?v=2cWlUB-9qWk", C (Си): язык программирования Си, Функции и ссылки в качестве параметров, урок 34!
"https://www.youtube.com/watch?v=g73WFsSoZN8", C (Си): язык программирования Си, Функции и указатели в качестве параметров, урок 33!
"https://www.youtube.com/watch?v=fBG1VpCsdSk", C (Си): язык программирования Си, Функции параметры по умолчанию, урок 32!
"https://www.youtube.com/watch?v=-Gx60B2A-ic", C (Си): язык программирования Си, Введение в функции (вызов функции), урок 31!
"https://www.youtube.com/watch?v=48-1MU4SsFI", php для начинающих: Динамические функции, урок 29.
"https://www.youtube.com/watch?v=VXsXQmLv8x0", php для начинающих: Работа со строками и символами, урок 28.
"https://www.youtube.com/watch?v=Q9V0W3UE5oo", php для начинающих: Работа с директориями и файлами, урок 27.
"https://www.youtube.com/watch?v=oHhk4AJnG24", C (Си): язык программирования Си, Поразрядные логические операции побитового сдвига, урок 30!
"https://www.youtube.com/watch?v=jcnIFfDVC4Y", php для начинающих: Файловые потоки для записи, урок 26.
"https://www.youtube.com/watch?v=pSSjFNDcgQY", php для начинающих: Рекурсивные функции, урок 24.
"https://www.youtube.com/watch?v=vGbvyO3Mnqo", php для начинающих: Файловые потоки для чтения, урок 25.
"https://www.youtube.com/watch?v=tNO3Q9WXsrw", php для начинающих: Поразрядные логические операции (сдвиг вправо, влево), урок 22.
"https://www.youtube.com/watch?v=Hjwj4pnheyE", php для начинающих: Поразрядные логические операции (И, ИЛИ, НЕ), урок 21.
"https://www.youtube.com/watch?v=2BDgOC3akWc", php для начинающих: Функции, параметры, возвращаемое значение, урок 23.
"https://www.youtube.com/watch?v=i_-2vyyGR5k", php для начинающих: Понятие ссылки, урок 20.
"https://www.youtube.com/watch?v=B7f8BQlBq38", php для начинающих: Оператор цикла foreach, урок 19.
"https://www.youtube.com/watch?v=FncFQMtdFJ8", php для начинающих: Массивы (часть 3), урок 18.
"https://www.youtube.com/watch?v=lrwNoFNEnw4", C (Си): язык программирования Си, Унарная операция инвертирования битов (~), урок 29!
"https://www.youtube.com/watch?v=1XZvCmvyabY", php для начинающих: Ассоциативные массивы (часть 2), урок 17.
"https://www.youtube.com/watch?v=17T-zSPMKA4", php для начинающих: Ассоциативные массивы (часть 1), урок 16
"https://www.youtube.com/watch?v=4kHhrPIMgRQ", PHP для начинающих: Оператор ветвления switch, урок 14.
"https://www.youtube.com/watch?v=prLTGQVfVE4", PHP для начинающих: Оператор перехода goto, урок 11.
"https://www.youtube.com/watch?v=jYSC3M7mNqM", PHP для начинающих: Операция инкремента и декремента, урок 6.
"https://www.youtube.com/watch?v=3dZOvKE9dFs", PHP для начинающих: Оператор цикла do ... while, урок 10.
"https://www.youtube.com/watch?v=WlwkuEqG_t0", PHP для начинающих: Введение в массивы, урок 15.
"https://www.youtube.com/watch?v=QxvfUFzMIG0", PHP для начинающих: Ознакомительное введение, урок 1.
"https://www.youtube.com/watch?v=4lvwWZ5NEUw", PHP для начинающих: Переменные, урок 2.
"https://www.youtube.com/watch?v=eCZbFCNP_OE", PHP для начинающих: Операции условий (И &&, ИЛИ || ), урок 5.
"https://www.youtube.com/watch?v=mMfiQe8mY5g", PHP для начинающих: Оператор условия if, урок 3.
"https://www.youtube.com/watch?v=udYOHaXyFcM", PHP для начинающих: Оператор цикла for, урок 8.
"https://www.youtube.com/watch?v=4CDH6GwQgQ8", PHP для начинающих: Оператор условия if-elseif, урок 4.
"https://www.youtube.com/watch?v=VPn5jHAvyJo", PHP для начинающих: Оператор безусловного перехода continue, урок 13.
"https://www.youtube.com/watch?v=EJbbliJqlFE", PHP для начинающих: Арифметические операции (%, %=, +-, -=, *=, /=), урок 7.
"https://www.youtube.com/watch?v=S3_2R4Rl1Os", PHP для начинающих: Оператор безусловного перехода break, урок 12.
"https://www.youtube.com/watch?v=Nmecxsl8zP8", PHP для начинающих: Оператор цикла while, урок 9.
"https://www.youtube.com/watch?v=lhF9aU7vRcc", C (Си): язык программирования Си,поразрядные логические операции, урок 28!
"https://www.youtube.com/watch?v=jLRLnLfNbgw", C (Си): язык программирования Си, работа с символами и строками, урок 27!
"https://www.youtube.com/watch?v=XFkJbul6wMA", C (Си): язык программирования Си, указатели на указатели, урок 26!
"https://www.youtube.com/watch?v=wXCUprMLP1Q", C (Си): язык программирования Си, динамически распределяемая память, урок 25!
"https://www.youtube.com/watch?v=78o7yWqv0xs", C (Си): язык программирования Си, трехмерные массивы и указатели, урок 24!
"https://www.youtube.com/watch?v=MYWwPdSnZIA", C (Си): язык программирования Си, двумерные массивы, урок 23!
"https://www.youtube.com/watch?v=9VBSDQyLSMw", C (Си): язык программирования Си, указатели и массивы, урок 22!
"https://www.youtube.com/watch?v=tZIl_ePag88", C (Си): язык программирования Си, одномерные массивы, урок 21!
"https://www.youtube.com/watch?v=tTDKeTpTeB8", C (Си): язык программирования Си, оператор безусловного перехода goto, урок 20!
"https://www.youtube.com/watch?v=411XUqiK8-I", C (Си): язык программирования Си, оператор безусловного перехода continue, урок 19!
"https://www.youtube.com/watch?v=mvtgyhJQ2Ks", C (Си): язык программирования Си, оператор ветвления switch, урок 18!
"https://www.youtube.com/watch?v=XPx0CreBEGs", C (Си): язык программирования Си, оператор безусловного перехода break, урок 17!
"https://www.youtube.com/watch?v=4Yj9cTMrB3g", C (Си): язык программирования Си, устройство памяти (ОЗУ), урок 16!
"https://www.youtube.com/watch?v=F_9MheOrWNo", C (Си): язык программирования Си, указатели, урок 15!
"https://www.youtube.com/watch?v=luxOXPESK74", HTML для начинающих: списки (ul, ol) нумерованные и маркерные. Урок 11!
"https://www.youtube.com/watch?v=U_yIy9bYGgU", HTML для начинающих: Работа с таблицами, слияние ячеек (rowspan, colspan). Урок 10!
"https://www.youtube.com/watch?v=3cJK2sngtL0", C (Си): язык программирования Си, понятие ссылки, урок 14!
"https://www.youtube.com/watch?v=V2VRcAtTo_I", C (Си): язык программирования Си, оператор цикла do while, урок 13!
"https://www.youtube.com/watch?v=Yy136RKRdBw", C (Си): язык программирования Си, оператор цикла while, урок 12!
"https://www.youtube.com/watch?v=0RrOfiLH0Lw", C (Си): язык программирования Си, оператор цикла for, урок 11!
"https://www.youtube.com/watch?v=mEQ3Q1InWbY", C (Си): язык программирования Си, инкремент, декремент, остаток от деления, урок 10!
"https://www.youtube.com/watch?v=Q2VYBYuE-_4", C (Си): язык программирования Си, арифметические операции ( += -= *= /=), урок 9!
"https://www.youtube.com/watch?v=aEA90VtgrCA", C (Си): язык программирования Си, оператор условия (ветвления) if, урок 8!
"https://www.youtube.com/watch?v=rWjFHzWgLRI", C (Си): язык программирования Си, тип bool (true, false) логические операции, урок 7!
"https://www.youtube.com/watch?v=UvYliS2QSPM", C (Си): язык программирования Си, типы данных, работа с переменными, урок 6!
"https://www.youtube.com/watch?v=tuU85tHKgc8", C (Си): язык программирования Си, ввод данных (scanf, scanf_s) урок 5!
"https://www.youtube.com/watch?v=iiQp9l75Pms", HTML для начинающих: Работа с таблицами (tbody, tfoot, thead). Урок 9!
"https://www.youtube.com/watch?v=6DZpfEmUDwk", C (Си): язык программирования Си, Форматирование вывода, управляющие символы, урок 4!
"https://www.youtube.com/watch?v=bWczydBQ3vY", C (Си): язык программирования Си, Форматирование вывода, спецификаторы вывода, урок 3!
"https://www.youtube.com/watch?v=T39bnspJs3A", HTML для начинающих: Форматирование таблицы (align, bgcolor, cellspacing, valign). Урок 8!
"https://www.youtube.com/watch?v=s9sT3QV7K84", HTML для начинающих: работа с таблицами (table, tr, td). Урок 7!
"https://www.youtube.com/watch?v=Rq3cU5UoRjw", HTML для начинающих: работа с изображением (img, src). Урок 6!
"https://www.youtube.com/watch?v=ZKfgWRF9HbU", HTML для начинающих: ссылки (a). Урок 5!
"https://www.youtube.com/watch?v=GmvTL-fYZbA", C (Си): язык программирования Си, типы данных, урок 2!
"https://www.youtube.com/watch?v=B5or1CETO5A", C (Си): язык программирования Си, типы данных, урок 1!
"https://www.youtube.com/watch?v=EiXkZ26Yvic", HTML для начинающих: работа с текстом, форматирование текста (шрифты, цитаты). Урок 4!
"https://www.youtube.com/watch?v=7DcfuGsjiwk", HTML для начинающих: работа с текстом, форматирование текста (font, sub, sup etc). Урок 3!
"https://www.youtube.com/watch?v=xRs3w01rE1w", HTML для начинающих: форматирование текста (meta, p). Урок 2!
"https://www.youtube.com/watch?v=H4poEhAYoyA", HTML для начинающих: Введение в html (meta, title, head, body). Урок 1!
