"https://www.youtube.com/watch?v=8-A_f2YWFOw", video2brain bündelt Inhalte für alle im Hauptkanal |video2brain.com
"https://www.youtube.com/watch?v=BmIfYDFO3V4", PHP-Funktionen Tutorial: Einzelne Array-Elemente verändern |video2brain.com
"https://www.youtube.com/watch?v=JjbPkQ0AaB4", PHP-Funktionen Tutorial: Muster erkennen mit regulären Ausdrücken |video2brain.com
"https://www.youtube.com/watch?v=CBgaEL5R6wM", PHP-Funktionen Tutorial: Volle Freiheit für die Formatierung mit printf() |video2brain.com
"https://www.youtube.com/watch?v=eBK6cZT5VwU", PHP-Funktionen Tutorial: Trailer |video2brain.com
"https://www.youtube.com/watch?v=xPmi8D1X6XI", Java lernen, Teil 1 Tutorial: Das Beispielprogramm umstrukturieren |video2brain.com
"https://www.youtube.com/watch?v=c0HXNFMWVQ8", Java lernen, Teil 1 Tutorial: Arrays deklarieren und initialisieren |video2brain.com
"https://www.youtube.com/watch?v=O9jtZCIp_K8", MariaDB – Grundlagen Tutorial: Datensätze aus verschiedenen Tabellen verbinden |video2brain.com
"https://www.youtube.com/watch?v=rQq2Y9UQ0DY", Java lernen, Teil 1 Tutorial: Apps in Eclipse erstellen |video2brain.com
"https://www.youtube.com/watch?v=GtcDCaGwoEM", MariaDB – Grundlagen Tutorial: PHP als Modul installieren |video2brain.com
"https://www.youtube.com/watch?v=IyB0tXW2nMU", Java lernen, Teil 1 Tutorial: Trailer |video2brain.com
"https://www.youtube.com/watch?v=FjmG5XAkt6Y", MariaDB – Grundlagen Tutorial: MariaDB – starker Konkurrent von MySQL |video2brain.com
"https://www.youtube.com/watch?v=aFYdm-8dQKQ", MariaDB – Grundlagen Tutorial: Trailer |video2brain.com
"https://www.youtube.com/watch?v=7DoZpdOuezs", Ionic – Grundlagen Tutorial: Optionsschaltflächen an Listeneinträge zuweisen |video2brain.com
"https://www.youtube.com/watch?v=3xqUtL7P5SQ", Ionic – Grundlagen Tutorial: Listenelemente kennenlernen |video2brain.com
"https://www.youtube.com/watch?v=0Hftj-0WHUc", Ionic – Grundlagen Tutorial: Frameworks und Technologien von Ionic im Überblick |video2brain.com
"https://www.youtube.com/watch?v=Gkh572HBidQ", Ionic – Grundlagen Tutorial: Trailer |video2brain.com
"https://www.youtube.com/watch?v=Dgo3HaXExuU", MySQL – Grundlagen Tutorial: Grundlegendes zur Datenbankplanung |video2brain.com
"https://www.youtube.com/watch?v=9C6ASCCnoso", MySQL – Grundlagen Tutorial: Apache-Webserver unter OS X starten und stoppen |video2brain.com
"https://www.youtube.com/watch?v=sL4pvZB_-F0", MySQL – Grundlagen Tutorial: MySQL – Populärste Open-Source-Datenbank der Welt |video2brain.com
"https://www.youtube.com/watch?v=OBLU7MgOsY0", Primefaces – Eingabefelder Tutorial: Bilder über Primefaces hochladen |video2brain.com
"https://www.youtube.com/watch?v=ke3Qsu0CHrc", MySQL – Grundlagen Tutorial: Trailer |video2brain.com
"https://www.youtube.com/watch?v=mfSU7Fe01J4", Primefaces – Eingabefelder Tutorial: Farbauswahl per ColorPicker ermöglichen |video2brain.com
"https://www.youtube.com/watch?v=rYWS_t-UIoo", Primefaces – Eingabefelder und Multimediaverarbeitung Tutorial: Trailer |video2brain.com
"https://www.youtube.com/watch?v=fRLJzS16qA8", PHP – Grundlagen Tutorial: Wenn-dann-Verzweigung definieren |video2brain.com
"https://www.youtube.com/watch?v=yQYGRipnyjw", PHP – Grundlagen Tutorial: Externe Dateien einbinden |video2brain.com
"https://www.youtube.com/watch?v=_cf73WUPHR0", PHP – Grundlagen Tutorial: PHP in HTML einbinden |video2brain.com
"https://www.youtube.com/watch?v=82PN-7Ykd7k", PHP – Grundlagen Tutorial: Grundlagen zu PHP |video2brain.com
"https://www.youtube.com/watch?v=6OvrkYdSvws", PHP – Grundlagen Tutorial: Trailer |video2brain.com
"https://www.youtube.com/watch?v=cTmbI_zlFcU", Primefaces – Grundlagen Tutorial: Ein Panel mit Scroll-Balken erstellen |video2brain.com
"https://www.youtube.com/watch?v=1DoSFoetut0", Primefaces – Grundlagen Tutorial: Primefaces-Selektoren (PFS) |video2brain.com
"https://www.youtube.com/watch?v=bH6O77Hl_r0", Primefaces – Grundlagen Tutorial: Das Primefaces-Webportal |video2brain.com
"https://www.youtube.com/watch?v=Nr0iefka_ZE", Primefaces – Grundlagen Tutorial: Trailer |video2brain.com
"https://www.youtube.com/watch?v=Us0HFkVpKhc", SQL Server – Sicherheit für Entwickler Tutorial: EXECUTE AS |video2brain.com
"https://www.youtube.com/watch?v=0bYrQ9oQS8M", SQL Server – Sicherheit für Entwickler Tutorial: Logins und Users |video2brain.com
"https://www.youtube.com/watch?v=RFptfPyel3o", SQL Server – Sicherheit für Entwickler Tutorial: Trailer |video2brain.com
"https://www.youtube.com/watch?v=bLk0G-56IFE", JavaFX-Diagramme mit Netbeans Tutorial: Diagramme mit CSS gestalten |video2brain.com
"https://www.youtube.com/watch?v=YD8xRSD508k", JavaFX-Diagramme mit Netbeans Tutorial: Diagramme mit FXML und Scene Builder erst. |video2brain.com
"https://www.youtube.com/watch?v=MCJh9GuDKkw", JavaFX-Diagramme mit Netbeans Tutorial: Trailer |video2brain.com
"https://www.youtube.com/watch?v=9k4GtqZ8AcY", Lichtsteuerung mit dem Arduino Tutorial: Hallo, Welt! |video2brain.com
"https://www.youtube.com/watch?v=MiYHtJU7XOg", Lichtsteuerung mit dem Arduino Tutorial: Trailer |video2brain.com
"https://www.youtube.com/watch?v=ENP2tHKogWE", Neu in PHP 7 Tutorial: PHP schneller gemacht |video2brain.com
"https://www.youtube.com/watch?v=-Thdw3wT0sA", Neu in PHP 7 Tutorial: Trailer |video2brain.com
"https://www.youtube.com/watch?v=zUuZJqwokeY", CLR-Integration in SQL Server Tutorial: Trigger implementieren |video2brain.com
"https://www.youtube.com/watch?v=mS7ifzurJRA", CLR-Integration in SQL Server Tutorial: Gespeicherte Prozeduren entwickeln |video2brain.com
"https://www.youtube.com/watch?v=ogSbHiru_vo", CLR-Integration in SQL Server Tutorial: Auf einen Blick: Inhalte und Lernziele |video2brain.com
"https://www.youtube.com/watch?v=UsBO16oCNN0", CLR-Integration in SQL Server Tutorial: Trailer |video2brain.com
"https://www.youtube.com/watch?v=U7pdOKhyboY", ReSharper – Crashkurs Tutorial: Quellcode verschieben |video2brain.com
"https://www.youtube.com/watch?v=FeM8apGq7ls", ReSharper – Crashkurs Tutorial: Quick Fix |video2brain.com
"https://www.youtube.com/watch?v=PJjzgjJXhXE", ReSharper – Crashkurs Tutorial: Was ist ReSharper? |video2brain.com
"https://www.youtube.com/watch?v=cebobUtVXmE", ReSharper – Crashkurs Tutorial: Trailer |video2brain.com
"https://www.youtube.com/watch?v=zDBMVdBcnik", Open Source mit Git und Github Tutorial: Ein Wiki pflegen |video2brain.com
"https://www.youtube.com/watch?v=4zijS6AyLDQ", Open Source mit Git und Github Tutorial: Git installieren |video2brain.com
"https://www.youtube.com/watch?v=tM7tn6fTgI0", Open Source mit Git und Github Tutorial: Trailer |video2brain.com
"https://www.youtube.com/watch?v=oaQD07ob-Aw", Swift für C#-Entwickler Tutorial: Eine einfache Klasse anlegen |video2brain.com
"https://www.youtube.com/watch?v=jQYCsc2XHug", Swift für C#-Entwickler Tutorial: Was ist Swift? |video2brain.com
"https://www.youtube.com/watch?v=AR0j0kDhlGs", Swift für C#-Entwickler Tutorial: Trailer |video2brain.com
"https://www.youtube.com/watch?v=Vfi-rGiMQSY", Windows 10 für Entwickler – Crashkurs Tutorial: Microsoft Design Language |video2brain.com
"https://www.youtube.com/watch?v=L3qR5QcISX0", Windows 10 für Entwickler – Crashkurs Tutorial: Trailer |video2brain.com
"https://www.youtube.com/watch?v=valCMrc8rZ4", Internetradio mit dem Raspberry Pi Tutorial: Musik von USB-Stick integrieren |video2brain.com
"https://www.youtube.com/watch?v=oqfr6lLqECk", Programmieren mit Qt – Crashkurs Tutorial: Signale und Handler in QML |video2brain.com
"https://www.youtube.com/watch?v=rGuSgHAendE", Internetradio mit dem Raspberry Pi Tutorial: Verbindung herstellen |video2brain.com
"https://www.youtube.com/watch?v=S6ScnZKR3nM", Programmieren mit Qt – Crashkurs Tutorial: Quick-Anwendung anlegen |video2brain.com
"https://www.youtube.com/watch?v=DYnQweY2IEY", Internetradio mit dem Raspberry Pi Tutorial: Trailer |video2brain.com
"https://www.youtube.com/watch?v=DrIjfTDgzAU", Programmieren mit Qt – Crashkurs Tutorial: Was ist Qt? |video2brain.com
"https://www.youtube.com/watch?v=HW_3N3uxYQc", Programmieren mit Qt – Crashkurs Tutorial: Trailer |video2brain.com
"https://www.youtube.com/watch?v=B6pNZyDPHuw", Unity 5 – Grundlagen Tutorial: Das Terrain bearbeiten und bemalen |video2brain.com
"https://www.youtube.com/watch?v=eX4tUXNI4MA", Unity 5 – Grundlagen Tutorial: Den Animations-Editor kennenlernen |video2brain.com
"https://www.youtube.com/watch?v=SJYYyQim_r0", Unity 5 – Grundlagen Tutorial: Unity 5 kennenlernen |video2brain.com
"https://www.youtube.com/watch?v=ST9PiFxCTeM", Unity 5 – Grundlagen Tutorial: Trailer |video2brain.com
"https://www.youtube.com/watch?v=sNcDEpiTgm0", JPA – Crashkurs Tutorial: Java Persistence API (JPA) kennenlernen und installieren |video2brain.com
"https://www.youtube.com/watch?v=0N8LdFb_70M", Dynamische Webanwendungen mit JSF Tutorial: Eingaben validieren |video2brain.com
"https://www.youtube.com/watch?v=Y6y0-Sc1jRM", JPA – Crashkurs Tutorial: Trailer |video2brain.com
"https://www.youtube.com/watch?v=wn8dEx0_lH8", Dynamische Webanwendungen mit JSF Tutorial: Auswahl per Checkbox oder Radiobutton |video2brain.com
"https://www.youtube.com/watch?v=LG4BrEbc388", Dynamische Webanwendungen mit JSF Tutorial: Was sind die JavaServer Faces (JSF)? |video2brain.com
"https://www.youtube.com/watch?v=_voTeRvKv5A", Dynamische Webanwendungen mit JSF Tutorial: Trailer |video2brain.com
"https://www.youtube.com/watch?v=UVGa_XGZKNE", Oracle PL/SQL – Grundlagen Tutorial: Die Stored Procedures |video2brain.com
"https://www.youtube.com/watch?v=JIB7mqKAYH4", Oracle PL/SQL – Grundlagen Tutorial: PL/SQL-Datentypen |video2brain.com
"https://www.youtube.com/watch?v=40t5efHiVMY", Apps entwickeln mit Android 5 Tutorial: GPS-Zugriff |video2brain.com
"https://www.youtube.com/watch?v=e0KrwnGTuMw", Oracle PL/SQL – Grundlagen Tutorial: System- und Substitutionsvariablen |video2brain.com
"https://www.youtube.com/watch?v=m8afGORVEiM", Smart-TV mit dem Raspberry Pi Tutorial: Eigene Videos abspielen |video2brain.com
"https://www.youtube.com/watch?v=pyC3VTXgKqs", CGI-Programmierung mit Perl Tutorial: Die Basis des Gästebuchs mit HTML und CSS |video2brain.com
"https://www.youtube.com/watch?v=i1lZUKwuTNc", Apps entwickeln mit Android 5 Tutorial: Was ist ein Service? |video2brain.com
"https://www.youtube.com/watch?v=oUQShjKBSkk", Oracle PL/SQL – Grundlagen Tutorial: Trailer |video2brain.com
"https://www.youtube.com/watch?v=IK8wiGiE7zY", Smart-TV mit dem Raspberry Pi Tutorial: Benötigte Bauteile |video2brain.com
"https://www.youtube.com/watch?v=LNdV4RqIQO8", CGI-Programmierung mit Perl Tutorial: Datenübergabe an CGI-Programme |video2brain.com
"https://www.youtube.com/watch?v=AzD3bPsHHHc", Apps entwickeln mit Android 5 Tutorial: Benötigte Logik |video2brain.com
"https://www.youtube.com/watch?v=Q7hD25ohsVU", C++ – Das große Training Tutorial: Was sind Lambda-Funktionen? |video2brain.com
"https://www.youtube.com/watch?v=f2ra8ZPWD0U", Programmieren mit Swift Tutorial: Methoden und Variablen auf Ebene der Klasse |video2brain.com
"https://www.youtube.com/watch?v=al5HedJx6dU", Smart-TV mit dem Raspberry Pi Tutorial: Trailer |video2brain.com
"https://www.youtube.com/watch?v=N442m9mxk6o", CGI-Programmierung mit Perl Tutorial: Trailer |video2brain.com
"https://www.youtube.com/watch?v=BhSoe-r5UeE", Apps entwickeln mit Android 5 Tutorial: Das erste Android-Projekt generieren |video2brain.com
"https://www.youtube.com/watch?v=8a8CflAygzg", C++ – Das große Training Tutorial: Range-basierte for-Anweisung |video2brain.com
"https://www.youtube.com/watch?v=_2SXP4gn3t4", Apps entwickeln mit Android 5 Tutorial: Trailer |video2brain.com
"https://www.youtube.com/watch?v=yEtPtOebpXc", C++ – Das große Training Tutorial: Typqualifizierer constexpr |video2brain.com
"https://www.youtube.com/watch?v=ZFmcFF_ASx8", C++ – Das große Training Tutorial: Header- und Source-Datei |video2brain.com
"https://www.youtube.com/watch?v=2nlakcgkhHE", C++ – Das große Training Tutorial: Trailer |video2brain.com
"https://www.youtube.com/watch?v=i9_5K6Sn-JA", Programmieren lernen – Datenstrukturen Tutorial: Wie werden Listen unterstützt? |video2brain.com
"https://www.youtube.com/watch?v=ykLsyfC9Srk", Programmieren lernen – Datenstrukturen Tutorial: Objekte sortieren |video2brain.com
"https://www.youtube.com/watch?v=uG2Of29rXTo", Programmieren lernen – Datenstrukturen Tutorial: Was sind Datenstrukturen? |video2brain.com
"https://www.youtube.com/watch?v=YRHkXzJF5f4", Programmieren lernen – Datenstrukturen Tutorial: Trailer |video2brain.com
"https://www.youtube.com/watch?v=S1QJgkyFxIc", Effektive Programmierung mit Perl Tutorial: Pakete deklarieren und verwenden |video2brain.com
"https://www.youtube.com/watch?v=YeQ5sYr7RVU", Effektive Programmierung mit Perl Tutorial: Allgemeine Informationen |video2brain.com
"https://www.youtube.com/watch?v=MgwRaNK9WD0", Effektive Programmierung mit Perl Tutorial: Formate und die write-Funktion |video2brain.com
"https://www.youtube.com/watch?v=rtVvOdlxOe8", Effektive Programmierung mit Perl Tutorial: Trailer |video2brain.com
"https://www.youtube.com/watch?v=Ew1WPsE89A4", Perl 5 – Grundlagen Tutorial: Prototyp deklarieren |video2brain.com
"https://www.youtube.com/watch?v=C30-aH1StIk", Perl 5 – Grundlagen Tutorial: Datentyp konvertieren |video2brain.com
"https://www.youtube.com/watch?v=J-6W9fLNl6U", Perl 5 – Grundlagen Tutorial: Hilfe im Internet |video2brain.com
"https://www.youtube.com/watch?v=if1Zv8yKrfQ", Perl 5 – Grundlagen Tutorial: Entwicklertools |video2brain.com
"https://www.youtube.com/watch?v=djqptwScoTU", Perl 5 – Grundlagen Tutorial: Trailer |video2brain.com
"https://www.youtube.com/watch?v=eDwj3NorsYg", WPF-Anwendungen mit MVVM und Prism Tutorial: Lebenszeiten steuern |video2brain.com
"https://www.youtube.com/watch?v=myqIbo-ZNIo", WPF-Anwendungen mit MVVM und Prism Tutorial: ViewModel-Basisklasse |video2brain.com
"https://www.youtube.com/watch?v=-qZzefFCM_8", SQL lernen und anwenden – Workshop Tutorial: Tabelle erstellen – MS SQL Server |video2brain.com
"https://www.youtube.com/watch?v=OEatA1PILB4", WPF-Anwendungen mit MVVM und Prism Tutorial: Applikation in Module aufteilen |video2brain.com
"https://www.youtube.com/watch?v=6oRPgM_ZxUY", WPF-Anwendungen mit MVVM und Prism Tutorial: Was ist MVVM? |video2brain.com
"https://www.youtube.com/watch?v=dmQliApfm_c", SQL lernen und anwenden – Workshop Tutorial: Beispiel 4: Einfügen mit SELECT |video2brain.com
"https://www.youtube.com/watch?v=QkU38MrZjzY", SQL lernen und anwenden – Workshop Tutorial: Bsp. 8: Filtern auf numerische Spalte |video2brain.com
"https://www.youtube.com/watch?v=yR7xpljMQCo", WPF-Anwendungen mit MVVM und Prism Tutorial: Trailer |video2brain.com
"https://www.youtube.com/watch?v=JNZ177nIC-0", SQL lernen und anwenden – Workshop Tutorial: Die Beispieldatenbank kennenlernen |video2brain.com
"https://www.youtube.com/watch?v=HkF6n-wBW-0", SQL lernen und anwenden – Workshop Tutorial: Trailer |video2brain.com
"https://www.youtube.com/watch?v=yinIlCToQbI", Onlineshop mit Java EE und Oracle DB Tutorial: Ein Registrierungsformular erzeugen |video2brain.com
"https://www.youtube.com/watch?v=5URo033OVdQ", Onlineshop mit Java EE und Oracle DB Tutorial: Die Oracle Database verwalten |video2brain.com
"https://www.youtube.com/watch?v=oMj5uYw-i-U", SharePoint 2013 für Entwickler Tutorial: App-WebParts erstellen |video2brain.com
"https://www.youtube.com/watch?v=V6-IhFJqz9g", SharePoint 2013 für Entwickler Tutorial: Listenzugriff im Remote Web Teil 1 |video2brain.com
"https://www.youtube.com/watch?v=ZahnM4gZ9KM", Onlineshop mit Java EE und Oracle DB Tutorial: Webgrundlagen des Java-EE-Standards |video2brain.com
"https://www.youtube.com/watch?v=5zlzcqgX09U", Onlineshop mit Java EE und Oracle DB Tutorial: Trailer |video2brain.com
"https://www.youtube.com/watch?v=PW9_NlpPw0w", SharePoint 2013 für Entwickler Tutorial: Was ist eine SharePoint-gehostete App? |video2brain.com
"https://www.youtube.com/watch?v=Jb-UmpJuzOo", Laravel – Crashkurs Tutorial: Vorteile von Laravel |video2brain.com
"https://www.youtube.com/watch?v=u5iOhgPjAL0", SharePoint 2013 für Entwickler – App-Programmierung Tutorial: Trailer |video2brain.com
"https://www.youtube.com/watch?v=nZWoJNCn8bQ", Laravel – Crashkurs Tutorial: Trailer |video2brain.com
"https://www.youtube.com/watch?v=Xz01vUQf9cw", Programmieren mit Swift Tutorial: Werte formatiert ausgeben m. String Interpolation |video2brain.com
"https://www.youtube.com/watch?v=MqYz8S_58rk", Visual Studio 2013 Tutorial: Die Themen dieses Video-Trainings im Überblick |video2brain.com
"https://www.youtube.com/watch?v=ZCCUIhdLx4E", Struts 2 – Crashkurs Tutorial: Standard-Interceptors kennenlernen |video2brain.com
"https://www.youtube.com/watch?v=EE1hflFtz64", Struts 2 – Crashkurs Tutorial: Die Architektur kennenlernen |video2brain.com
"https://www.youtube.com/watch?v=A9oeKoBmK3Q", Struts 2 – Crashkurs Tutorial: Was ist Struts? |video2brain.com
"https://www.youtube.com/watch?v=n_a4Q1RpEms", Struts 2 – Crashkurs Tutorial: Trailer |video2brain.com
"https://www.youtube.com/watch?v=55TNFerwTuU", Arduino für Einsteiger Tutorial: Das Setup |video2brain.com
"https://www.youtube.com/watch?v=YQdRbZP-aro", Arduino für Einsteiger Tutorial: Trailer |video2brain.com
"https://www.youtube.com/watch?v=CB8C_Upnb0A", Schaltungen mit dem Raspberry Pi Tutorial: Entfernungen mit Ultraschall messen |video2brain.com
"https://www.youtube.com/watch?v=YpMTh-jyvv0", Schaltungen mit dem Raspberry Pi Tutorial: Trailer |video2brain.com
"https://www.youtube.com/watch?v=meNJb33mZQM", Python 3 – Grundlagen Tutorial: Dateien kopieren und verschieben |video2brain.com
"https://www.youtube.com/watch?v=_Lebu01x1QI", Python 3 – Grundlagen Tutorial: Sequenzielle Datentypen |video2brain.com
"https://www.youtube.com/watch?v=czDOauCrCcI", Python 3 – Grundlagen Tutorial: IDLE |video2brain.com
"https://www.youtube.com/watch?v=Vao4jjGM2vw", SQL-Tuning Tutorial: Outer Join beschleunigen |video2brain.com
"https://www.youtube.com/watch?v=w3MXSNWYyGc", Python 3 – Grundlagen Tutorial: Trailer |video2brain.com
"https://www.youtube.com/watch?v=4L6x8O30HSE", SQL-Tuning Tutorial: Filter-Operatoren für Texte |video2brain.com
"https://www.youtube.com/watch?v=PR_403sZxMo", SQL-Tuning Tutorial: Tabellen normalisieren |video2brain.com
"https://www.youtube.com/watch?v=yCSZuAlK5ro", C – Grundlagen Tutorial: Die if-Anweisung |video2brain.com
"https://www.youtube.com/watch?v=EAyPI8sVvJc", SQL-Tuning Tutorial: Trailer |video2brain.com
"https://www.youtube.com/watch?v=9fehGX9E7og", C – Grundlagen Tutorial: Arithmetische Operationen |video2brain.com
"https://www.youtube.com/watch?v=auPcmkoyGgk", C – Grundlagen Tutorial: Character und Strings |video2brain.com
"https://www.youtube.com/watch?v=NhtixABJQ8Y", C – Grundlagen Tutorial: Compiler & Tools |video2brain.com
"https://www.youtube.com/watch?v=urk3uG7Qhns", C – Grundlagen Tutorial: Trailer |video2brain.com
"https://www.youtube.com/watch?v=pALQWnxwWMU", Java EE 7 – Geschäftsanwendungen Tutorial: Beans für die View-Ebene definieren |video2brain.com
"https://www.youtube.com/watch?v=uV9_ihALhZ4", Java EE 7 – Geschäftsanwendungen Tutorial: Benannte Abfragen definieren |video2brain.com
"https://www.youtube.com/watch?v=eIWZQ5jE68E", Unity: Einführung ins Skripting Tutorial: Objekte zerstören |video2brain.com
"https://www.youtube.com/watch?v=FrtU-qePxtI", Java EE 7 – Geschäftsanwendungen Tutorial: Datenbank installieren |video2brain.com
"https://www.youtube.com/watch?v=-By27bJdrs0", Unity: Einführung ins Skripting Tutorial: Vergleiche und logische Operatoren |video2brain.com
"https://www.youtube.com/watch?v=_4a54Yo0mcE", Java EE 7 – Geschäftsanwendungen Tutorial: Trailer |video2brain.com
"https://www.youtube.com/watch?v=4CjwZ8lkaZU", Unity: Einführung ins Skripting Tutorial: Verbindung mit Unity |video2brain.com
"https://www.youtube.com/watch?v=PzFhJ-zIfRw", Unity: Einführung ins Skripting Tutorial: Trailer |video2brain.com
"https://www.youtube.com/watch?v=kCIdO82grio", Android Studio – Crashkurs Tutorial: Designelemente einbinden |video2brain.com
"https://www.youtube.com/watch?v=SPIPVHTtoyQ", Android Studio – Crashkurs Tutorial: Benutzeroberfläche kennenlernen |video2brain.com
"https://www.youtube.com/watch?v=EWyvByRXrDM", Android Studio – Crashkurs Tutorial: Android Studio im Überblick |video2brain.com
"https://www.youtube.com/watch?v=uUs1N4RSnpE", Android Studio – Crashkurs Tutorial: Trailer |video2brain.com
"https://www.youtube.com/watch?v=kYsFwsVRGM8", Kanban – Grundlagen Tutorial: Boardmanager bestimmen |video2brain.com
"https://www.youtube.com/watch?v=JPqPIjJadh0", Kanban – Grundlagen Tutorial: Gründe für die Einführung von Kanban |video2brain.com
"https://www.youtube.com/watch?v=zuK33ihuCDQ", Kanban – Grundlagen Tutorial: Zielsetzung des Video-Trainings |video2brain.com
"https://www.youtube.com/watch?v=K1TiGZ7lyGQ", Kanban – Grundlagen Tutorial: Trailer |video2brain.com
"https://www.youtube.com/watch?v=1_-yalCN5ts", Mobile Apps mit Cordova Tutorial: Dateien transferieren |video2brain.com
"https://www.youtube.com/watch?v=aACxHKhu_OQ", Mobile Apps mit Cordova Tutorial: Allgemeine Ressourcen verwenden |video2brain.com
"https://www.youtube.com/watch?v=aY4q7Lw-KHY", Mobile Apps mit Cordova Tutorial: Plattformen hinzufügen |video2brain.com
"https://www.youtube.com/watch?v=c29bSlRrIQs", Mobile Apps mit Cordova Tutorial: Apps testen |video2brain.com
"https://www.youtube.com/watch?v=jZBj6kYvfGk", Mobile Apps mit Cordova Tutorial: Trailer |video2brain.com
"https://www.youtube.com/watch?v=uYYjEOag9Io", Programmieren mit Groovy Tutorial: Null-Pointer mit Elvis lösen |video2brain.com
"https://www.youtube.com/watch?v=lonJoUxFPv0", Programmieren mit Groovy Tutorial: Die Groovy-Programmiersprache im Überblick |video2brain.com
"https://www.youtube.com/watch?v=X9qPADIHK_g", Java EE 7 – Web Services Tutorial: Trailer |video2brain.com
"https://www.youtube.com/watch?v=C_TZ8KiPWo8", Programmieren mit Groovy Tutorial: Trailer |video2brain.com
"https://www.youtube.com/watch?v=qX18gM1RZ00", Universal Windows Apps Tutorial: Oberfläche für beide Welten designen |video2brain.com
"https://www.youtube.com/watch?v=W1i9rctMuJg", Softwarearchitektur Tutorial: Praktische Modellierung mit UML in Visual Studio 2013 |video2brain.com
"https://www.youtube.com/watch?v=t-WGGLMSvU8", Softwarearchitektur Tutorial: Eine gemeinsame Sprache mit dem Kunden finden |video2brain.com
"https://www.youtube.com/watch?v=JR0DcWAtDLA", Universal Windows Apps Tutorial: Trailer |video2brain.com
"https://www.youtube.com/watch?v=41DuNiaEC-Q", Softwarearchitektur Tutorial: Architektur und Softwarearchitektur im Vergleich |video2brain.com
"https://www.youtube.com/watch?v=c3upacLLJ0A", Softwarearchitektur Tutorial: Trailer |video2brain.com
"https://www.youtube.com/watch?v=9T7Hrg8V2yY", Generics mit C# Tutorial: Primäre Einschränkungen |video2brain.com
"https://www.youtube.com/watch?v=MtYQtrIciMs", Java EE 7 Tutorial: Überblick über die EJB Lite |video2brain.com
"https://www.youtube.com/watch?v=Wm0gciz61ss", Generics mit C# Tutorial: Repository erstellen |video2brain.com
"https://www.youtube.com/watch?v=89DpDxbXX24", Visual Basic für Einsteiger Tutorial: Taschenrechner |video2brain.com
"https://www.youtube.com/watch?v=V_NZh-s8kFA", Generics mit C# Tutorial: Generische Klassen |video2brain.com
"https://www.youtube.com/watch?v=RUSzsoKIIN8", Java EE 7 Tutorial: Bean-Discovery-Modus |video2brain.com
"https://www.youtube.com/watch?v=t2GhbxWWtW0", Visual Basic für Einsteiger Tutorial: Schleifen, Schleifentypen |video2brain.com
"https://www.youtube.com/watch?v=nIwwqdLhmx0", Java EE 7 Tutorial: Was ist die Java EE? |video2brain.com
"https://www.youtube.com/watch?v=hFB-mwK5rIs", Visual Basic für Einsteiger Tutorial: Programmieren im Code-Fenster |video2brain.com
"https://www.youtube.com/watch?v=lXl3BVprKhI", Generics mit C# Tutorial: Trailer |video2brain.com
"https://www.youtube.com/watch?v=eW7_GA3sNDg", Programmieren mit Swift Tutorial: Trailer |video2brain.com
"https://www.youtube.com/watch?v=hqbELVd0spM", Java EE 7 Tutorial: Trailer |video2brain.com
"https://www.youtube.com/watch?v=FhNYEiR9evU", Visual Basic für Einsteiger Tutorial: Programme gemäß .NET entwickeln |video2brain.com
"https://www.youtube.com/watch?v=Mr2NTsSq3So", Visual Basic für Einsteiger Tutorial: Trailer |video2brain.com
"https://www.youtube.com/watch?v=oDGUmUuuIOc", Klassendiagramme mit UML Tutorial: Was sind Pakete |video2brain.com
"https://www.youtube.com/watch?v=G5oC5gKlRTw", Klassendiagramme mit UML Tutorial: Eigene Datentypen |video2brain.com
"https://www.youtube.com/watch?v=0R2pe-W0uHw", Klassendiagramme mit UML Tutorial: Was ist UML |video2brain.com
"https://www.youtube.com/watch?v=oSs4jgffk7g", Klassendiagramme mit UML Tutorial: Trailer |video2brain.com
"https://www.youtube.com/watch?v=P6yL9Us24mg", Team Foundation Server 2013 Tutorial: Burndown Chart |video2brain.com
"https://www.youtube.com/watch?v=P-MjF49DhQc", MVVM und Prism Tutorial: Event Aggregator einsetzen |video2brain.com
"https://www.youtube.com/watch?v=b2Q4yLrEd-w", Events und Delegates in C# Tutorial: Lambda Ausdrücke verwenden |video2brain.com
"https://www.youtube.com/watch?v=G7Or0Sbu3_U", Team Foundation Server 2013 Tutorial: Kapazitäten planen |video2brain.com
"https://www.youtube.com/watch?v=1IWf_whkDmo", MVVM und Prism Tutorial: Eingaben validieren |video2brain.com
"https://www.youtube.com/watch?v=1GEnh4lT-eY", Events und Delegates in C# Tutorial: Delegates kapseln |video2brain.com
"https://www.youtube.com/watch?v=nW5Gpoy2MBM", Team Foundation Server 2013 Tutorial: Was ist Application Lifecycle Management |video2brain.com
"https://www.youtube.com/watch?v=eRcGVAiVZOA", MVVM und Prism Tutorial: Vergleich von Frameworks |video2brain.com
"https://www.youtube.com/watch?v=Cspvd7T6Glo", Events und Delegates in C# Tutorial: Aufruf eines Delegate |video2brain.com
"https://www.youtube.com/watch?v=VFb6yNwR1gg", Team Foundation Server 2013 Tutorial: Trailer |video2brain.com
"https://www.youtube.com/watch?v=8TSAARNNyok", MVVM und Prism Tutorial: Trailer |video2brain.com
"https://www.youtube.com/watch?v=LtKnxZxPEAk", Events und Delegates in C# Tutorial: Trailer |video2brain.com
"https://www.youtube.com/watch?v=ZDDZcbeNcM0", Spring Framework Tutorial: Hibernate – die Theorie |video2brain.com
"https://www.youtube.com/watch?v=PstJXLnp2aE", Microsoft Code Contracts Tutorial: Komplexe Ausdrücke |video2brain.com
"https://www.youtube.com/watch?v=pBsOt6lVDw4", Team Foundation Server 2013 – Quellcodeverwaltung Tutorial: Code Reviews |video2brain.com
"https://www.youtube.com/watch?v=IRSPYDZTXd0", Versionskontrolle mit Git und SVN Tutorial: Arbeitsordner einrichten |video2brain.com
"https://www.youtube.com/watch?v=bJE9EHSPLlM", Team Foundation Server 2013 Tutorial: Teamprojekt anlegen |video2brain.com
"https://www.youtube.com/watch?v=tf83YOLTwXg", Spring Framework Tutorial: Was ist aspektorientierte Programmierung |video2brain.com
"https://www.youtube.com/watch?v=cEAeRxq7u00", Microsoft Code Contracts Tutorial: Was ist Microsoft Code Contracts |video2brain.com
"https://www.youtube.com/watch?v=BnMnDy5lRbE", Team Foundation Server 2013 – Quellcodeverwaltung Tutorial: .NET Projekt hinzufügen |video2brain.com
"https://www.youtube.com/watch?v=BMg_agdKfoU", Versionskontrolle mit Git und SVN Tutorial: Konzept von GIT |video2brain.com
"https://www.youtube.com/watch?v=Nb-Lw9zcg40", Team Foundation Server 2013 Tutorial: SharePoint 2013 installieren |video2brain.com
"https://www.youtube.com/watch?v=ypOSb9IGXFE", Team Foundation Server 2013 – Quellcodeverwaltung Tutorial: Grundlagen |video2brain.com
"https://www.youtube.com/watch?v=i-yelynfIfU", Versionskontrolle mit Git und SVN Tutorial: Merging |video2brain.com
"https://www.youtube.com/watch?v=0NgAPW5CisY", Team Foundation Server 2013 Tutorial: Architektur des Team Foundation Server |video2brain.com
"https://www.youtube.com/watch?v=or2aNdjadak", Spring Framework Tutorial: Trailer |video2brain.com
"https://www.youtube.com/watch?v=szRy3iMTuww", Microsoft Code Contracts Tutorial: Trailer |video2brain.com
"https://www.youtube.com/watch?v=bLbrnKLQrEM", Team Foundation Server 2013 – Quellcodeverwaltung Tutorial: Trailer |video2brain.com
"https://www.youtube.com/watch?v=9320hDyBg-8", Versionskontrolle mit Git und SVN Tutorial: Trailer |video2brain.com
"https://www.youtube.com/watch?v=YHsIoxt12MQ", Visual Studio 2013 Tutorial: Trailer |video2brain.com
"https://www.youtube.com/watch?v=d2vnRFQatzo", Team Foundation Server 2013 Tutorial: Trailer |video2brain.com
"https://www.youtube.com/watch?v=am_JDsAbq90", async/await in .NET 4.5 Tutorial: TAP-Pattern in .NET 4.5 |video2brain.com
"https://www.youtube.com/watch?v=Lvzbl8hVxBE", async/await in .NET 4.5 Tutorial: Asynchrone Programmierung im .NET |video2brain.com
"https://www.youtube.com/watch?v=jzDPBb6YkLo", async/await in .NET 4.5 Tutorial: Trailer |video2brain.com
"https://www.youtube.com/watch?v=rIltSLE0Mxo", Neuerungen in Visual Studio 2013 Tutorial: Browserlink |video2brain.com
"https://www.youtube.com/watch?v=owYkVqPSI3E", Neuerungen in Visual Studio 2013 Tutorial: Navigieren zu |video2brain.com
"https://www.youtube.com/watch?v=6JmpSDkn9ds", Neuerungen in Visual Studio 2013 Tutorial: Farbschema |video2brain.com
"https://www.youtube.com/watch?v=SOSKMYjNOdU", Mathematica und Wolfram Language Tutorial: Funktionale Programmierung |video2brain.com
"https://www.youtube.com/watch?v=Djimq5iqN8c", Neuerungen in Visual Studio 2013 Tutorial: Trailer |video2brain.com
"https://www.youtube.com/watch?v=3wtGvfn2_Uc", Mathematica und Wolfram Language Tutorial: Eingebaute Funktionen |video2brain.com
"https://www.youtube.com/watch?v=Oh0h4o09D3I", Entity Framework 6.1 Code First Tutorial: Einfache Abfragen |video2brain.com
"https://www.youtube.com/watch?v=lMRoBra4p_g", Entity Framework 6.1 Code First Tutorial: Änderung in Datenbank übertragen |video2brain.com
"https://www.youtube.com/watch?v=3qFX2LBNF2M", Mathematica und Wolfram Language Tutorial: Notebooks/Die Benutzeroberfläche |video2brain.com
"https://www.youtube.com/watch?v=8B71otfBKTY", Mathematica und Wolfram Language Tutorial: Trailer |video2brain.com
"https://www.youtube.com/watch?v=0fJA2NbVj4w", Entity Framework 6.1 Code First Tutorial: Modelle |video2brain.com
"https://www.youtube.com/watch?v=NChAFo1hAF0", Entity Framework 6.1 Code First Tutorial: Trailer |video2brain.com
"https://www.youtube.com/watch?v=CpeWveu0ZrA", MapKit für iOS-Entwickler Tutorial: Start und Zielpunkt verbinden |video2brain.com
"https://www.youtube.com/watch?v=56USDc8NLTQ", iOS-Spieleprogrammierung mit SpriteKit Tutorial: Spiel beenden |video2brain.com
"https://www.youtube.com/watch?v=Ws-YQs_LFbE", iOS 7 für Entwickler Tutorial: Layout ohne Constraints erstellen |video2brain.com
"https://www.youtube.com/watch?v=CzcPN3ojaAc", Java 8 Neuerung Tutorial: Typische Zeitoperationen |video2brain.com
"https://www.youtube.com/watch?v=EQMmXp6KpY0", André Krämer - Consultant, Trainer, Fachbuchautor
"https://www.youtube.com/watch?v=FMbeLoTrHNY", MapKit für iOS-Entwickler Tutorial: Interessante Orte einbinden |video2brain.com
"https://www.youtube.com/watch?v=xSiy7kY4k3c", iOS-Spieleprogrammierung mit SpriteKit Tutorial: Paddel erzeugen |video2brain.com
"https://www.youtube.com/watch?v=kL7kuOZMWTY", iOS 7 für Entwickler Tutorial: Inhalt übersichtlich darstellen |video2brain.com
"https://www.youtube.com/watch?v=6iVNTAt-U2Q", Java 8 Neuerung Tutorial: Streams erzeugen |video2brain.com
"https://www.youtube.com/watch?v=8b9NU-oZXWs", iOS 7 für Entwickler Tutorial: Benutzeroberfläche in Xcode 5 |video2brain.com
"https://www.youtube.com/watch?v=KYUAnBVxgHg", Java 8 Neuerung Tutorial: Lambda-Ausdrücke |video2brain.com
"https://www.youtube.com/watch?v=cCdHWIsVsA8", MapKit für iOS-Entwickler Tutorial: Trailer |video2brain.com
"https://www.youtube.com/watch?v=8zAclsxXPzo", iOS 7 für Entwickler Tutorial: Trailer |video2brain.com
"https://www.youtube.com/watch?v=owS4TuCF7xE", Java 8 Neuerung Tutorial: Trailer |video2brain.com
"https://www.youtube.com/watch?v=HUSquBKNILw", Android Studio Tutorial: Unterbrechungspunkte und Variablen |video2brain.com
"https://www.youtube.com/watch?v=jHNVQWUso3Y", Android Studio Tutorial: Arbeitsbereich anpassen |video2brain.com
"https://www.youtube.com/watch?v=7vX3mMfB8no", Android Studio Tutorial: Android SDK konfigurieren |video2brain.com
"https://www.youtube.com/watch?v=rIEkOaOXC6c", Android Studio Tutorial: Trailer |video2brain.com
"https://www.youtube.com/watch?v=9tPfdhYSLbA", ASP.NET Web API Tutorial: Trailer |video2brain.com
"https://www.youtube.com/watch?v=QQUWIbCPo-s", Programmieren lernen -- Refactoring Code Tutorial: |video2brain.com
"https://www.youtube.com/watch?v=jkBLjS3fylY", Programmieren lernen -- Refactoring Code Tutorial: If-Statements-Lesbarkeit |video2brain.com
"https://www.youtube.com/watch?v=TsrpHWaORS8", Programmieren lernen -- Refactoring Code Tutorial: Code-Smells mit Extract-Methode |video2brain.com
"https://www.youtube.com/watch?v=WOwqIBii9PY", Programmieren lernen -- Refactoring Code Tutorial: Trailer |video2brain.com
"https://www.youtube.com/watch?v=VKXmpDlljrc", MySQL Tutorial: Globale, lokale und Session Variable |video2brain.com
"https://www.youtube.com/watch?v=w7-mOkvt-s8", MySQL Tutorial: Merge |video2brain.com
"https://www.youtube.com/watch?v=w6qDaFe-3xQ", Programmieren lernen -- effizienter Code Tutorial: Algorithmen verbessern |video2brain.com
"https://www.youtube.com/watch?v=gar9LGmkq5Y", MySQL Tutorial: Geschichtliche Entwicklung |video2brain.com
"https://www.youtube.com/watch?v=uR1Joi0CTYg", Programmieren lernen -- effizienter Code Tutorial: Monitoring-Tools in Windows |video2brain.com
"https://www.youtube.com/watch?v=rhnV6oOS_kI", MySQL Tutorial: Trailer |video2brain.com
"https://www.youtube.com/watch?v=c8zz8VFLOow", Raspberry Pi für Fortgeschrittene Tutorial: Trailer |video2brain.com
"https://www.youtube.com/watch?v=ZvR1CZthdvg", Programmieren lernen -- effizienter Code Tutorial: Regel 1: Tun Sie nichts! |video2brain.com
"https://www.youtube.com/watch?v=xfAih-VuAZg", Programmieren lernen -- effizienter Code Tutorial: Trailer |video2brain.com
"https://www.youtube.com/watch?v=9Cfu-3MsKQk", NetBeans IDE 8.0 Tutorial: Debuggen |video2brain.com
"https://www.youtube.com/watch?v=Bb-KQo3Doc4", NetBeans IDE 8.0 Tutorial: JavaFX-Projekt auf FXML-Basis erstellen |video2brain.com
"https://www.youtube.com/watch?v=legdhFCzmPM", NetBeans IDE 8.0 Tutorial: Texte internationalisieren |video2brain.com
"https://www.youtube.com/watch?v=5vECgIyy3rQ", NetBeans IDE 8.0 Tutorial: Eclipse-Projekt importieren |video2brain.com
"https://www.youtube.com/watch?v=7nHboCLF5Tk", Programmieren lernen -- ODD: UML-Tools |video2brain.com
"https://www.youtube.com/watch?v=QXS3BL0mpBA", NetBeans IDE 8.0 Tutorial: Trailer |video2brain.com
"https://www.youtube.com/watch?v=J6z1QfKzlMQ", Programmieren lernen -- ODD: Beziehungen definieren |video2brain.com
"https://www.youtube.com/watch?v=xenzlOPd7xg", Programmieren lernen -- ODD Tutorial: Objektbeschreibung |video2brain.com
"https://www.youtube.com/watch?v=kpbALWjnBN8", Programmieren lernen -- ODD Tutorial: Problemanalyse und -lösung |video2brain.com
"https://www.youtube.com/watch?v=tZGGuhQGoEQ", Programmieren lernen -- ODD Tutorial: Trailer |video2brain.com
"https://www.youtube.com/watch?v=J_oV-d1jE78", Datenzugriff mit Micro O/R-Mapper Tutorial: Abfragen mit Relationen in PetaPoco |video2brain.com
"https://www.youtube.com/watch?v=S59uUzzXLYo", Datenzugriff mit Micro O/R-Mapper Tutorial: Daten mit Dapper Extensions |video2brain.com
"https://www.youtube.com/watch?v=5G9JFCRHDL8", Datenzugriff mit Micro O/R-Mapper Tutorial: Relationen in Dappern abfragen |video2brain.com
"https://www.youtube.com/watch?v=-ZGiQiQr4n4", Datenzugriff mit Micro O/R-Mapper Tutorial: Trailer |video2brain.com
"https://www.youtube.com/watch?v=YqGrs0iVxNI", JavaFX Scene Builder Tutorial: Mächtig, aber einfach |video2brain.com
"https://www.youtube.com/watch?v=y4M6A-UU2BU", JavaFX Scene Builder Tutorial: Accordion und TitledPane |video2brain.com
"https://www.youtube.com/watch?v=ptrVtnJFe3g", JavaFX Scene Builder Tutorial: Scene Builder installieren |video2brain.com
"https://www.youtube.com/watch?v=EBa-xo9h6ek", Reguläre Ausdrücke Tutorial: Bereitstellung mittels JavaScript |video2brain.com
"https://www.youtube.com/watch?v=QBT2tVsB2u0", JavaFX Scene Builder Tutorial: Trailer |video2brain.com
"https://www.youtube.com/watch?v=jpnG8CGuAXE", Reguläre Ausdrücke Tutorial: Tabellenkalkulation |video2brain.com
"https://www.youtube.com/watch?v=8DJn_KBsYlA", Reguläre Ausdrücke Tutorial: Patterns |video2brain.com
"https://www.youtube.com/watch?v=bIaBzypVf4M", Reguläre Ausdrücke Tutorial: Trailer |video2brain.com
"https://www.youtube.com/watch?v=rw1Mae5Afec", Programmierung Tutorials Trailer
"https://www.youtube.com/watch?v=z8tbV2a0psM", Raspberry Pi Tutorial: Videobearbeitung mit avconv |video2brain.com
"https://www.youtube.com/watch?v=rXSVDQJJrtY", Datenbank-Grundlagen Tutorial: Eins-zu-viele-Beziehung video2brain.com
"https://www.youtube.com/watch?v=_1p7oS__J-g", Datenbankprogrammierung mit Java Tutorial: Daten eintragen |video2brain.com
"https://www.youtube.com/watch?v=gBP8-M4pkNY", Raspberry Pi Tutorial: USB-Stick oder Festplatte einbinden |video2brain.com
"https://www.youtube.com/watch?v=Mpkg0RnkMkw", Datenbank-Grundlagen Tutorial: Primärschlüssel |video2brain.com
"https://www.youtube.com/watch?v=_vz-PVOZfMM", Datenbankprogrammierung mit Java Tutorial: Ein Datenbankprojekt anlegen |video2brain.com
"https://www.youtube.com/watch?v=dLXZYr-o4T4", Datenbank-Grundlagen Tutorial: Begriffserklärungen |video2brain.com
"https://www.youtube.com/watch?v=ERHIolpSQ24", Raspberry Pi Tutorial: Den RaspberryPi zusammenbauen |video2brain.com
"https://www.youtube.com/watch?v=fjBn-GhthS0", Datenbankprogrammierung mit Java Tutorial: Datenbank-Management-System |video2brain.com
"https://www.youtube.com/watch?v=mHKevSynQ3Q", Raspberry Pi Tutorial: Trailer |video2brain.com
"https://www.youtube.com/watch?v=2Ah-a1tUWKQ", Datenbank-Grundlagen Tutorial: Trailer |video2brain.com
"https://www.youtube.com/watch?v=Ug-SehnFCdM", Datenbankprogrammierung mit JavaTutorial: Trailer |video2brain.com
"https://www.youtube.com/watch?v=CeQqD3nkGcw", Test Driven Development Tutorial: Spike |video2brain.com
"https://www.youtube.com/watch?v=WS1Csy03GOw", Test Driven Development Tutorial: Wandelndes Skelett |video2brain.com
"https://www.youtube.com/watch?v=jJv8oaRtZVs", CakePHP Tutorial: Überblick über Views |video2brain.com
"https://www.youtube.com/watch?v=ktJRlAdZhZE", ASP.NET MVC5 Tutorial: Code First |video2brain.com
"https://www.youtube.com/watch?v=_w4rnvcG5Ck", Test Driven Development Tutorial: Outside-In Test Driven Development |video2brain.com
"https://www.youtube.com/watch?v=O261tcYeoiM", CakePHP Tutorial: Daten anzeigen |video2brain.com
"https://www.youtube.com/watch?v=3Dpv4PerRvA", ASP.NET MVC5 Tutorial: Die Razor-Syntax |video2brain.com
"https://www.youtube.com/watch?v=CcuL5jPQw1w", Test Driven Development Tutorial: Trailer |video2brain.com
"https://www.youtube.com/watch?v=FaRF1o34oNU", ASP.NET MVC5 Tutorial: Trailer |video2brain.com
"https://www.youtube.com/watch?v=Jl6Hp-bMQGs", CakePHP Tutorial: Aufgaben eines Frameworks |video2brain.com
"https://www.youtube.com/watch?v=wUkdC4PeXrU", CakePHP Tutorial: Voraussetzungen für CakePHP |video2brain.com
"https://www.youtube.com/watch?v=d8mpFEQ6SCE", CakePHP Tutorial: Trailer |video2brain.com
