"https://www.youtube.com/watch?v=XrN72U3_eCY", How to Change Country/Region on iPhone
"https://www.youtube.com/watch?v=-Buq5hVXzIE", How to transfer photos from your Mac to your iPhone
"https://www.youtube.com/watch?v=IsLrRkKNwWo", How to Transfer Photos from an iPhone to a Mac computer
"https://www.youtube.com/watch?v=0vZ8Vm9w9Ms", How to Transfer Files Data From a Mac to Windows PC via an External Hard Drive
"https://www.youtube.com/watch?v=J4Bo7MDCSs4", How to Download and Install Bluestacks 5 on Windows 10 (2021)
"https://www.youtube.com/watch?v=GDeC5s1iGT4", How to Set up Call Forwarding on iPhone
"https://www.youtube.com/watch?v=FYWRrzs1rTo", How to Check the Hertz of a Monitor on Windows 10
"https://www.youtube.com/watch?v=RlemB9SaD4Q", How to Partition C Drive on Windows 10 Without Formatting (2021)
"https://www.youtube.com/watch?v=bQLL9dK3klo", How To Install Hyper Terminal On Windows 10
"https://www.youtube.com/watch?v=JhOBqnsa7_o", How to Airdrop from Mac to iPhone | How to AirDrop a file from your Mac to iPhone
"https://www.youtube.com/watch?v=iLjexHLpcYc", How to Change Language of Microsoft Office (2021)
"https://www.youtube.com/watch?v=Aymhf_SwScw", How to Airdrop from iPhone to Mac | How to AirDrop a file from your iPhone to Mac
"https://www.youtube.com/watch?v=UY5kwmIse4o", How to Delete a Drive Partition on Windows 10 (2021)
"https://www.youtube.com/watch?v=bpGjh67H6DI", How to Change Drive Letter in Windows 10
"https://www.youtube.com/watch?v=u8Lg9TQUlyc", How to Partition a Hard Drive in Windows 10 (2021)
"https://www.youtube.com/watch?v=quRCSb_T8mE", How to Find Monitor Refresh Rate (HZ) on WINDOWS 10 | Check Hertz of a Monitor in Windows 10 (2021)
"https://www.youtube.com/watch?v=C_T9J7ov8ss", How to Create a Gmail Signature with Images | Create a Gmail signature
"https://www.youtube.com/watch?v=MLUTN5Z6v9k", How to Reset Keyboard Dictionary on Apple iPhone
"https://www.youtube.com/watch?v=g1N4ceWr1MI", How to turn on Assistive Touch on iPhone
"https://www.youtube.com/watch?v=pIbxvTsjqLw", How To Install Git Bash On Windows 10 (2021)
"https://www.youtube.com/watch?v=Q4OagF0xyX0", How to Enable and Disable Call Forwarding in iPhone
"https://www.youtube.com/watch?v=9TfeozFWs8I", How To Show Battery Percentage On iPhone 12
"https://www.youtube.com/watch?v=hA39-wqbMgY", How to Turn On/Off Push Notifications on iPhone
"https://www.youtube.com/watch?v=A-zOyavCCWE", How to Turn Mobile Data On / Off on Apple iPhone
"https://www.youtube.com/watch?v=QYh62JM-Aiw", How to Turn ON Background App Refresh on iPhone
"https://www.youtube.com/watch?v=y_JXzY3gFN8", How to Turn on AirDrop on a Mac to Send and Receive Files
"https://www.youtube.com/watch?v=_ApkVxX3azw", How to Create a Hotspot on iPhone And Share an Internet Connection
"https://www.youtube.com/watch?v=CnkUBjB4QrA", How to Turn on AirDrop on a iPhone to Send and Receive Files | How to use AirDrop on your iPhone
"https://www.youtube.com/watch?v=sNtr-CpoOW8", How to Change the Language on an iPhone
"https://www.youtube.com/watch?v=tCrUUTvFHlU", How to Change App Store Country On iPhone
"https://www.youtube.com/watch?v=11vVZK0gNtU", How to Change the Language on an IPad or iPod touch
"https://www.youtube.com/watch?v=XPnbBv5mCCg", How To Change The Wallpaper On iPad
"https://www.youtube.com/watch?v=G5wT2FitAC8", How To Change The Wallpaper On iPhone
"https://www.youtube.com/watch?v=XSiurHgLBTc", How to Change the Wallpaper on Mac
"https://www.youtube.com/watch?v=MIguAKxjSIg", How to Remove Google Account from Android Phone | Remove a Google Account from Your Android Device
"https://www.youtube.com/watch?v=4djC43NG2xY", How To Change Language On MacBook Back to English
"https://www.youtube.com/watch?v=MF0I7kl5UhE", How To Change System Language in iPhone | How To Change Language On iPhone (2021)
"https://www.youtube.com/watch?v=9p7ni1ZBOtI", How To Change Desktop Wallpaper On MacBook | Change the Desktop Picture Background on Mac
"https://www.youtube.com/watch?v=efwQ9dVcKyw", How To Change System Language in Mac | How To Change Language On MacBook (2021)
"https://www.youtube.com/watch?v=OXcIPXh5XoY", How To Add or Remove Contact Photos On Android Mobile Phone
"https://www.youtube.com/watch?v=sJEsgCA0e8c", How To Remove Google Account From Gmail App On Android Device
"https://www.youtube.com/watch?v=BhHp_VR4h3g", How to Change Language in Microsoft Word back to English
"https://www.youtube.com/watch?v=niNLjzAihJE", How to Delete an Unwanted Blank Page in Microsoft Word | How to Delete a Page in Microsoft Word
"https://www.youtube.com/watch?v=pOWZMkit09w", How To View Multiple Pages on MS Word at Once
"https://www.youtube.com/watch?v=n5A0X27uBtc", How to Change Language in Microsoft Word
"https://www.youtube.com/watch?v=vxjEjRvcchA", How to Insert Page Breaks in Microsoft Word
"https://www.youtube.com/watch?v=rLXarLYptVo", How to Back Up Your Android Phone Contacts to Google Contacts
"https://www.youtube.com/watch?v=V3o57MU5eoE", How to Install Visual Studio Code (VSCode) on Windows 10 (2021)
"https://www.youtube.com/watch?v=CXAVVvZugwk", How to Mirror/Share Your iPhone Screen on Mac Computer
"https://www.youtube.com/watch?v=tbFX-qrTEKw", How to Allow Quicktime Player to Access Facetime HD Camera on Mac | QuickTime Doesn't have Access
"https://www.youtube.com/watch?v=__7eOCxJyow", How to Install Node.js on Window 10 (2021)
"https://www.youtube.com/watch?v=DkYuuFT2PCw", How to Import Google Contacts to iPhone
"https://www.youtube.com/watch?v=CscdNsf4DHk", How to Mirror/Share Your IPad Screen on Mac Computer
"https://www.youtube.com/watch?v=bb_LoXAC-zE", How to Install Git on Windows 10 + Setting Up Git and GitHub on Windows 10 (2021)
"https://www.youtube.com/watch?v=ppbFIIBFnlo", How to Create a Second Instagram on iPhone 12
"https://www.youtube.com/watch?v=ZDk9c7d2-I0", How To Hide Your Caller ID When Making a Phone Call From iPhone
"https://www.youtube.com/watch?v=9iy0X7FAbzM", How to Change the Profile Picture on Your Mac Computer | Change a User Account Picture on a macOS
"https://www.youtube.com/watch?v=ZXfx-RdCSjk", How to Install ‎Google Chrome App on iPhone (2021)
"https://www.youtube.com/watch?v=0yuEKanQKAY", How to Install Ruby on Windows 10
"https://www.youtube.com/watch?v=x2uIY7cp9Fs", How to Install Instagram App on iPhone (2021)
"https://www.youtube.com/watch?v=ms1iY9Y2IR4", How to Install Facebook App on iPhone (2021)
"https://www.youtube.com/watch?v=YiXHhDZaiIw", How to Install YouTube App on iPhone (2021)
"https://www.youtube.com/watch?v=Zu65u4wjCnk", How to Import Contacts from SIM card to iPhone (2021)
"https://www.youtube.com/watch?v=Iwh-qGUt-Nc", How to Transfer Contacts from Android to iPhone 12 (2021)
"https://www.youtube.com/watch?v=zJlY0eYloOU", How to Download and Install Google Chrome on Windows 10 (2021)
"https://www.youtube.com/watch?v=VQWbJtyNXWc", How to Install Firefox Browser on Windows 10 (2021)
"https://www.youtube.com/watch?v=Ozw41T--iQA", How to Change Your Windows 10 Password (2021)
"https://www.youtube.com/watch?v=Ba1vzmGcrCU", Extract Text From an Image Using Microsoft Word | Image to Text
"https://www.youtube.com/watch?v=cJ6m64dUPkM", How To Disable OneDrive On Your Windows 10 | Stop syncing a folder in OneDrive
"https://www.youtube.com/watch?v=Ngzsn_NUDMA", How to create, build and run a Java Hello World Program with IntelliJ IDEA on Ubuntu 20 04 LTS Linux
"https://www.youtube.com/watch?v=9lGQBe5Wi8k", Fix Microphone Not Working on Windows 10 (2021)
"https://www.youtube.com/watch?v=JqP1C_DYe6E", How to Record a Meeting in Zoom with Video and Audio
"https://www.youtube.com/watch?v=s64zUZ3RTwc", How to Recover Unsaved or Lost Excel Files | Recover an Unsaved or Deleted Excel File (2021)
"https://www.youtube.com/watch?v=3dxo52BV210", How to Format External Hard Drives on a Mac OS
"https://www.youtube.com/watch?v=ALelx_X1lsc", How To Install and Code Python on Android With Pydroid 3 | Execute Python Code in Android smartphone
"https://www.youtube.com/watch?v=aIqfNNPDlEo", How to create, build and run a Java Hello World Program with NetBeans on Ubuntu 20.04 LTS Linux
"https://www.youtube.com/watch?v=R8McSo19myo", How to Create And Add an Electronic Signature in Microsoft Word (2021)
"https://www.youtube.com/watch?v=spqXs9pDr2U", Convert Excel to PDF Online for free | Easiest Way (2021)
"https://www.youtube.com/watch?v=JyRH6HnN_Oo", How to Convert Word File to PDF | Easiest Way (2021)
"https://www.youtube.com/watch?v=5CVg_f4o4V4", How to Remove the Background of an Image | Free & Fast (2021)
"https://www.youtube.com/watch?v=-MyRj80YhZU", How to create, build and run Java Hello World Program with Eclipse on Ubuntu 20.04 LTS Linux (2021)
"https://www.youtube.com/watch?v=ajKhjoWQTYI", How to Run Java Program in Terminal Ubuntu Linux (2021)
"https://www.youtube.com/watch?v=3FI_c-QP9vE", How To Install Microsoft Teams on Ubuntu 20.04 LTS (2021)
"https://www.youtube.com/watch?v=Co1wGxTcX_w", How to Split Screen in Windows 10 (2021)
"https://www.youtube.com/watch?v=SUPoqRPn9to", How to Install VirtualBox on Ubuntu 20.04 LTS (2021)
"https://www.youtube.com/watch?v=haLNdy2ozrc", How to Show Internet Speed on Taskbar in Windows 10
"https://www.youtube.com/watch?v=YgEFfP2m6vU", How to Move Taskbar in Windows 10
"https://www.youtube.com/watch?v=0sgCfsIf4PU", How to Install Parrot Security OS on Mac using VirtualBox
"https://www.youtube.com/watch?v=_fHRtAwlCGQ", How To Mirror Android Smartphone Screen On Mac (2021)
"https://www.youtube.com/watch?v=88gPc6_Hlxg", How to Format External Hard Drive for Mac and Windows 10
"https://www.youtube.com/watch?v=96OByGW3jpI", How to Install Python 3.9.1 on Windows 10 (2021)
"https://www.youtube.com/watch?v=8jgLGuNSZEk", How to Install Twitch App on Windows 10 PC
"https://www.youtube.com/watch?v=WXIFMKoZPXY", How to Change Your Mouse DPI in Windows 10 (2021)
"https://www.youtube.com/watch?v=SaBwQgtjwUc", Link or Unlink OneDrive with Microsoft Account in Windows 10
"https://www.youtube.com/watch?v=SzA_MggyiJA", How to Fix WiFi Keeps Disconnecting On Windows 10 (2021)
"https://www.youtube.com/watch?v=xYpqI7GRrvE", How to Install Go on Windows 10 (2021)
"https://www.youtube.com/watch?v=pnD541gnKl8", How to Install 7-Zip for Extracting ZIP Files (2021)
"https://www.youtube.com/watch?v=T_qnV-HTb-M", How to Download and Install Microsoft Power BI Desktop for Windows 10 (2021)
"https://www.youtube.com/watch?v=6ax9NLg-x1g", How to install Ubuntu on macOS / Mac
"https://www.youtube.com/watch?v=PFFyJyzOi4M", How to Install PyCharm IDE on macOS (2021) | PyCharm on Mac
"https://www.youtube.com/watch?v=hye7fnGCVyU", How to Install Android Studio on macOS (2021) | Android Studio on Mac
"https://www.youtube.com/watch?v=Gy3aAve6euw", How to Install Eclipse IDE on macOS (2021) | Eclipse on Mac
"https://www.youtube.com/watch?v=W8UXBodBnpg", How to Install NetBeans IDE on macOS (2021) | Netbeans 12 on Mac
"https://www.youtube.com/watch?v=wcnLlT2iRA8", How to Upgrade Your Mac to macOS Big Sur | How to Install macOS Big Sur on Mac
"https://www.youtube.com/watch?v=-O9BLU8jNA8", How to Fix Network Connection Issues in Windows 10
"https://www.youtube.com/watch?v=VqyrnUD14O0", How to Factory Reset a Mac
"https://www.youtube.com/watch?v=9DR5DEbhIDY", How to Share PowerPoint Slides in Microsoft Teams
"https://www.youtube.com/watch?v=t7b7Tj4qUxk", How to Create an Electronic Signature
"https://www.youtube.com/watch?v=gMuSdCJKNDE", Windows 10 : How to Reset Your Computer to Factory Settings
"https://www.youtube.com/watch?v=D18rhkGq0BE", How to install Windows 10 on macOS / Mac
"https://www.youtube.com/watch?v=-xuWCYgt6NQ", How to Edit PDF File in Word
"https://www.youtube.com/watch?v=VrCMz60b3Qw", How to Add a Bluetooth Device in Windows 10 | Pair a Bluetooth Device with Windows 10
"https://www.youtube.com/watch?v=OIx7feIviz8", How to Mirror iPad to Mac via USB lightning cable
"https://www.youtube.com/watch?v=g-XFlQc642U", How to Connect Bluetooth Devices to Your Mac
"https://www.youtube.com/watch?v=JuQyRoxRw9Y", How to Setup Screen Sharing Between Two Mac Machines | How To Remote Access A Mac
"https://www.youtube.com/watch?v=Ntk1UjBfKOM", Fix External Hard Drive Not Showing Up or Recognized in Windows 10
"https://www.youtube.com/watch?v=44NDdYJY1l4", Connect an Android phone to a Windows 10 PC via Bluetooth
"https://www.youtube.com/watch?v=InGVW16_9LU", How to Share iPad Screen on Mac (Wireless method)
"https://www.youtube.com/watch?v=hl6bd32rewI", How to Uninstall Chrome on Mac
"https://www.youtube.com/watch?v=pnn2Fdgst2o", How to Remove Junk Files to Cleanup Your Windows 10 PC
"https://www.youtube.com/watch?v=B6U9Yy6Si2s", How to install Zoom on Windows 10
"https://www.youtube.com/watch?v=L0Uobhk6iKI", How To Install Microsoft Teams on Windows 10
"https://www.youtube.com/watch?v=v3Q8LFNISNs", How to Cast Android Screen on Mac
"https://www.youtube.com/watch?v=JQyHM90jv8c", How to Convert Excel to PDF
"https://www.youtube.com/watch?v=J86Wbs_5kzs", How to Record Screen using Microsoft PowerPoint
"https://www.youtube.com/watch?v=ebnNy5yEkvc", How to Import CSV File Into Excel
"https://www.youtube.com/watch?v=5BDLGMmbTKI", How to Fix Internet Connection Issues in Windows 10
"https://www.youtube.com/watch?v=n06bGo5ftJY", VLOOKUP Tutorial for Excel - When and how to use it
"https://www.youtube.com/watch?v=fIm_t7yx0Jg", How to Remove Background from Image
"https://www.youtube.com/watch?v=FevBe_sh590", Learn Excel Formulas Tutorials (Important Formulas for Beginners)
"https://www.youtube.com/watch?v=yjYQoKrGctg", How to Convert Word to PDF
"https://www.youtube.com/watch?v=bmYA8hBFmMw", How to Convert Image to Word Document
"https://www.youtube.com/watch?v=SfRrFKIh2x0", How to Activate Microsoft Office with Product Key
"https://www.youtube.com/watch?v=SPNu3XrAC4c", How to Convert PDF to Word
"https://www.youtube.com/watch?v=PXZShFu5WLQ", How to Download and Install Selenium WebDriver
"https://www.youtube.com/watch?v=wgXiIkUp6jY", How to Install Bluestacks 4 on Mac
"https://www.youtube.com/watch?v=6saPN7UDxc4", How to Install Steam on Mac
"https://www.youtube.com/watch?v=RrGKYcP3dmA", How to Change User Login Picture on Mac
"https://www.youtube.com/watch?v=g-To9oh6QgQ", How to Open Rar File on Mac | How to Extract RAR Files on macOS
"https://www.youtube.com/watch?v=NFRzHQZSJvU", How to Install Ubuntu 20.04 LTS on VirtualBox On Mac
"https://www.youtube.com/watch?v=B3jNr8Zuhsc", How to Install Rufus | How to use Rufus to Create Bootable USB drive (Windows 10)
"https://www.youtube.com/watch?v=KFK23IG24V4", Image to Text with Python
"https://www.youtube.com/watch?v=n8lLAtVlt3Q", How to Install Windows 10 on Mac (with VirtualBox)
"https://www.youtube.com/watch?v=8dS23qJoNKQ", How To Run Windows Apps on Mac | Install Windows Apps on macOS
"https://www.youtube.com/watch?v=esyQp7aQYwA", How to Connect Bluetooth Speaker to Mac | Pair a macOS to Bluetooth Speaker
"https://www.youtube.com/watch?v=hd0Lbtly41Y", How to Install VirtualBox on Mac
"https://www.youtube.com/watch?v=MVvo0CuTrO0", How to Cast Phone to Windows 10 PC
"https://www.youtube.com/watch?v=FAzzuK0Unec", How to Use AppCleaner to Uninstall Apps on macOS
"https://www.youtube.com/watch?v=72nJKSgwWYQ", How to Add Signature in Gmail
"https://www.youtube.com/watch?v=CmgOWVosd1Y", How to Set Up IntelliJ Idea for Selenium on Mac
"https://www.youtube.com/watch?v=djwUo_AmE4M", How to Clear All Cache on Windows 10
"https://www.youtube.com/watch?v=LCgIckVAadc", How to Set Up IntelliJ Idea for Selenium on Windows 10
"https://www.youtube.com/watch?v=TFo2MRYY-Ts", How to install Microsoft Teams for Mac
"https://www.youtube.com/watch?v=-Sp2ZuS0-9s", How To Install ZOOM on a Mac
"https://www.youtube.com/watch?v=q7WZaFQxSBI", How to Install IntelliJ IDEA on Mac
"https://www.youtube.com/watch?v=vOLw1n4Rfzk", How to Install Java JDK 15 on macOS | Install Java JDK on Mac
"https://www.youtube.com/watch?v=1PdFl0S61rw", How to install FREE Video Editor on Windows 10
"https://www.youtube.com/watch?v=Dmswd4uN0jk", How to Install IntelliJ IDEA on Windows 10
"https://www.youtube.com/watch?v=Ep0Qrss4GJU", How to Install Java JDK 15 on Windows 10
"https://www.youtube.com/watch?v=jKxq25PhvVc", How to Completely Uninstall an App on Mac
"https://www.youtube.com/watch?v=RsKCrEhvHTc", How to Show to ~/Library Folder in MacOS
"https://www.youtube.com/watch?v=8T6MRxz0HCs", How to Install Google Chrome On Mac
"https://www.youtube.com/watch?v=9br25BHdLhI", How to Install PUBG Mobile Emulator Windows 10 PC
"https://www.youtube.com/watch?v=FfTEJP0wmbM", How to Get Microsoft Word for Free
"https://www.youtube.com/watch?v=1kfOlXiKDe4", How to Add Firebase to Android App project in Android studio
"https://www.youtube.com/watch?v=2FvIa4BADvA", How to Install Django on Windows 10
"https://www.youtube.com/watch?v=xO_8Jn0nJGg", How to Record your Screen in QuickTime Player on Mac
"https://www.youtube.com/watch?v=qm_jw5Qn0dQ", How to Install and Setup Flutter on Mac
"https://www.youtube.com/watch?v=BnV23ZEI34w", How To Install Ubuntu 20.04 LTS (Focal Fossa)
"https://www.youtube.com/watch?v=UmSWY3LxoZw", How to Install Telegram on Windows 10 PC
"https://www.youtube.com/watch?v=Oa8gYgK-oQw", How To Install ShotCut Video Editor In Windows 10
"https://www.youtube.com/watch?v=EtR0tgNH3sY", How to Set JAVA_HOME in Windows 10
"https://www.youtube.com/watch?v=cCt2ZQRKIys", How to Install LDPlayer 4 Android Emulator on Windows 10
"https://www.youtube.com/watch?v=s54BcZcrsxo", How to Play PUBG Mobile On Windows 10 PC | Official PUBG Mobile Emulator
"https://www.youtube.com/watch?v=4yMS4Q1z-hI", How to Screen Record on Mac
"https://www.youtube.com/watch?v=Z1w03C0r8GA", How to Add Custom DNS on Android
"https://www.youtube.com/watch?v=tdSfsA5Ckcg", How to Clean Up Windows 10 For Faster Performance
"https://www.youtube.com/watch?v=_Y-9E4wCzbQ", How To Setup A VPN Without any App On Android | Connect to a VPN on Android
"https://www.youtube.com/watch?v=d1860f-1ph8", How to Use Microsoft Office for Free
"https://www.youtube.com/watch?v=4lIY6-rux5Q", How to Connect/Pair Bluetooth Headphones/Speaker with Windows 10
"https://www.youtube.com/watch?v=GMN58isQdS4", How to Transfer Files Over a LAN using Windows 10
"https://www.youtube.com/watch?v=lxpa2h0M6H4", How To Disable Notifications On Google Chrome
"https://www.youtube.com/watch?v=Tx4CchAliT4", How to Enable Windows Defender in Windows 10
"https://www.youtube.com/watch?v=68J0FlE3P6o", How to Check System Specs on Windows 10
"https://www.youtube.com/watch?v=9s8saAeKEfg", How to Run Java Program in Command Prompt (CMD) in Windows 10
"https://www.youtube.com/watch?v=YJkYBrK0qKc", How to Add a Microsoft Account to Windows 10
"https://www.youtube.com/watch?v=uaaxYR8o-Fw", How to Connect to a VPN in Windows 10 (2 Easy Ways)
"https://www.youtube.com/watch?v=HxpRAq9xm94", How to Share Mobile Connection by HotSpot/Tethering on Android
"https://www.youtube.com/watch?v=5BP7s3ZqeA4", How To Get Dark Mode On Android Devices (Older then Android 10)
"https://www.youtube.com/watch?v=zOW8oipQ_hY", How to Change DNS Server in Android for Mobile Data and WiFi
"https://www.youtube.com/watch?v=OejN3TNPtbA", How to Find Your Wireless Network Security Key Password on Windows 10
"https://www.youtube.com/watch?v=1VkCIncDUAs", How To Download And Install GameLoop In Windows 10 PC
"https://www.youtube.com/watch?v=9Jzaz5FN9Gg", How to Clean C Drive On Windows 10
"https://www.youtube.com/watch?v=6EyCnqtaNss", How to Install and Use CCleaner
"https://www.youtube.com/watch?v=jet5cwfQ_MM", How to Check Which Graphics Card You Have on Windows 10
"https://www.youtube.com/watch?v=khuLEDRwsbg", How to Update Your Graphics Card on Windows 10
"https://www.youtube.com/watch?v=nr84nmJQVd0", Learn Macros in Microsoft Excel
"https://www.youtube.com/watch?v=FjbAti2TWm0", How to Delete Your Microsoft Account on Windows 10 | How to Remove Microsoft Account
"https://www.youtube.com/watch?v=1qFBjKMO60Y", Learn Pivot Tables in Microsoft Excel | What is a Pivot Table & How to Create It
"https://www.youtube.com/watch?v=6HlBkchg3H0", MS Excel - Pivot Charts
"https://www.youtube.com/watch?v=pLp5_bosCxs", How to Make Combo Charts in Excel
"https://www.youtube.com/watch?v=zpCSrE3f9f0", How to Create a Pie Chart in Excel
"https://www.youtube.com/watch?v=cWm8sxwDHR0", How to Setup an Android VPN Connection
"https://www.youtube.com/watch?v=4GLlF9Jqhe0", How To Upgrade To macOS Catalina | How to Install macOS 10.15 Catalina on Mac
"https://www.youtube.com/watch?v=EKE4PL-F8eI", How to Backup Your Mac with Time Machine
"https://www.youtube.com/watch?v=eISGofluGPw", How to Stop Windows 10 from Turning Off, Sleeping after Few Minutes
"https://www.youtube.com/watch?v=sg64pDdbkyg", How to record the screen on your Mac | How To Screen Record With Audio on macOS
"https://www.youtube.com/watch?v=gyhf66brmmM", How to Add or Remove Microsoft Account on Windows 10
"https://www.youtube.com/watch?v=3pagF-AN2kw", How To Set Up VPNBook FREE VPN on Windows 10
"https://www.youtube.com/watch?v=EK1qBm1xeoM", How to Install Java on Ubuntu 20.04 LTS
"https://www.youtube.com/watch?v=wwV_L3lKYYw", How to Uninstall Java on Mac | Removing Java from macOS
"https://www.youtube.com/watch?v=dqsU5v6zbEE", How to Unzip a File Using WinRAR
"https://www.youtube.com/watch?v=z62QOUouoZs", How to Install Notepad++ in Ubuntu 20.04 LTS
"https://www.youtube.com/watch?v=yp9CFQhEaUg", How to enable nested VTX/Amd-V On Virtualbox | Virtualbox enable nested vtx/amd-v greyed out
"https://www.youtube.com/watch?v=jMv29ZQ7huQ", How to Install & Setup OpenVPN on Windows 10
"https://www.youtube.com/watch?v=6KkQ_X8RkEE", How to Enable or Disable Gboard Floating Keyboard on Android
"https://www.youtube.com/watch?v=pTdZui64lQU", How To Stop Windows 10 From Automatically Installing Updates
"https://www.youtube.com/watch?v=CcwK_M-BQms", How To Setup a VPN in Windows 10 | How to manually configure VPN on Windows 10
"https://www.youtube.com/watch?v=zZQeYqRS1gM", How to Turn Off Sleep Mode on Your Windows 10
"https://www.youtube.com/watch?v=Iks_ljl8VHc", Clean Up Windows 10 | Two clicks For A Faster Computer | Make Your PC Faster
"https://www.youtube.com/watch?v=UUeCwYfMue8", How to Force Enable Dark Mode on Chrome in Windows 10
"https://www.youtube.com/watch?v=2vLK0moD31U", How to Update ANY Graphics Card Driver on Windows 10
"https://www.youtube.com/watch?v=BrMTFsEap0s", How to Hide the Taskbar in Windows 10
"https://www.youtube.com/watch?v=WCBi7H6-5lM", How to Disable Startup Programs on Windows 10
"https://www.youtube.com/watch?v=ihrzsH7XQ6Q", How to Check Graphics Card Specs in Windows 10
"https://www.youtube.com/watch?v=ITJ6G4rNpcc", How to Turn on Game Mode on Windows 10
"https://www.youtube.com/watch?v=Mdnc2JwXtiI", How to check the RAM type DDR3 or DDR4 in Windows 10
"https://www.youtube.com/watch?v=kpop_y9ecKw", How To Install IntelliJ IDEA IDE for Java on Windows 10
"https://www.youtube.com/watch?v=U09PaZZ-QTg", How to Fix Red X on WiFi Windows 10 | Fix WiFi Connection Problems
"https://www.youtube.com/watch?v=ao-xi9W5Rao", How to Install Visual Studio Code on Ubuntu 20.04 LTE Linux
"https://www.youtube.com/watch?v=P_0IbYnFyeU", How to Enable Dark Theme for File Explorer on Windows 10
"https://www.youtube.com/watch?v=X-DHaQLrBi8", How to Install Ubuntu on Windows 10 (WSL)
"https://www.youtube.com/watch?v=bXuOZOSYnzs", How to Change Google Chrome Language Back to English
"https://www.youtube.com/watch?v=Iu0s_VBGBJs", How To Enable Cookies On Google Chrome
"https://www.youtube.com/watch?v=1XWggM1WpIY", How To Enable Microphone In Google Chrome
"https://www.youtube.com/watch?v=kSPATwf4x1M", How to Change Language in Google Chrome
"https://www.youtube.com/watch?v=1EHUuvwmQTk", How to Allow or Block Camera Access in Google Chrome
"https://www.youtube.com/watch?v=TdUHfuvrtrg", How to Enable Dark Mode on Google Chrome
"https://www.youtube.com/watch?v=FT_IryYKMEI", How to Convert Video to Audio File Using VLC Media Player
"https://www.youtube.com/watch?v=JSUd4vwvdSY", How to Install Linux Ubuntu 20.04 LTS on Windows 10
"https://www.youtube.com/watch?v=oK6uMc7xIEk", How To Find Wi-Fi Password Using CMD For All Connected Networks
"https://www.youtube.com/watch?v=Zk_7In5HEBQ", How to Create Windows 10 Bootable USB Flash Drive with Rufus
"https://www.youtube.com/watch?v=sTKuC6bBNG4", How to Reset Windows 10 to Factory Settings Without Installation Disc or USB
"https://www.youtube.com/watch?v=Cg0SF9GeOw4", How to Fix WiFi Problems on Windows 10 | How To Fix WiFi Connection Problems in Windows 10
"https://www.youtube.com/watch?v=WKCvEniMNDs", How to Find your WiFi Password on Windows 10
"https://www.youtube.com/watch?v=VjlsyBPwv04", How to Enable Dark Mode in Windows 10 Officially
"https://www.youtube.com/watch?v=H02LxkE9ReA", How To Make A Windows 10 Bootable USB Flash Drive
"https://www.youtube.com/watch?v=wgbaMCGYQK0", How to install Ubuntu 20.04 on VMware in Windows 10
"https://www.youtube.com/watch?v=AIxWmospWVI", How to Change Username on Tiktok | Change Your TikTok Username
"https://www.youtube.com/watch?v=N6fgk4f0VUk", How to Find Your Computer Name on Windows 10
"https://www.youtube.com/watch?v=JT8EXoobjSc", How to Install Windows 10 on VirtualBox
"https://www.youtube.com/watch?v=05Gy9f8Wqvc", How to Install Free Antivirus for Windows 10
"https://www.youtube.com/watch?v=IPojmH-voYg", How to Factory Reset Windows 10 (2 Ways)
"https://www.youtube.com/watch?v=otOU2gG-eHc", How To Increase Local Disk Space on Windows 10 (Without Formatting or Losing data)
"https://www.youtube.com/watch?v=xcWzunyzM-U", How to Activate New Hard Drives and SSD’s Not Showing Up on Windows 10
"https://www.youtube.com/watch?v=6gYV1VjV7n0", Installing Ubuntu 20.04 On Windows 10 on VirtualBox + Install VirtualBox Guest Additions on Ubuntu
"https://www.youtube.com/watch?v=Iwvo0cgldlw", How To Reset Windows 10 From The Login Screen
"https://www.youtube.com/watch?v=sQCibUOAgJ8", How to check RAM, Memory and System Specs on Windows 10
"https://www.youtube.com/watch?v=BONPChjINn4", How to Download & Install CPU-Z on Windows 10
"https://www.youtube.com/watch?v=I7duqCkX3_8", How to Reset Windows 10 to Factory Default for Sale or Donation
"https://www.youtube.com/watch?v=XQCQlT3Dz1s", How to Reset Windows 10 without Losing Data
"https://www.youtube.com/watch?v=f3fk-mfkSBc", How to Install Kali Linux on VirtualBox + Install VirtualBox Guest Additions on Kali Linux
"https://www.youtube.com/watch?v=AY_RzuBFMUo", Top 25 Linux Commands With Examples | 25 Basic Linux commands for Beginners
"https://www.youtube.com/watch?v=kkhuqPDhDH4", How to set up Network File Sharing on Windows 10 | Enable Network Discovery and Configure Sharing
"https://www.youtube.com/watch?v=cWxhdzZhwS8", How To Run Windows Apps on Ubuntu Linux (Debian, Linux Mint)
"https://www.youtube.com/watch?v=k_iuTefIUMY", How to Install Google Chrome in Ubuntu 20.04 LTS Focal Fossa (Linux)
"https://www.youtube.com/watch?v=2JeVinFAU5Y", How to Fix Bluetooth Issues on Windows 10 | Fix Bluetooth Problems in Windows 10
"https://www.youtube.com/watch?v=UvcQlPZ8ecA", How to Install Python 3.8.2 on Windows 10
"https://www.youtube.com/watch?v=73uX1upWwIs", How to Connect JBL Flip 4 Speaker to Laptop or Desktop PC Computer via Bluetooth
"https://www.youtube.com/watch?v=AsjXSmMBeac", How to Connect Two PC Computers Via LAN Cable on Windows 10 | Connect 2 Laptops Through a LAN
"https://www.youtube.com/watch?v=MqG5yVBqwkg", How to Transfer Files Between Android and Windows 10 Via Bluetooth
"https://www.youtube.com/watch?v=9up2oPu-hkA", How to install VirtualBox Guest Additions on Kali Linux
"https://www.youtube.com/watch?v=JcOK4RIiL3Y", How to Download Kali Linux 2020.1 Version ISO File
"https://www.youtube.com/watch?v=rk0WcOT-Z2Y", How to install Avast Free Antivirus on Windows 10
"https://www.youtube.com/watch?v=XpXEAbyeb6I", How to Reset Network Settings in Windows 10 to Fix Internet Connection
"https://www.youtube.com/watch?v=65d4H0vWUdc", How to Create a Mobile Hotspot on Android Phone | Use Android Phone As Portable Wi-Fi Hotspot
"https://www.youtube.com/watch?v=iRExSTME-JI", How to Change Your Computer Name In Windows 10 | Change PC name
"https://www.youtube.com/watch?v=49VO_Xp1S0c", Android USB Tethering : How to Tether an Internet Connection of Android Phone
"https://www.youtube.com/watch?v=Kbez-XdXqrw", How Install VirtualBox Guest Additions on Ubuntu 20.04 Guest / virtual machine
"https://www.youtube.com/watch?v=xNQVjJ6yFYA", How to Download Ubuntu 20.04 LTS ISO File
"https://www.youtube.com/watch?v=VriK-mLixwk", How to Enable Adobe Flash Player on Chrome
"https://www.youtube.com/watch?v=ZvSRrVVhqV4", How to Update Drivers on Windows 10
"https://www.youtube.com/watch?v=i0wZkidoGgw", How To Record Screen on Windows 10 in HD FOR FREE
"https://www.youtube.com/watch?v=oXPK-rSgDRE", How to Find Computer Model & Serial Number of Windows 10 PC
"https://www.youtube.com/watch?v=2a-EdggVz4k", How To Find Motherboard Model Number in Windows 10
"https://www.youtube.com/watch?v=QJzEzP3QLMs", How to Fix Microphone Not Recording Voice in Windows 10
"https://www.youtube.com/watch?v=cBhTWoVKS8E", How to Know if Laptop/PC Supports MiraCast Technology
"https://www.youtube.com/watch?v=8dpssAzWKwQ", How to Transfer Files via Bluetooth on Windows 10
"https://www.youtube.com/watch?v=HYGE7eI8Eqw", How to Connect Bluetooth Speaker to Laptop
"https://www.youtube.com/watch?v=vuyGb9gtIU4", How To FIX Bluetooth Device Not Working On Windows 10
"https://www.youtube.com/watch?v=YqDegy7sUpU", How to Create a New User Account on Windows 10
"https://www.youtube.com/watch?v=Blq87zd6hJM", How to Check Mobile is MHL Supported or Not
"https://www.youtube.com/watch?v=8_ofcIxFy8k", How to Connect Mobile Internet to Laptop without USB Cable
"https://www.youtube.com/watch?v=P_qaykytkJw", How to Connect Mobile Internet to Laptop via USB Cable
"https://www.youtube.com/watch?v=LLlfLpvQg04", How to Install Linux Terminal on Windows 10
"https://www.youtube.com/watch?v=XqBL3oqEsQs", How to Connect Mobile to Laptop via USB Cable | Mirror your Android Screen to Laptop
"https://www.youtube.com/watch?v=EIleYOFPvog", How to Connect Mobile to Laptop | Share Mobile Screen on Laptop | Mirror Android Screen
"https://www.youtube.com/watch?v=SaG99UH1Keo", How to Install CodeBlocks, GCC Compiler on Windows 10 + Run Your First C program
"https://www.youtube.com/watch?v=T6_xbjLsnHE", Change Time Zone + Adjust Time and Date in Windows 10
"https://www.youtube.com/watch?v=BNPWy9S_e1g", How to Open Windows Command Prompt in Windows 10
"https://www.youtube.com/watch?v=kSHunPYosi0", How to Assign a Static IP Address in Windows 10
"https://www.youtube.com/watch?v=nw1wMabaMx4", ✔️ How to Enable Developer Mode in Windows 10
"https://www.youtube.com/watch?v=JbnqLLIDnSw", How to Extend C Drive in Windows 10 without any Software
"https://www.youtube.com/watch?v=A1KZVkgKLr4", React Tutorial | How To Setup Your First React App
"https://www.youtube.com/watch?v=Q1J_gYinNMc", How to Remove Network Shared Folder and Drive in Windows 10
"https://www.youtube.com/watch?v=N8v0awjxqsk", File Sharing Over A Network in Windows 10 | Share Files Over a Network in Windows 10
"https://www.youtube.com/watch?v=9BD264pKWzc", Change DNS To Google In Windows 10 | How to Set Up 8.8.8.8 DNS Server for Windows 10
"https://www.youtube.com/watch?v=te8KE71ndso", How To Add FREE VPN On WINDOWS 10
"https://www.youtube.com/watch?v=J605Fd-I6_4", How to Turn Off Windows Defender in Windows 10
"https://www.youtube.com/watch?v=RQ3JxYCmOsw", How To Uninstall Steam In Windows 10
"https://www.youtube.com/watch?v=ii0AB5cF8uw", How to Play YouTube Videos in Background on Android and iOS (No Additional App)
"https://www.youtube.com/watch?v=uRnLbLHMu7E", How to Set Up 1.1.1.1 DNS Server for Windows 10 | Change DNS To CloudFlare In Windows 10
"https://www.youtube.com/watch?v=EOa25gIAmnQ", How To Turn Windows 10 Computer Into a Wi-Fi Hotspot | Create WiFi Hotspot in Windows 10
"https://www.youtube.com/watch?v=KA3ZpLepBTE", How To Disable Pop Up Ads in Chrome + Disable Bottom Right/Left Side Ads
"https://www.youtube.com/watch?v=hconTxW6qQ4", How to Download and Install Bluestacks 4 on Windows 10
"https://www.youtube.com/watch?v=_aaIdz_QGCE", How to Record your Computer Desktop Screen with VLC Media Player
"https://www.youtube.com/watch?v=bsnW2LfxEsM", How to convert .MOV to .MP4 using VLC Media Player
"https://www.youtube.com/watch?v=lOrJlXA8IkM", How To Convert MP4 to MP3 with VLC Media Player
"https://www.youtube.com/watch?v=s7HwAgSOfoo", How to Install VLC Media Player in Windows 10
"https://www.youtube.com/watch?v=p84vpLoNYLc", How to Use OBS Studio to Record Screen | Record Your Computer Screen with OBS
"https://www.youtube.com/watch?v=zX6eh5615bE", How to Install Steam on Windows 10
"https://www.youtube.com/watch?v=vWlRzk58uko", How to Uninstall Programs in Windows 10 | Uninstall Apps on Windows 10
"https://www.youtube.com/watch?v=TXEyNQDIrwc", How to Install Notepad++ on Windows 10
"https://www.youtube.com/watch?v=6fz6HLdSMVY", The Best Way to Reduce Video Size on Windows 10 | Compress Large Videos
"https://www.youtube.com/watch?v=i8rjkre_RYw", How to Setup Eclipse IDE on Windows For Java Development + install Java JDK
"https://www.youtube.com/watch?v=mkmGhH0vQWA", How To Fix DNS Server Not Responding On Windows 10
"https://www.youtube.com/watch?v=y1SEaJlYAG0", How to Change DNS Settings on Windows 10 | Change the DNS Server
"https://www.youtube.com/watch?v=RAFZleZYxsc", How to Install and Setup PostgreSQL on Windows 10
"https://www.youtube.com/watch?v=EZAa0LSxPPU", How to install Postgres on macOS | How to setup PostgreSQL on MacOS
"https://www.youtube.com/watch?v=7m0qNH1fUZ0", CMD: How to Find All Wi-Fi Passwords With Only One command on Windows 10
"https://www.youtube.com/watch?v=XoKfUXVD1d8", How to Connect Two Computers and share files using LAN Cable on WINDOWS 10
"https://www.youtube.com/watch?v=CS4cAerlhy4", How to Speed Up Windows 10 in 2 clicks using Disk clean up
"https://www.youtube.com/watch?v=LmnMRCixwLU", How to Use Remote Desktop Connection Windows 10
"https://www.youtube.com/watch?v=h-laye1XRHw", How to Install OpenCV on PyCharm IDE | OpenCV Installation With PyCharm on Windows 10
"https://www.youtube.com/watch?v=-fdRJMuWXU4", Install OpenCV-Python in Windows 10 | Install OpenCV 4 on Windows
"https://www.youtube.com/watch?v=PVLPzU7gm1s", How to install Java JDK in Windows 10 + How to set JAVA_HOME in Windows 10
"https://www.youtube.com/watch?v=CoT687ohFhw", How to Boot into Safe Mode On Windows 10
"https://www.youtube.com/watch?v=qWnIDAA3MXs", How to Disable Windows Automatic Updates on Windows 10 Permanently
"https://www.youtube.com/watch?v=LmQIeTMqdtk", How To Change Your Profile Picture In Windows 10
"https://www.youtube.com/watch?v=C9M2l5vp5co", How To Disable Driver Signature Enforcement in Windows 10
"https://www.youtube.com/watch?v=gaxtRqrcWus", How to Install Eclipse IDE for Java on Windows 10 | Install Eclipse IDE 2019-12 on Windows10
"https://www.youtube.com/watch?v=l6RcvkjQi3M", How to Zip and Unzip Files on Your Mac | Compress or uncompress files and folders on Mac
"https://www.youtube.com/watch?v=Rf6vWAkpZJ8", How to Change Your Password on Mac
"https://www.youtube.com/watch?v=DjZV4Z0mdSk", How to Delete a User Account on Mac
"https://www.youtube.com/watch?v=5ngMH7dWBe8", How to Setup a New User Account On Mac
"https://www.youtube.com/watch?v=uOn4iMK1cjk", Reset your Windows 10 Local Account Password
"https://www.youtube.com/watch?v=lLqOZP8Swks", How To Fix Windows 10 Login Problems
"https://www.youtube.com/watch?v=w9kOIQTYLoA", How To Fix FPS Drop While Gaming in Windows 10
"https://www.youtube.com/watch?v=Fy1dy__HH-Q", How To Delete A User Account On Windows 10
"https://www.youtube.com/watch?v=vy77w893a64", How to Create a Guest Account in Windows 10
"https://www.youtube.com/watch?v=Lnm2dAC4PZM", How to Disable or Enable Windows Defender on Windows 10
"https://www.youtube.com/watch?v=j81FfHE2DlY", How To Change Password In Windows 10
"https://www.youtube.com/watch?v=bQDHc9GFILE", How To Password Protect a Folder on Windows 10 - No Additional Software Required
"https://www.youtube.com/watch?v=lR6a6PY_9z0", How To Install Audacity On Windows 10
"https://www.youtube.com/watch?v=ZN5QFevL7bg", How to Extract a RAR File on Windows 10
"https://www.youtube.com/watch?v=A14HRaCrOzw", How to Install WinRAR on Windows 10
"https://www.youtube.com/watch?v=Q7GW6v5DnFI", How to Install FFmpeg on Windows 10
"https://www.youtube.com/watch?v=PN3E-E82q9U", Solved : VirtualBox Failed to open session for Virtual Machine (FIX) (Windows 10)
"https://www.youtube.com/watch?v=L_FXttEdnrQ", DistroTest.net : Test Linux And Unix Operating Systems Online
"https://www.youtube.com/watch?v=8mns5yqMfZk", How to Install VirtualBox on Windows 10
"https://www.youtube.com/watch?v=sNQ3YMOTDVs", How to Install 7-Zip on Windows 10
"https://www.youtube.com/watch?v=5wtb5mdBvF4", Top C Programming Interview Questions | Commonly Asked C Programming Interview Questions
"https://www.youtube.com/watch?v=4qPhUEVSCt8", How to Install CodeBlocks IDE on Windows 10 with Compilers ( GCC , G++)
"https://www.youtube.com/watch?v=ebaYaw-NDe0", Learn Python Programming in 6 hours | Full Python Course for Beginners (Tutorial)
"https://www.youtube.com/watch?v=Ew_ReoK1zMc", How to Install Google Chrome on Windows 10
"https://www.youtube.com/watch?v=7RDx-AocRMY", How to install PyQt5 in Pycharm
"https://www.youtube.com/watch?v=chC3x8A6wRk", Bubble Sort Algorithms Visualization | Bubble Sort Visualization
"https://www.youtube.com/watch?v=yPFi103-G08", How To Install and Use Atom IDE on Windows 10
"https://www.youtube.com/watch?v=rps_gmFXSms", How To Change Keyboard Language on Windows 10 | How To Change Keyboard Language
"https://www.youtube.com/watch?v=EKjALzLLgVs", How to Install PyGame on Windows 10
"https://www.youtube.com/watch?v=4Rx_JRkwAjY", How to install Python 3.7.4 on Windows 10
"https://www.youtube.com/watch?v=L4BibNqHU_0", Learn Java Programming in 4 hours | Full Course for Beginners [Tutorial]
"https://www.youtube.com/watch?v=eeph3v4BqCw", How to Create a Simple Login Form Using Java Swing GUI (Windows Builder)
"https://www.youtube.com/watch?v=zTV_HPFVSHE", How to Convert any Python File to EXE (Convert PY to EXE)
"https://www.youtube.com/watch?v=L9FKgUiCLh8", Creating and Running Your First Tkinter Python Project in Pycharm
"https://www.youtube.com/watch?v=T8fkild0LIE", How to Install Matplotlib On PyCharm IDE
"https://www.youtube.com/watch?v=dpQEs6tE1XU", How to Install Python Pip On Ubuntu 18.04 LTS / Ubuntu 20.04 LTS
"https://www.youtube.com/watch?v=SZUNUB6nz3g", How to Install PyCharm IDE on Windows 10
"https://www.youtube.com/watch?v=mYTJrzTrFII", How To Install numpy Package on PyCharm IDE
"https://www.youtube.com/watch?v=NuXIHZgBKoI", How to use Anaconda for Python Programming
"https://www.youtube.com/watch?v=i2ytTSkB9UU", How to Uninstall Docker on Your macOS
"https://www.youtube.com/watch?v=zUQSkIbpPlA", How to add an Email Account to Mac Mail
"https://www.youtube.com/watch?v=OqR9_kQS9dE", How to Install OBS Studio on macOS + How to Use OBS (Open Broadcaster Software)
"https://www.youtube.com/watch?v=l6-84SJB5aw", How To Install Adobe Acrobat Reader DC on Windows 10
"https://www.youtube.com/watch?v=7Q149vpaxIw", How To Convert MP4 to MP3 with VLC Media Player
"https://www.youtube.com/watch?v=RCu9NV_fRMQ", How to Change Language In VLC Media Player
"https://www.youtube.com/watch?v=vINNBmfsx-8", How to Download and Install VLC Media Player in Windows 10
"https://www.youtube.com/watch?v=4fRhNd22io0", How to Install Python PIP Packages in PyCharm
"https://www.youtube.com/watch?v=z0WDNPX9ZFA", How to Download and Install Jenkins on Windows 10
"https://www.youtube.com/watch?v=y1IJGlqBWcE", How to Install Emacs on Windows 10
"https://www.youtube.com/watch?v=j61dqr7geRo", How to Install Sublime Text 3 on Windows 10
"https://www.youtube.com/watch?v=70dN5jqumAs", How to Install Eclipse + Java Development Kit JDK on Windows 10
"https://www.youtube.com/watch?v=nqXWfXNc0gs", GitHub Pages Beginners Tutorial - Host Website on GitHub
"https://www.youtube.com/watch?v=wvRt4zKD-ag", How to Change User Name of Account in Windows 10 | How to Change Your Account Name on Windows 10
"https://www.youtube.com/watch?v=OITOfAfmL5s", How to Create a New User Account on Windows 10 | How to Create a Guest User Account
"https://www.youtube.com/watch?v=42EEJh5YIk4", How To Remove Password From Windows 10 | How to Disable Windows 10 Login Password
"https://www.youtube.com/watch?v=7vsZgB_bB5s", How to Install MongoDB on Windows 10 / Windows 8
"https://www.youtube.com/watch?v=T57dXVZ2y4Q", How to Export a Video in iMovie
"https://www.youtube.com/watch?v=H6u4D53Bqdo", How to Delete your iMovie Library Videos to Make it Faster
"https://www.youtube.com/watch?v=0-beFvQ9HS0", How to find a Wi-Fi password on Mac
"https://www.youtube.com/watch?v=6AVC3X88z6E", Как установить Maven в Windows
"https://www.youtube.com/watch?v=MagVFNEiVWE", How To Create Google Play Developer Console Account
"https://www.youtube.com/watch?v=CTRBv45F5I0", What is Scala?
"https://www.youtube.com/watch?v=beFty4R9kp4", What is Redis?
"https://www.youtube.com/watch?v=i3tYp88YHbI", How to Make a Makefile (C++ / C) (Makefile Tutorial)
"https://www.youtube.com/watch?v=yXMb7SC9gHg", How to compile and run C++ program using G++ on Ubuntu 18.04 LTS (Linux) / Ubuntu 20.04 LTS
"https://www.youtube.com/watch?v=oLjN6jAg-sY", How to Compile and Run C program Using GCC on Ubuntu 18.04 LTS (Linux) / Ubuntu 20.04 LTS
"https://www.youtube.com/watch?v=ysTIr2VFKUU", How to Show File Extensions on Windows 10
"https://www.youtube.com/watch?v=OFAD97wbHHo", How to Add Google Maps on WordPress Website
"https://www.youtube.com/watch?v=pP4zvduVAqo", How To Create YouTube API Key
"https://www.youtube.com/watch?v=sXW2VLrQ3Bs", How to Install MinGW (GCC/G++) Compiler in Windows 10
"https://www.youtube.com/watch?v=3lGhtIqT0Tk", How to Install Python 3.6 on Windows 10
"https://www.youtube.com/watch?v=gD8WhXwLVlU", How to Install Visual Studio Code on Windows 10
"https://www.youtube.com/watch?v=Fku0jktTrLA", How to Install 7-Zip on Windows 10
"https://www.youtube.com/watch?v=JMyyNg0nxs8", SOLVED : App can’t be opened because it is from an unidentified developer (on Mac)
"https://www.youtube.com/watch?v=8nbuqYw2OCw", How to Install FFMPEG on Mac
"https://www.youtube.com/watch?v=fpeMCuCKgHA", How to Install Wireshark on Windows 10
"https://www.youtube.com/watch?v=e7HRta-oG_c", How To Install Paint.net To Windows 10
"https://www.youtube.com/watch?v=uQYH6R9bMeE", How to Recover Deleted Files / Pictures From USB Flash Drive or SD Card
"https://www.youtube.com/watch?v=xiGC2I-qDgc", Как установить Google Chrome в Windows 10
"https://www.youtube.com/watch?v=nZrQsxCPT2s", How to Install Vagrant on Windows 8 / Windows 10
"https://www.youtube.com/watch?v=OlKWja-2izk", How to Setup C++ Development Environment on Mac OS X
"https://www.youtube.com/watch?v=MepMJDeveZU", How to Install Scala IDE Windows 10
"https://www.youtube.com/watch?v=Dg62Dj9EZa0", How to Set Up Honor 8 Pro VR Headset
"https://www.youtube.com/watch?v=eDT9E3UxVo0", How to Use the Split Screen on HUAWEI Honor 8 Pro (Dual Windows)
"https://www.youtube.com/watch?v=sqprcuckYoQ", How to Insert SIM and Micro SD card in HUAWEI Honor 8 Pro
"https://www.youtube.com/watch?v=0vjC2UHptU4", Install OpenCV in Ubuntu 16.04 / Ubuntu 18.04 LTS (Linux) / Ubuntu 20.04 LTS
"https://www.youtube.com/watch?v=ltYNt44c2xo", Install MySQL and Set MySQL root user password on Mac OS X
"https://www.youtube.com/watch?v=JGvbEk4jtrU", How to Install Redis on Mac OS
"https://www.youtube.com/watch?v=gNPgaBugCWk", How to Install Redis On Ubuntu 20.04 LTS / Ubuntu 18.04 LTS
"https://www.youtube.com/watch?v=188Fy-oCw4w", How to Install Redis on Windows 10
"https://www.youtube.com/watch?v=GPQG2_4Ueos", How To Install DirectX Graphics Tools on Windows 10
"https://www.youtube.com/watch?v=trr6tOGWarA", Unboxing : Apple Macbook Pro MD101HN/A 13-inch Laptop (flipkart)
"https://www.youtube.com/watch?v=yzg3o4b4ZZ8", How to Take a Screenshot on a Mac OS X
"https://www.youtube.com/watch?v=QOilmgbRdO8", Как включить Adobe Flash Player в браузере Chrome
"https://www.youtube.com/watch?v=BhmmLG_ZvGI", Как загрузить и установить Google Chrome в Mac OS X
"https://www.youtube.com/watch?v=8h3YjTvxALM", Как удалить программы на Mac | Постоянное удаление приложения на Mac
"https://www.youtube.com/watch?v=xXkclZ-VrIk", How to Download and Install official VLC Media Player on Mac
"https://www.youtube.com/watch?v=Ifq4l88CmCI", How to install Node.js on Mac OS X
"https://www.youtube.com/watch?v=virbysVCwPs", How To Change System Language in Mac OS X
"https://www.youtube.com/watch?v=63_kPIQUPp8", How to Install VirtualBox on Windows 10
"https://www.youtube.com/watch?v=FlnmIoxiC1M", How to change the size of Ubuntu screen in VMware - Install VMware Tools in a Ubuntu guest
"https://www.youtube.com/watch?v=ekV-Ebl0U54", How to change Windows 10 screen size in VMware - Install VMware Tools in a Windows guest
"https://www.youtube.com/watch?v=VCvgtJHiYmo", Как увеличить громкость динамиков вашего ноутбука в Windows 8 / Windows 10
"https://www.youtube.com/watch?v=LCTSjgxI-ag", How to Install Mozilla Firefox on Windows 10
"https://www.youtube.com/watch?v=T1XVahhWo68", How to Uninstall or Remove Skype for Business in Windows 8 / Windows 10
"https://www.youtube.com/watch?v=m6Zf8xWXxak", Create a Simple C# Application in Visual Studio 2015
"https://www.youtube.com/watch?v=TbHsOgtCMDc", How to Install Arduino Software (IDE) on Windows 10
"https://www.youtube.com/watch?v=yIeo1EGjA9w", VMware Authorization Service is not running [Solved]
"https://www.youtube.com/watch?v=VR6lMnD-X70", How to Install Node.js and NPM on Windows 8 / Windows 10
"https://www.youtube.com/watch?v=DBhHJrWRZhc", VMware Fix - Failed to lock the file Cannot open the disk 'xxxx.vmdk'
"https://www.youtube.com/watch?v=K6QiSKy2zoM", How to Install Nodejs and Npm on Ubuntu Linux
"https://www.youtube.com/watch?v=QlTYZ1aol6U", How to Disable Windows Automatic Updates on Windows 10
"https://www.youtube.com/watch?v=KvvnjqCiCMM", How to install TeamViewer on Windows 8 / Windows 10
"https://www.youtube.com/watch?v=J_Clau1bYco", Как установить и настроить Git и GitHub в Windows
"https://www.youtube.com/watch?v=1PTfh03TuqQ", How To Install Andy Android Emulator On Windows 10 / Windows 8
"https://www.youtube.com/watch?v=y1wM7tZEJUs", How To Install Google Chrome On Mac OS X
"https://www.youtube.com/watch?v=6wqxd5Eo0QA", How to Find Your Computer IP Address on Windows 8 / Windows 10
"https://www.youtube.com/watch?v=HbzqM8c1IAQ", How to Install Windows Movie Maker on Windows 10
"https://www.youtube.com/watch?v=SfWazCPo44w", Как решить проблему с ограниченным доступом Windows 10 Wifi
"https://www.youtube.com/watch?v=ncO8vekrfao", Как исправить звуковые или звуковые проблемы в Windows 10
"https://www.youtube.com/watch?v=e8kRoizHL1k", How to Install iTunes on a Windows 10
"https://www.youtube.com/watch?v=sNEcpw8LPpo", Maven Tutorial - How To Create a Maven Project using Eclipse IDE
"https://www.youtube.com/watch?v=zP2DEZHlrrc", How to Transform Windows 10 / Windows 8 to Alienware { Skin Pack }
"https://www.youtube.com/watch?v=20iBlR1kpCo", How to Install The Jarvis (Iron Man) Theme on Windows 8 / Windows 10
"https://www.youtube.com/watch?v=scRYfgW1bTI", How to Install WordPress Locally On Windows 8 / Windows 10
"https://www.youtube.com/watch?v=71OUBuwwFvM", Error : Unable to run mksdcard SDK tool in Ubuntu (Android Studio) - Solved
"https://www.youtube.com/watch?v=HD4W0MLos1M", Make Windows 8 / 8.1/10 look like Mac OS X Yosemite { Mac OS X Yosemite Skin Pack }
"https://www.youtube.com/watch?v=Fgun25sD280", How to make Windows 7/8/8.1 look like Ubuntu Linux using Ubuntu Skin Pack
"https://www.youtube.com/watch?v=IEQysUg4AxI", Make Windows 8 / 8.1 look like Mac OS X Mountain Lion using Mac OS Skin Pack
"https://www.youtube.com/watch?v=XET46fgTp5g", How to Download and Install Visual C++ Redistributable Packages for Visual Studio 2015
"https://www.youtube.com/watch?v=9oBIS6b-LB0", Как исправить ошибку приложения 0xc000007b
"https://www.youtube.com/watch?v=ADDE6xrywuM", How To Convert MOV video to MP4 video
"https://www.youtube.com/watch?v=edY2Yt4fYSc", How to Install WAMP And Fix MSVCR110.dll is Missing Error Problem
"https://www.youtube.com/watch?v=d2brLeGFqQ8", Windows 10 : How to Change Keyboard Layout
"https://www.youtube.com/watch?v=AVCcFyYynQY", How to Install Python PIP on Windows 8 / Windows 10
"https://www.youtube.com/watch?v=nVVbrj9-Fdw", Как установить Bluestacks в Windows 10
"https://www.youtube.com/watch?v=e9LVeMtWQac", Windows 10 : Boot to Desktop Without Entering a Password
"https://www.youtube.com/watch?v=0QMJpBtwXwg", How To Block Unwanted Ads and Pop-Ups on Google Chrome
"https://www.youtube.com/watch?v=Cs4RAgQ8AEI", How to Download and Install Mozilla Firefox on Windows 10
"https://www.youtube.com/watch?v=6YdBbDzCatY", How to Delete Google or Gmail Account from Samsung Galaxy
"https://www.youtube.com/watch?v=bGBSbO7vukU", How to Delete a Gmail Account from Samsung Galaxy Android Smartphone
"https://www.youtube.com/watch?v=5CLmTqQaUws", Creating First JavaFx Application In Eclipse IDE
"https://www.youtube.com/watch?v=e1fjF9t60dE", How To Install JavaFX Scene Builder
"https://www.youtube.com/watch?v=RVUE_NQkUdk", How to install CodeBlocks and Get Started with C Programming
"https://www.youtube.com/watch?v=KzyOI1wHBt8", How to Enable and Disable Cortana in Windows 10
"https://www.youtube.com/watch?v=_YmuR4aw9pM", Как загрузить и установить Java в Windows 10 (Java JDK в Windows 10) + Установить JAVA_HOME
"https://www.youtube.com/watch?v=2n6qpXQYBc4", Download and Install official VLC media player on Windows 10
"https://www.youtube.com/watch?v=6bJ85Tm02jU", Как удалить программы / приложения в Windows 10
"https://www.youtube.com/watch?v=5VF2tWVhTTQ", How To Fix ISDone.dll is Missing Error. (fix ISDone.dll Error)
"https://www.youtube.com/watch?v=fPZKCYQMymM", How To Fix X3DAudio1_7.dll is Missing Error.
"https://www.youtube.com/watch?v=_fLhhYg6Fhc", Create Twitter Bootstrap Project in Visual Studio 2015
"https://www.youtube.com/watch?v=fc8NrWUMD2c", How To Use Multiple Desktops in Windows 10
"https://www.youtube.com/watch?v=nG-jPCvB1wk", How to Set Default Browser For internet in Windows 10
"https://www.youtube.com/watch?v=4x8oRVMUQXg", Как загрузить и установить Google Chrome в Windows 10
"https://www.youtube.com/watch?v=vpTqe6xhPGA", How to Remove (Delete) Gmail Account from Android Phone
"https://www.youtube.com/watch?v=5smYx3enzbI", Windows 10 - Beginners Guide Tutorial - Windows 10 Tutorials - The Basics
"https://www.youtube.com/watch?v=lrPg4IAN2bs", How to Combine and Save Two Videos on Windows 8 / Windows 8.1
"https://www.youtube.com/watch?v=BuzPN0ue_Vo", How to Rotate & Save a Video Windows 8 / Windows 8.1
"https://www.youtube.com/watch?v=N08YL0b3Xbc", How to Install Bootstrap on Windows 10 / Windows 8
"https://www.youtube.com/watch?v=6eWszDJKJIY", How to Install Bluestacks On Windows 8 / Windows 8.1
"https://www.youtube.com/watch?v=KWhOXCfciwo", How to Fix d3dcompiler_43.dll Missing Error
"https://www.youtube.com/watch?v=3Sd7MepgvK8", How to download Google Web Designer to Create an AdWords campaign
"https://www.youtube.com/watch?v=xPlO-XU0c-M", How to Extract a tar.gz File in Linux using Terminal
"https://www.youtube.com/watch?v=J5EUv-HdsjE", How to Fix QtCore4.dll Missing Error On Your Computer
"https://www.youtube.com/watch?v=NzbbSo00w7c", C# Tutorial 2:Create Login Form with MySql
"https://www.youtube.com/watch?v=2etzK873cLs", How To Fix Mfc100.dll is Missing or Not Found Errors
"https://www.youtube.com/watch?v=4jnU3_-1QtE", How To Fix Xlive.dll is Missing or Not Found Errors
"https://www.youtube.com/watch?v=RJvTVsbxcuU", How to download and install Firefox on Windows 8 / Windows 8.1
"https://www.youtube.com/watch?v=aBphFsC1x6o", How to Install Google Chrome on Windows 8 / Windows 8.1
"https://www.youtube.com/watch?v=wo1xUqtKi-E", How to Find Your Saved WiFi Password on Windows 8 / Windows 8.1
"https://www.youtube.com/watch?v=M81gXTdjHF4", How to Extract Audio from Video files with VLC Media Player
"https://www.youtube.com/watch?v=Gzks-DdHDdE", How to Fix Xinput1_3.dll Missing Error !!!
"https://www.youtube.com/watch?v=BTFxoYXmTY0", How to Install Codeblocks on Ubuntu for C/C++
"https://www.youtube.com/watch?v=nCAK9OjWvAk", Install ssh server on Ubuntu Linux with OpenSSH
"https://www.youtube.com/watch?v=ULWkSCAyYts", How to install MySQL Workbench on Ubuntu
"https://www.youtube.com/watch?v=k10nty1PtAQ", How To Install Node.js on Ubuntu Linux
"https://www.youtube.com/watch?v=B7-J75g3ZV4", How to install MySQL on Ubuntu/Debian
"https://www.youtube.com/watch?v=YuFxDBG8IGQ", How to install the Netbeans IDE and Java JDK on Windows 8 / 8.1 or Windows 10
"https://www.youtube.com/watch?v=lPQCbPRTzxE", How To Download and Install Blender on Windows ( PC )
"https://www.youtube.com/watch?v=fZ_R4InTvTk", How to FIX MSVCR71.dll File Missing Error
"https://www.youtube.com/watch?v=GGhg8xpNBvI", How to FIX Mss32.dll File Missing Error
"https://www.youtube.com/watch?v=0zFm-O1P668", How to FIX Msvcrt.dll File Missing Error
"https://www.youtube.com/watch?v=UjxnqRl_AVk", How to FIX binkw32.dll File Missing Error
"https://www.youtube.com/watch?v=ObCZ96AvA60", Convert MKV to MP4 using VLC Media Player
"https://www.youtube.com/watch?v=gzhup_y0Mks", How To Download And Install Flash Player Easily
"https://www.youtube.com/watch?v=FUiTbfOjSzM", How to Create Your First C++ Program in Eclipse IDE
"https://www.youtube.com/watch?v=x64K8fSlYNE", How to FIX steam_api.dll File Missing Error
"https://www.youtube.com/watch?v=6lvy5efLotE", How to Install UBUNTU Linux in Windows 10/ Windows 8
"https://www.youtube.com/watch?v=oMc9M9IfCpQ", How to Fix MSVCR120D.dll Missing Error
"https://www.youtube.com/watch?v=jrhmn7r_YBk", How to Download and Install Visual C++ Redistributable Packages for Visual Studio 2013
"https://www.youtube.com/watch?v=WArOldKPYzo", Download & Install DirectX 11.2 on Windows 8.1 / Windows 8 / Windows 10
"https://www.youtube.com/watch?v=dai_E7_bXpo", Windows 10 Review - Top features
"https://www.youtube.com/watch?v=bIUoqHqzq1Q", How to Fix d3dx9_43.dll is Missing Error
"https://www.youtube.com/watch?v=H8WuKaHslvA", How to Fix MSVCR120.dll Missing Error
"https://www.youtube.com/watch?v=bjTYXyetIOY", How to Fix MSVCR110.dll is Missing Error
"https://www.youtube.com/watch?v=0nZQMfzSmtw", How To Fix MSVCP100.dll is Missing Error
"https://www.youtube.com/watch?v=Cv1rJOyUnbc", How To Fix MSVCP110.dll is Missing Error
"https://www.youtube.com/watch?v=1BT1MmEyjm8", How to Embed a YouTube video in Powerpoint Presentation
"https://www.youtube.com/watch?v=aunvDqtFTow", How to Extract ISO (.iso) File and Use them Without a DISC, CD or USB
"https://www.youtube.com/watch?v=gpP8x7qC-R0", How to Run Android Apps on Your PC
"https://www.youtube.com/watch?v=5DX6pNcnxOc", How to Install TELEGRAM App on PC ( Windows 8 / Windows 8.1 )
"https://www.youtube.com/watch?v=cVNue0qajHM", Install Qt Creator in Ubuntu 14.04 LTS
"https://www.youtube.com/watch?v=Dwb8OJj-bGU", How to install cmake version in Linux/Ubuntu
"https://www.youtube.com/watch?v=-1L7STJc-Tg", How to Install Chromium Web Browser in Ubuntu Linux (Google Chrome)
"https://www.youtube.com/watch?v=9WGgOHjQqYA", How to Download and Install Notepad++ on Windows 8 /on windows 8.1
"https://www.youtube.com/watch?v=VNG-tL41_Q4", Clear Browsing History, Cookies and Stored Data on Mozilla Firefox
"https://www.youtube.com/watch?v=3B4hPHZNtNw", How to install CodeBlocks 13.12 with Compilers ( GCC , G++ , GDB ... )
"https://www.youtube.com/watch?v=4mR3QGJI0N4", Download and Install official VLC media player on Windows 8 / 8.1
"https://www.youtube.com/watch?v=TbbS2cJvBBk", Windows 8 - How to install mozilla firefox
"https://www.youtube.com/watch?v=UnHKFIFN6p8", How to install Jarvis theme on Windows 7 or Windows 8 / 8.1
"https://www.youtube.com/watch?v=yBB0ui4ad6k", How to get HUD Black and Gold Theme for Win7/8/8.1
"https://www.youtube.com/watch?v=o8jMkGJnvEw", How to Install Clash of Clans for PC on Windows PC
"https://www.youtube.com/watch?v=_3JN-EPLpy0", Downloading and Installing VLC Media Player in Windows 8 / 8.1
"https://www.youtube.com/watch?v=ELuAQPfoV0k", How to Download and Install Google Chrome Windows 8 / 8.1
"https://www.youtube.com/watch?v=XZWpjTbuuqA", Windows 10 Theme Skinpack for Windows 8 / Windows 8.1
"https://www.youtube.com/watch?v=hgcTKHuq7LE", Microsoft Excel Tutorial for Beginners #1 - Overview
"https://www.youtube.com/watch?v=OzmjkLOYtDE", Как конвертировать документы Word в PDF
"https://www.youtube.com/watch?v=G_-F1bi_i8M", Как конвертировать документ PDF в Word
"https://www.youtube.com/watch?v=bGKJX12op8U", Windows History (Windows 3.0 - Windows 8)
"https://www.youtube.com/watch?v=T7vKZDSDXO4", How To Download and Install Custom Themes on Windows 8 / Windows 8.1
"https://www.youtube.com/watch?v=NET8kdsS_-A", How to change resolution of the Ubuntu guest on VirtualBox
"https://www.youtube.com/watch?v=SDFg2vkIIyI", How to Download and Install iTunes on Windows 8 / Windows 8.1 Free
"https://www.youtube.com/watch?v=vzUjrmfz-Aw", How to download and install Firefox on Windows 8 / Windows 8.1
"https://www.youtube.com/watch?v=aVu5DjSMe60", Downloading and Installing Java 8 (JDK) on Windows 8 / Windows 8.1
"https://www.youtube.com/watch?v=Q0A-KBnw_zo", Download and Install Microsoft Visual Studio 2013 express HD Tutorial
"https://www.youtube.com/watch?v=Ji5HO-Hv6qw", Как вернуть меню «Пуск» в Windows 8.1 / Windows 8
"https://www.youtube.com/watch?v=ENnuedtURmc", How To Download and Install Windows 8 / Windows 8.1 trial on virtualbox
"https://www.youtube.com/watch?v=fClYVoMdDt0", Amazing zoo experience!
"https://www.youtube.com/watch?v=32ag1RzlrwU", C# How to Convert Image to JPEG ,png ,or Other Picture File
"https://www.youtube.com/watch?v=e1uMdAG8L3Y", How to Create a PDF document file in C#
"https://www.youtube.com/watch?v=6ua-IegyKB4", C# Tutorial - Creating Chart in C# Windows Forms Application
"https://www.youtube.com/watch?v=71VDDzxQKc0", How to use Ubuntu - Beginners Linux Guide - Getting Started
"https://www.youtube.com/watch?v=HEhSheYYqm4", Linux Terminal commands and navigation for Beginners
"https://www.youtube.com/watch?v=buOGR1qhe0w", Как конвертировать MP4 в MP3 с помощью VLC Media Player
"https://www.youtube.com/watch?v=d4lJp67sIBU", How to use Windows Live Movie Maker For Beginners
"https://www.youtube.com/watch?v=1Vt-YlqNvO0", How to Download and install Windows Movie Maker For Windows 8.1 / 7
"https://www.youtube.com/watch?v=4Dh7MubQ_5Q", How to Install Network Simulator 2 ( ns2 ) on Ubuntu Linux
"https://www.youtube.com/watch?v=QX1OS7p98kU", How To Install Arduino IDE in Ubuntu Linux
"https://www.youtube.com/watch?v=poAkIeAnweQ", How to Install Firefox mobile OS on Windows PC
"https://www.youtube.com/watch?v=wpiIGsxW7XU", How To Install Notepad++
"https://www.youtube.com/watch?v=XV8G7Ad3Vfs", How to Install Viber on Windows PC with or without Android Emulator
"https://www.youtube.com/watch?v=tYvnXMuaLM0", How to install and Run Talking Tom Cat 2 on PC (Windows 7/8/XP)
"https://www.youtube.com/watch?v=3kL6sCKNy_Q", How to Install Wechat in Windows PC
"https://www.youtube.com/watch?v=WFBwrWp5LHs", How to Run Android OS on your desktop PC
"https://www.youtube.com/watch?v=uax4WT6ksxw", How To Install VMWare Player in Windows
"https://www.youtube.com/watch?v=GYqEXV6JN5c", VB.NET Tutorial 37 : How to Create a PDF File in Visual Basic.NET
"https://www.youtube.com/watch?v=yxghob2VV4I", VB.NET Tutorial 36 : Passing Data Between Forms in VB.NET
"https://www.youtube.com/watch?v=dfXCm0KJzwQ", VB.NET Tutorial 35 : DataGridView Example (Remove row) In Visual Basic
"https://www.youtube.com/watch?v=SZBKUvXu0XY", VB.NET Tutorial 34 : DataGridView Example (Adding row) In Visual Basic
"https://www.youtube.com/watch?v=VWT5o8Mq1t0", How to Remove Virus Junk files in Windows & make Faster!
"https://www.youtube.com/watch?v=J9azEeLwymU", How to make a Splash Screen in C#
"https://www.youtube.com/watch?v=t8zNi7XJSPY", How to use the TreeView control in C#
"https://www.youtube.com/watch?v=hh0KfsZ5Ga0", Using Webcams in C# Windows Forms Application
"https://www.youtube.com/watch?v=ezu0zDTixn8", How to use the WebBrowser control in C#
"https://www.youtube.com/watch?v=Ff0hI1bhFg0", Use VB.NET To Connect To MySQL
"https://www.youtube.com/watch?v=oGtPlti__-8", How to find and change the Wi-Fi password in Windows
"https://www.youtube.com/watch?v=MCP2kATpQi0", VB.NET Tutorial 33 : Combo Box In Visual Basic
"https://www.youtube.com/watch?v=Fi3EroUZgZQ", VB.NET Tutorial 32 : Arrays in Visual Basic
"https://www.youtube.com/watch?v=FJzIHdGYDaQ", VB.NET Tutorial 31 : How to use the WebBrowser control in Visual Basic
"https://www.youtube.com/watch?v=HeMNaRtj9Cw", VB.NET Tutorial 30 : How to use DateTimePicker Control
"https://www.youtube.com/watch?v=7HJwTt2wT_4", VB.NET Tutorial 29 : Random Number Generator in VB.NET
"https://www.youtube.com/watch?v=OlXU--Achbg", VB.NET Tutorial 28 : How to show System Info in Visual Basic .NET
"https://www.youtube.com/watch?v=VJmS9e8Zkqc", VB.NET Tutorial 27 : How to: Download a File in Visual Basic .Net
"https://www.youtube.com/watch?v=XwOLfwgR-Ro", VB.NET Tutorial 26 :How to Play System Sounds in Visual Basic (VB.NET)
"https://www.youtube.com/watch?v=avtEI-X2lp0", VB.NET Tutorial 25 : How to Create and Write to a Text File in VB .NET
"https://www.youtube.com/watch?v=ZB37WWhyG9Y", VB.NET Tutorial 24 : Search and Highlight text in a richtextbox
"https://www.youtube.com/watch?v=ZCq3qYzr0oQ", VB.NET Tutorial 23 : Open Text File in Rich Text Box in VB.NET
"https://www.youtube.com/watch?v=Q2QL0ReiQtk", VB.NET Tutorial 22 : How to Make a Simple HTML Editor in Visual Basic .NET
"https://www.youtube.com/watch?v=E6H1P7rnnfo", VB.NET Tutorial 21 : Creating a Mp3 Player In VB.net
"https://www.youtube.com/watch?v=8-8EfN3tDKc", VB.NET Tutorial 20 : Embedding the Windows Media Player Control in a Visual Basic .NET
"https://www.youtube.com/watch?v=cotkJrewAz0", How do I install gcc on Ubuntu Linux
"https://www.youtube.com/watch?v=alVOmQedeQg", VB.NET Tutorial 19 : AutoComplete ComboBox and TextBox in VB.Net
"https://www.youtube.com/watch?v=ywCBgt_Gi-M", VB.NET Tutorial 18 : Integrating Youtube into VB.NET
"https://www.youtube.com/watch?v=2Yc_Ezs0uQQ", VB.NET Tutorial 17 : Embedding VLC Media Player in VB.NET form
"https://www.youtube.com/watch?v=WpnNWRRaz9w", VB.NET Tutorial 16 : Loading a PDF (Adobe Acrobat) File in a VB.NET Form
"https://www.youtube.com/watch?v=l5VsVBzTlRo", VB.NET Tutorial 15 : How To Open exe File In Visual Basic VB.NET
"https://www.youtube.com/watch?v=jaxulkItz3U", VB.NET Tutorial 14 : How To Use OpenFileDialog Control Visual Basic .NET (VB.NET)
"https://www.youtube.com/watch?v=VZJOZOETAdI", VB.NET Tutorial 13 : How to display the Running Current Date and Time in Visual Basic (VB.NET)
"https://www.youtube.com/watch?v=soOIYJQ7fwA", VB.NET Tutorial 12 : How to use Timer Control in Visual Basic .NET ( VB.NET)
"https://www.youtube.com/watch?v=imJnSZWUMu4", VB.NET Tutorial 11 : How to Create and Use a Function in VB .NET (Visual Basic)
"https://www.youtube.com/watch?v=8WyjA95JZPM", VB.NET Tutorial 9 : How to use SUBS procedure in Visual Basic .NET
"https://www.youtube.com/watch?v=ORxL2HGPHJ4", VB.NET Tutorial 10 : How to use Do While..., Do Until.. Loop in VB.NET ( Visual Basic .NET)
"https://www.youtube.com/watch?v=VjgKmuvMVFY", VB.NET Tutorial 8 : How to Use For Loops in Visual Basic .NET
"https://www.youtube.com/watch?v=psyIyq0910I", VB.NET Tutorial 7 : How to use TreeView Control in Visual Basic .NET
"https://www.youtube.com/watch?v=vuIabXt5uJY", VB.NET Tutorial 6 : How to Add pictures and icons in Frame in VB.NET ( Visual Basic .NET )
"https://www.youtube.com/watch?v=UDqboiNGp0Q", VB.NET Tutorial 5 : How to use ProgressBars Control in Visual Basic .NET (Visual Studio)
"https://www.youtube.com/watch?v=b60jZLsHwhU", VB.NET Tutorial 4 : How to use TabControl in Visual Basic .NET
"https://www.youtube.com/watch?v=hsFF6oaJLCM", VB.NET Tutorial 3 : How to use a Listbox in VB.NET ( Visual Basic .NET )
"https://www.youtube.com/watch?v=ET_s9wKxGOE", VB.NET Tutorial 1 : How to Make a Simple Calculator in Visual Basic .NET
"https://www.youtube.com/watch?v=qlwaGKzmJnM", VB.NET Tutorial 2 : How to use Groupbox , RadioButtons and CheckBoxes in Visual Basic .NET
"https://www.youtube.com/watch?v=XvSnfV1cNjk", How to Install OpenCV using Visual Studio
"https://www.youtube.com/watch?v=slCodl4HEg8", ASP.NET Tutorial - How to Create a Login website - Validation Controls -Registration Page - Part 2
"https://www.youtube.com/watch?v=P6a8bDbysPo", ASP.NET Tutorial - How to Create a Login website - Validation Controls -Registration Page - Part 1
"https://www.youtube.com/watch?v=6k0Os_UUNpY", How to install Package build-essential on Linux Mint 15
"https://www.youtube.com/watch?v=BUBctNgOhAM", Install eclipse cdt plugin for C/C++ Program in Eclipse IDE for Linux mint (ubuntu)
"https://www.youtube.com/watch?v=oDaYWoNxhpg", How to install Skype on Ubuntu Linux
"https://www.youtube.com/watch?v=HVxcw9sPPvg", Install GIMP image editor in Ubuntu Linux
"https://www.youtube.com/watch?v=NE8xkVbkpEY", How to Install and Run VLC Media Player in Ubuntu Linux
"https://www.youtube.com/watch?v=SibwxtTC_JM", How to Load SqLite table data to QTableView in QT C++ GUI application
"https://www.youtube.com/watch?v=kN6dlROzsmw", How to Install Notepad++ in Ubuntu Linux
"https://www.youtube.com/watch?v=WDvd12Ppdtc", How to install Qt Creator and SDK on Linux Ubuntu
"https://www.youtube.com/watch?v=gN8zrnWxFeI", How to Install Boost C++ libraries in Ubuntu and use them in Eclipse CDT
"https://www.youtube.com/watch?v=TJk_3ezbEEc", How to format code in Netbeans
"https://www.youtube.com/watch?v=djsNctb8f2o", How To Take a Screenshot of your Desktop on Windows
"https://www.youtube.com/watch?v=UOLcbdBAJh8", How to view and clear browsing history on Chrome
"https://www.youtube.com/watch?v=gXjJERzD8F4", My Trip to India ( Flight )
"https://www.youtube.com/watch?v=Xam1xovvsvU", Nice African musical instrument part 2
"https://www.youtube.com/watch?v=5Kk4PXK73k4", Nice African musical instrument part 1
"https://www.youtube.com/watch?v=luL3zWPYVwk", FileZilla Download & Install
"https://www.youtube.com/watch?v=SrmU7e1u2_o", Type 'Atari Breakout' Into Google Image Search for a Cool Surprise
"https://www.youtube.com/watch?v=7vZ33qrwQds", The refreshing Bicycling ride
"https://www.youtube.com/watch?v=z5Pxil4jVO4", How to Import CSV File Into Excel
"https://www.youtube.com/watch?v=Q59ltqEMfH4", Creating/Writing to an Excel file with C#
"https://www.youtube.com/watch?v=M-Od8lwJG-I", Harlem Shake Street Walk
"https://www.youtube.com/watch?v=Lafu-Ua7ipk", C++ PROGRAM TO CHECK WHETHER A NUMBER IS A PERFECT NUMBER OR NOT
"https://www.youtube.com/watch?v=gTmgSOGaU_k", Write a C++ program to Solve Quadratic equation
"https://www.youtube.com/watch?v=TvSxkttX16E", C++ program to find prime numbers in a given range
"https://www.youtube.com/watch?v=9ECRzQqUxdQ", StarUML Tutorial 2 : UML class diagram
"https://www.youtube.com/watch?v=gPJPRNLv-IU", StarUML Tutorial 1 : Staruml download windows 7 64 bit (STAR UML)
"https://www.youtube.com/watch?v=-tesBsXlink", Harlem Shake Bike Ride 3
"https://www.youtube.com/watch?v=XUOO31Mmo1A", Harlem Shake Bike Ride 2
"https://www.youtube.com/watch?v=PS1RG0klKf4", Configure WSO2 Web Services Framework for C++ (WSO2 WSF/C++) on ubuntu
"https://www.youtube.com/watch?v=BSCExUnrgD0", Harlem Shake Bike Ride
"https://www.youtube.com/watch?v=-glz2Ty9WEY", How to view your saved buttons in PayPal
"https://www.youtube.com/watch?v=TDxSCPcxZN4", Just like that
"https://www.youtube.com/watch?v=zl6RFAiQO8U", Eclipse Tutorial : C++ Hello World Programm with Eclipse CDT
"https://www.youtube.com/watch?v=EaYtIGDKZc4", Ubuntu Linux: How to Change the Computer Name
"https://www.youtube.com/watch?v=61bttWpOyE8", Windows 7 : How to Change Your Computer Name
"https://www.youtube.com/watch?v=GaqKyYVmInk", Cold Weather Snow
"https://www.youtube.com/watch?v=tAL5eLQ__bg", VIDEO TIME LAPSE GERMANY
"https://www.youtube.com/watch?v=A2Rii9BCDKM", How to Block Ads in Google Chrome
"https://www.youtube.com/watch?v=0lP4tI3VAiI", Best way to block ads on mozilla firefox
"https://www.youtube.com/watch?v=7yPCcHZlT9s", Pancake Student Recipe
"https://www.youtube.com/watch?v=7Ziev5feOOM", Europe hit by heavy snow
"https://www.youtube.com/watch?v=UFvVP6bxirc", The Amazing Snow
"https://www.youtube.com/watch?v=37huD2CWh_s", How to say ' I Love You ' in Different Languages
"https://www.youtube.com/watch?v=P_PAQaZIkMs", Germany turned white by first snowfall
"https://www.youtube.com/watch?v=SumfmJOshN0", One Pound Fish Remix
"https://www.youtube.com/watch?v=mrHRX5w8d84", Installing Eclipse in Linux Ubuntu
"https://www.youtube.com/watch?v=giJFZk7XPWU", Learn German2:Grammar A1:Deklination des bestimmten Artikels der/die/das
"https://www.youtube.com/watch?v=ogK5-d1w7IQ", Learn German1:Grammar A1:The Article (Der Artikel)
"https://www.youtube.com/watch?v=K6goo4E_hZk", siegen university indian party
"https://www.youtube.com/watch?v=9PQhLWK6SBI", Dusseldorf Germany
"https://www.youtube.com/watch?v=_s1C27FxwKw", World's most livable cities : Düsseldorf
"https://www.youtube.com/watch?v=-lQ_lrSzWbI", Bibi Ka Maqbara Aurangabad The Duplicate Taj Mahal
"https://www.youtube.com/watch?v=Ba7YjAKqBe4", Dumb Ways to Die
"https://www.youtube.com/watch?v=BMUYwPYG2O4", Allianz Arena Stadion und Heimat des FC Bayern München
"https://www.youtube.com/watch?v=uahjdSLH-jE", Best view of The Eiffel Tower at Night in Paris, France
"https://www.youtube.com/watch?v=MG9TMrvlvZs", A walk to remember in europe
"https://www.youtube.com/watch?v=RipxBQ4wWu8", kölner dom messe Cologne Cathedral
"https://www.youtube.com/watch?v=Zp4BZyT9g3M", AVR microcontroller based web server
"https://www.youtube.com/watch?v=JxHEZnx_gCM", States of Germany bundesländer deutschland
"https://www.youtube.com/watch?v=D7Z-rvK12tU", Jab Tak Hai Jaan full shayari By Robot
"https://www.youtube.com/watch?v=Pny6pqJXF-E", Robot singing oppa gangnam style in english (Funny)
"https://www.youtube.com/watch?v=rcfBxdg8zWc", The best view of the Rhine in Cologne /Köln Germany
"https://www.youtube.com/watch?v=7_HA2jNGmSc", River Rhine Cologne / Köln Germany
"https://www.youtube.com/watch?v=rW0Ztf79UtE", Hohenzollern Bridge Cologne (German Köln) The Bridge of Love Locks
"https://www.youtube.com/watch?v=NqAeE2jhKzA", PLC part#2.Analog and Digital Inputs and Outputs in PLC
"https://www.youtube.com/watch?v=jgkB918Yu5c", PLC part#2.difference Computer Vs PLC ,Relays Advantages and disadvantages
"https://www.youtube.com/watch?v=sqyphbsOLYo", PLC part#1.Programmable logic controller
"https://www.youtube.com/watch?v=EFK4WACSV5A", How to open a .rar zip file in Winrar (unzip files in Winrar)
"https://www.youtube.com/watch?v=Rr-myzqtnjg", german vocabulary:Existence, non-existence ,Presence, absence,Availability, non-availability
"https://www.youtube.com/watch?v=dvMbwVoyLfo", german vocabulary:hören sie
"https://www.youtube.com/watch?v=yHMBLGeZCLE", Full java Netbeans project (jtable,,itext,iReport,jtabbedpane,jbutton,jcombobox,jtextarea,jmanubar)
"https://www.youtube.com/watch?v=ckkOu9NmtIk", Whole java netbeans Project (jtable , jdatepicker ,itext , Login , Signout ,iReport and more...)
"https://www.youtube.com/watch?v=kOD0TcmA2io", why learn german
