"https://www.youtube.com/watch?v=mezO-nr7Ah4", Sorax о потенциале [Q&A 04] (Подкаст 31.10.16)
"https://www.youtube.com/watch?v=vHdW5xKr9hY", Sorax об универсальных решениях [Q&A 03] (Подкаст 24.10.16)
"https://www.youtube.com/watch?v=mvmiibrpY7M", Sorax о магии [Q&A 02] (Подкаст 11.02.15)
"https://www.youtube.com/watch?v=65O-kmgmRI4", [Перезалив 60fps] Spotlight 01 — Node.js | Express.js | Gulp.js | Snap.svg
"https://www.youtube.com/watch?v=W__6m_meMm0", Создаем VPS на DigitalOcean
"https://www.youtube.com/watch?v=bKimR9qpbx0", Sorax отвечает на вопросы [Q&A 01] (Подкаст 21.10.14)
"https://www.youtube.com/watch?v=bo5p6kaHgZM", Пара слов о Yosemite (Подкаст 17.10.14)
"https://www.youtube.com/watch?v=4P1-JwZF0Vo", Spotlight 01 — Node.js | Express.js | Gulp.js | Snap.svg
"https://www.youtube.com/watch?v=euuH3fidpu4", О Спотлайте и 60fps (Подкаст 12.10.14)
"https://www.youtube.com/watch?v=bWULcAQmHOM", Как учиться делать сайты (Подкаст 23.05.14)
"https://www.youtube.com/watch?v=gTuO5a6wRS0", Операционки (Подкаст 13.03.14)
"https://www.youtube.com/watch?v=LkzUkcjNfzk", SPOTLIGHT TEASER
"https://www.youtube.com/watch?v=6OIBxzgLNFE", EasyMotion - Обзор ST плагина
"https://www.youtube.com/watch?v=KEsA5wAg5Xc", Javascript-джедай #35 - DOM
"https://www.youtube.com/watch?v=sAjAUmtGylY", Javascript-джедай #34 - History, Screen, Navigator
"https://www.youtube.com/watch?v=1kE6BqTWaBU", Javascript-джедай #33 - Location
"https://www.youtube.com/watch?v=E4z5hLlzpyo", Javascript-джедай #32 - Window
"https://www.youtube.com/watch?v=TL1ZWxtV47w", Javascript-джедай #31 - Выполнение JS в браузере
"https://www.youtube.com/watch?v=xaOHsJ5Igys", Markdown - Обзор языка разметки
"https://www.youtube.com/watch?v=C1kJUnVHm1A", Prepros - Обзор приложения
"https://www.youtube.com/watch?v=swUFx9p0M7g", Bower - Обзор пакетного менеджера
"https://www.youtube.com/watch?v=sREM7ubwLWw", Brackets - Обзор редактора
"https://www.youtube.com/watch?v=Cxo1vVI9--E", Grunt - Обзор системы сборки
"https://www.youtube.com/watch?v=XaGOxAEXyl8", Немного новостей (Подкаст 27.01.14)
"https://www.youtube.com/watch?v=GVC19cEmPjM", Javascript-джедай #30 - Strict Mode
"https://www.youtube.com/watch?v=CAXBO9jOXFA", Javascript-джедай #29 - Класс RegExp
"https://www.youtube.com/watch?v=9hLkbhRs7jM", Javascript-джедай #28 - Регулярные выражения
"https://www.youtube.com/watch?v=YirgDp-zlkM", Как освоить слепой набор?
"https://www.youtube.com/watch?v=q7GRrf0cvpM", Sublime Text Vintage Mode
"https://www.youtube.com/watch?v=SbPtW-hiWZI", Javascript-джедай #27 - Класс Date
"https://www.youtube.com/watch?v=MB6vypd50Wo", Javascript-джедай #26 - Объект Math
"https://www.youtube.com/watch?v=T91X1ln985Y", Javascript-джедай #25 - ES5 методы массивов
"https://www.youtube.com/watch?v=3OjuRfR8RNg", Javascript-джедай #24 - Массивы
"https://www.youtube.com/watch?v=bw10M9RuR30", Javascript-джедай #23 - JSON
"https://www.youtube.com/watch?v=nR2jg3poluU", Javascript-джедай #22 - Цепные вызовы методов
"https://www.youtube.com/watch?v=a3X9uqCoxKY", Javascript-джедай #21 - Конструкторы и классы
"https://www.youtube.com/watch?v=4oudziatkLI", Javascript-джедай #20 - Прототипы и наследование
"https://www.youtube.com/watch?v=BjIcssKpya0", Javascript-джедай #19 - Аксессоры и атрибуты свойств
"https://www.youtube.com/watch?v=213r4EOHfF0", Javascript-джедай #18 - this и непрямой вызов методов
"https://www.youtube.com/watch?v=J1aIrZFnGig", Javascript-джедай #17 - Объекты
"https://www.youtube.com/watch?v=DwZ5TUULi2s", Javascript-джедай #16 - Обработка исключений
"https://www.youtube.com/watch?v=qcW2WA29Ge8", Всплывающие подсказки на CSS
"https://www.youtube.com/watch?v=mGPZ8P7xDLE", Emmet - Обзор плагина
"https://www.youtube.com/watch?v=LrM1r23bBxs", Sublime Text - Обзор редактора
"https://www.youtube.com/watch?v=kLH9LrEVOas", Sorax Contest #02 - Результаты
"https://www.youtube.com/watch?v=C8bB9fL46-Q", Sorax Contest #02 - Анонс
"https://www.youtube.com/watch?v=rpIxGwFz0Xs", Javascript-джедай #15 - Замыкания
"https://www.youtube.com/watch?v=MQD4_v8oc0k", Javascript-джедай #14 - Цепочки областей видимости
"https://www.youtube.com/watch?v=M3ACkFObsQw", Javascript-джедай #13 - Функции
"https://www.youtube.com/watch?v=WKCuD4FQIFs", Sorax Contest #01 - Результаты
"https://www.youtube.com/watch?v=ITr-SzUIDpQ", Javascript-джедай #12 - Циклы
"https://www.youtube.com/watch?v=DuW-9X8AbUU", Javascript-джедай #11 - Условный оператор
"https://www.youtube.com/watch?v=AKj0W1x57Q8", Sorax Contest #01 - Анонс
"https://www.youtube.com/watch?v=snu8Rg6iNW4", Sorax Contest #00 (Конкурс верстки)
"https://www.youtube.com/watch?v=1mZ6nV-dlso", Автообновление страницы (guard-livereload)
"https://www.youtube.com/watch?v=S2Y2i6g7IZE", Javascript-джедай #10 - Условные инструкции
"https://www.youtube.com/watch?v=jd7J9NUBJWQ", Javascript-джедай #9 - Преобразование типов
"https://www.youtube.com/watch?v=zz6y1evd894", Javascript-джедай #8 - null и undefined
"https://www.youtube.com/watch?v=FeRO2x-FXzc", Javascript-джедай #7 - Логические значения
"https://www.youtube.com/watch?v=BCYne5C3xwk", Javascript-джедай #6 - Строки
"https://www.youtube.com/watch?v=0VbK_WPgZmQ", Javascript-джедай #5 - Числа
"https://www.youtube.com/watch?v=t19W25ROjss", Javascript-джедай #4 - Типы данных и переменные
"https://www.youtube.com/watch?v=-GWOP5JdPpo", Javascript-джедай #3 - Выражения и операторы
"https://www.youtube.com/watch?v=5JEkiHHUOFs", Javascript-джедай #2 - Инструкции
"https://www.youtube.com/watch?v=H6G63NKRSi8", Javascript-джедай #1 - Введение
"https://www.youtube.com/watch?v=zZb98gRrT4Q", Современный Веб 2013
"https://www.youtube.com/watch?v=-sIJZd087G0", Слайдер на CSS
"https://www.youtube.com/watch?v=ABF0qK6l6u4", Демо — Слайдер на CSS
"https://www.youtube.com/watch?v=21BN7feXiZM", Вкладки на CSS
"https://www.youtube.com/watch?v=TgeDUb4ZmOc", Уроки по CSS/CSS3. Часть 23. Многоколоночный текст
"https://www.youtube.com/watch?v=3MfxQAt49dE", Уроки по CSS/CSS3. Часть 22. Верстка сайта
"https://www.youtube.com/watch?v=WxDtaSYeU-k", Уроки по CSS/CSS3. Часть 21. Медиазапросы (media queries)
"https://www.youtube.com/watch?v=QDGUmrtZMMM", Уроки по CSS/CSS3. Часть 20. @font-face
"https://www.youtube.com/watch?v=5Yzkz9xknQU", Уроки по CSS/CSS3. Часть 19. Анимации (animation)
"https://www.youtube.com/watch?v=D_qItBXpqTk", Уроки по HTML. Часть 3. Списки
"https://www.youtube.com/watch?v=fzubePyhPok", Уроки по CSS/CSS3. Часть 18. Трехмерный куб на CSS3
"https://www.youtube.com/watch?v=izQi4X4Ez9s", Уроки по HTML. Часть 2. Работа с текстом
"https://www.youtube.com/watch?v=Shl_ulf8UBM", Уроки по HTML. Часть 1. Введение в HTML
"https://www.youtube.com/watch?v=OmlHKURlvhg", Уроки по CSS/CSS3. Часть 17. Трансформации (transform)
"https://www.youtube.com/watch?v=PnIC49TDEJ4", Уроки по CSS/CSS3. Часть 16. Градиенты
"https://www.youtube.com/watch?v=QKRmRpq5CQc", Уроки по CSS/CSS3. Часть 15. Плавные переходы (transition)
"https://www.youtube.com/watch?v=iEW3IVqpJm0", Уроки по CSS/CSS3. Часть 14. Тени (box-shadow)
"https://www.youtube.com/watch?v=0WDxaY7DhnE", Уроки по CSS/CSS3. Часть 13. Списки
"https://www.youtube.com/watch?v=hHRQSEXqfE0", Уроки по CSS/CSS3. Часть 12. Плавающие элементы (float) и clearfix
"https://www.youtube.com/watch?v=e-EkBx-CNqo", Уроки по CSS/CSS3. Часть 11. Спрайты
"https://www.youtube.com/watch?v=OtGBFm8CmQc", Уроки по CSS/CSS3. Часть 10. Фон и множественные фоны
"https://www.youtube.com/watch?v=_3v_5BZK_L0", Уроки по CSS/CSS3. Часть 9. Треугольники
"https://www.youtube.com/watch?v=w3XIlmheKfk", Уроки по CSS/CSS3. Часть 8. Закругленные углы (border-radius)
"https://www.youtube.com/watch?v=Vzqk04xXDp8", Уроки по CSS/CSS3. Часть 7. Рамки
"https://www.youtube.com/watch?v=PP-koTzIm6k", Уроки по CSS/CSS3. Часть 6. Цвет
"https://www.youtube.com/watch?v=tf8S5EJWeVs", Уроки по CSS/CSS3. Часть 5. Текст
"https://www.youtube.com/watch?v=eZingxnTQ90", Уроки по CSS/CSS3. Часть 4. Позиционирование элементов
"https://www.youtube.com/watch?v=EPgc-1DyT7E", Уроки по CSS/CSS3. Часть 3. Селекторы
"https://www.youtube.com/watch?v=osbbcmvFwDY", Уроки по CSS/CSS3. Часть 2. Основные понятия
"https://www.youtube.com/watch?v=IsZDtOYUWvk", Уроки по CSS/CSS3. Часть 1. Введение
"https://www.youtube.com/watch?v=RPYsFgd4fwE", Убрать любой элемент с любой веб-страницы
"https://www.youtube.com/watch?v=AZnpJKevilI", Раскрывающиеся превью (CSS, JQuery)
"https://www.youtube.com/watch?v=8mCfe8Zi2kk", HTML5 здесь и сейчас
"https://www.youtube.com/watch?v=buTQ1A_sawc", Объемная кнопка на CSS3
"https://www.youtube.com/watch?v=YjNSuwBvqvQ", 3D презентации в браузере
"https://www.youtube.com/watch?v=11gG6ZBgsok", Таблицы, формы, кнопки, иконки - Twitter Bootstrap
"https://www.youtube.com/watch?v=ZowsQWv2Qjc", Прозрачные элементы с размытием
"https://www.youtube.com/watch?v=qIIvIBc7-_M", Разметка web-страницы с Bootstrap
"https://www.youtube.com/watch?v=fcT7GTbXipA", Быстрый макет страницы
"https://www.youtube.com/watch?v=W4H8sgh3fb4", Вертикальное меню для сайта (CSS, JQuery)
"https://www.youtube.com/watch?v=WlsJkAhcHQE", 5. Используем Zen Coding
"https://www.youtube.com/watch?v=ejhpXpmBW1w", Галерея изображений при помощи Slimbox 2/2
"https://www.youtube.com/watch?v=r5X3Pe6Jpac", Галерея изображений при помощи Slimbox 1/2
"https://www.youtube.com/watch?v=rY4v3lILoFQ", Создание выпадающего меню (CSS, JQuery)
"https://www.youtube.com/watch?v=QrOo8yUiLCM", Введение в JQuery
"https://www.youtube.com/watch?v=2Wenjn0KEKg", Используем LESS.js 1/2
"https://www.youtube.com/watch?v=jHRNXrWCaro", Используем LESS.js 2/2
