"https://www.youtube.com/watch?v=bG9eMa_025c", Data Structures in Java: Quick Sort Algorithm Part 3 - Imtiaz Ahmad
"https://www.youtube.com/watch?v=Zw_tb2GvWnw", Java Data Structures | Java Quick Sort Algorithm Part 2 - Imtiaz Ahmad
"https://www.youtube.com/watch?v=N2_Co8ULBws", Java Recursion Explained - Imtiaz Ahmad
"https://www.youtube.com/watch?v=Cvr1_t32c3k", Spring and Hibernate Tutorial: Inversion of Control Part 2 - Chad Darby
"https://www.youtube.com/watch?v=mpy3-STjJd0", Spring and Hibernate Tutorial: Inversion of Control Part 1 - Chad Darby
"https://www.youtube.com/watch?v=2Mv7QBWup2U", Node JS for Beginners Part 6: Creating a Server using Node.js - Edwin Diaz
"https://www.youtube.com/watch?v=raGaSETo12U", Node.js for Beginners Part 5: Using NPM - Edwin Diaz
"https://www.youtube.com/watch?v=sIb9aDvsOgE", Node JS for Beginners Part 4: Running Node js - Edwin Diaz
"https://www.youtube.com/watch?v=ayi5_yx61Zg", What is Python Used For? - Ardit Sulce
"https://www.youtube.com/watch?v=GxC2fmOjC1g", JavaScript Tutorial | Javascript Prototype Object - Eric Traub
"https://www.youtube.com/watch?v=Rp1wfHs0GWs", Vue JS Project | Build an App with Vuejs, Vuetify and Firebase Part 4 - Maximilian Schwarzmuller
"https://www.youtube.com/watch?v=8rkRfma_zls", Vue JS Project | Build an App with Vuejs, Vuetify and Firebase Part 3 - Maximilian Schwarzmuller
"https://www.youtube.com/watch?v=_41PXqCgEDw", Vue JS Project | Build an App with Vuejs, Vuetify and Firebase Part 2 - Maximilian Schwarzmuller
"https://www.youtube.com/watch?v=CNBIifHRlJw", Vue JS Project | Build an App with Vuejs, Vuetify and Firebase Part 1 - Maximilian Schwarzmuller
"https://www.youtube.com/watch?v=O8yok93sTvs", Arduino Programming: Voltage Divider Circuits - Shawn Hymel
"https://www.youtube.com/watch?v=carW87rGe7c", Arduino Programming: Random Number Generator - Shawn Hymel
"https://www.youtube.com/watch?v=vQ-Qs1xnh9I", Arduino Tutorial: Arduino Power Supplies - Peter Dalmaris
"https://www.youtube.com/watch?v=rH_omtORl7Y", Arduino: Breadbord - Peter Dalmaris
"https://www.youtube.com/watch?v=bGu7xHD7784", Arduino: Introduction to Prototyping - Peter Dalmaris
"https://www.youtube.com/watch?v=_znOTSCe7Fc", Artificial Intelligence in Unity: Flocking Part 3/3 - Penny de Byl
"https://www.youtube.com/watch?v=qLpchx6fhdA", Artificial Intelligence in Unity: Flocking Part 2/3 - Penny de Byl
"https://www.youtube.com/watch?v=yvGSnh-Lc7o", Artificial Intelligence in Unity: Flocking Part 1/3 - Penny de Byl
"https://www.youtube.com/watch?v=CMZlaVnVeLQ", Unity Mecanim System | Learn 3D Animation in Unity with Mecanim - Penny de Byl
"https://www.youtube.com/watch?v=3NWPXlAqQsg", JavaScript: Constructor Functions & the 'this' Keyword - Eric Traub
"https://www.youtube.com/watch?v=HgA5VOFan5E", JavaScript: Intro to Big O Notation and Function Runtime - Eric Traub
"https://www.youtube.com/watch?v=6olDtznAv50", WordPress for Beginners: How to Edit a WordPress Menu - Phil Ebiner
"https://www.youtube.com/watch?v=2vhwjsY6vRQ", WordPress for Beginners: Publishing Your Website - Phil Ebiner
"https://www.youtube.com/watch?v=gA8rfm5ZO_s", CCNA 200-125 Exam EIGRP Neighbor Troubleshooting Part 3 - David Bombal
"https://www.youtube.com/watch?v=Wc2Yq_3-B3M", CCNA 200-125 Exam EIGRP Neighbor Troubleshooting Part 2 - David Bombal
"https://www.youtube.com/watch?v=-Ue0IJwDCmI", CCNA 200-125 Exam EIGRP Neighbor Troubleshooting Part 1 - David Bombal
"https://www.youtube.com/watch?v=gCcl2MSzB7I", Angular Tutorial | Angular Crash Course (2018) - Mosh Hamedani
"https://www.youtube.com/watch?v=zwwXY9vWJYc", Spring and Hibernate Tutorial: Install Eclipse on MS Windows - Chad Darby
"https://www.youtube.com/watch?v=cuJbRbQfvac", Spring and Hibernate Tutorial: What is the Spring Framework? - Chad Darby
"https://www.youtube.com/watch?v=TxZ2jrO3GUo", Linux Boot Process Step by Step - Jason Cannon
"https://www.youtube.com/watch?v=jyo0TwmON4A", Linux Man Pages (complete tutorial) - Jason Cannon
"https://www.youtube.com/watch?v=psQgXdDkQQk", What is Vim Text Editor? - Jason Cannon
"https://www.youtube.com/watch?v=z1iK9WAuUZ0", Vim Tutorial: Vim Text Editor (Quick guide) - Jason Cannon
"https://www.youtube.com/watch?v=nN_gYj0oZhg", Linux Networking Tutorial: TCP/IP for Linux System Admins - Jason Cannon
"https://www.youtube.com/watch?v=uWBz_R8pNy4", Python List Comprehensions Part 3 (Nested Lists) - Colt Steele
"https://www.youtube.com/watch?v=0CUuRsPdxhc", Python List Comprehensions Part 2 (Conditional Logic) - Colt Steele
"https://www.youtube.com/watch?v=2KGd5V-ZFKk", Python3 List Comprehensions Part 1 (The Basics) - Colt Steele
"https://www.youtube.com/watch?v=OPYL34LmB7s", Python 3 Decorators Crash Course Pt 5: Defining a Speed Test Decorator - Colt Steele
"https://www.youtube.com/watch?v=6LZeIeoa5kI", Python 3 Decorators Crash Course Pt 4: Preserving Metadata with Wraps - Colt Steele
"https://www.youtube.com/watch?v=4x3zAxHSDWA", Python 3 Decorators Crash Course Pt 3: Writing Flexible Decorators - Colt Steele
"https://www.youtube.com/watch?v=ibHD5F-VpzY", Python 3 Decorators Crash Course Pt 2: Writing Your First Decorator - Colt Steele
"https://www.youtube.com/watch?v=qX68EMT2Pzs", Python 3 Decorators Pt 1: Understanding Higher Order Functions - Colt Steele
"https://www.youtube.com/watch?v=SW1Ob8YBFQU", Blender Tutorial: Dynamic Geometry and Materials - Michael Bridges
"https://www.youtube.com/watch?v=gU1Mmcwotvk", Blender Tutorial: Rigging Quickly in Blender - Michael Bridges
"https://www.youtube.com/watch?v=NR_lQv5_zOU", Cisco Routing and Switching Lazaro Diaz
"https://www.youtube.com/watch?v=lxo0AChAWdI", CCENT Certification: Layered Model and TCP/IP model - Lazaro Diaz
"https://www.youtube.com/watch?v=rjfLAr08gd8", Cisco CCNA R/S Administrative Commands - Lazaro Diaz
"https://www.youtube.com/watch?v=DUdjcX4Uz44", ReactJS Basics Tutorial Part 4: First Component - Maximilian Schwarzmuller
"https://www.youtube.com/watch?v=z5YKb418oiU", Chef Tutorial For Beginners | Chef Whitespace Arrays - Robin Beck
"https://www.youtube.com/watch?v=aEpWVCJbE-o", Chef Tutorial For Beginners | Chef Cookbook Linting - Robin Beck
"https://www.youtube.com/watch?v=7ob6pNCjdbA", Chef Tutorial For Beginners | Chef Handlers - Robin Beck
"https://www.youtube.com/watch?v=ncFwOnfAQoU", Chef Tutorial For Beginners | Chef Case Statements - Robin Beck
"https://www.youtube.com/watch?v=hquNrTrcDT0", Promises in Javascript - Andrei Neagoie
"https://www.youtube.com/watch?v=hGSHfObcVf4", How Does Javascript Work? - Andrei Neagoie
"https://www.youtube.com/watch?v=rrdoRJ69b0M", Changing Google Web Page - Andrei Neagoie
"https://www.youtube.com/watch?v=kFggNxp4QXM", Where is the Internet? - Andrei Neagoie
"https://www.youtube.com/watch?v=f0No0ZpZC04", How the Internet Works - Andrei Neagoie
"https://www.youtube.com/watch?v=6bjCvZEX52w", Github Tutorial | In Depth Explanation on Git & Github (DevOps Tools) from Andrei Neagoie
"https://www.youtube.com/watch?v=Bly-hHvMvvA", Java Programming | Java Tutorial for Beginners | Java Overview- Imtiaz Ahmad
"https://www.youtube.com/watch?v=Hy7w-ls1cbc", Selenium Interview Questions with Answers - Rahul Shetty
"https://www.youtube.com/watch?v=6oP-c30s7co", Node JS Tutorial | NodeJS Crash Course - Mosh Hamedani
"https://www.youtube.com/watch?v=LEffbgKrhHU", PHP Programming | PHP Beginners Crash Course - Edwin Diaz
"https://www.youtube.com/watch?v=IXl87qBW5MM", CompTIA Network+ (N10-007) Exam Foundations - Jason Dion
"https://www.youtube.com/watch?v=V8ibA9m32KQ", CompTIA Network+ (N10-007): Overview of Networks - Jason Dion
"https://www.youtube.com/watch?v=jgNPojyjTqI", CompTIA Network+ (N10-007) Course Introduction - Jason Dion
"https://www.youtube.com/watch?v=hhyGhcjSV8Q", Swift 4 Full Project - Build A Grid Browser With Touch Bar Controls - Stephen DeStefano
"https://www.youtube.com/watch?v=yZ09zwr6mUI", Swift 4 Project | Build A Game With SpriteKit - Stephen DeStefano
"https://www.youtube.com/watch?v=k_K6Woq1wxs", Triggering Animations in Unity by Clicking Part 3 - Penny de Byl
"https://www.youtube.com/watch?v=xMdNKH-Msd4", Triggering Animations in Unity by Clicking Part 2 - Penny de Byl
"https://www.youtube.com/watch?v=n_b89X7ryHY", Triggering Animations in Unity by Clicking Part 1 - Penny de Byl
"https://www.youtube.com/watch?v=yFSaEaLAk0E", Unreal Engine, Inventory Systems Part 3: Listing Items in a Grid - Sam Pattuzzi
"https://www.youtube.com/watch?v=2BHGJ7q19b0", Unreal Engine, Inventory Systems Part 2: Pickup Items - Sam Pattuzzi
"https://www.youtube.com/watch?v=OTERsV9bjc4", Unreal Engine, Inventory Systems Part 1: Showing and Hiding UI - Sam Pattuzzi
"https://www.youtube.com/watch?v=YCCyFK6ygVI", Python Students FAQs - Part 1 - Ardit Sulce
"https://www.youtube.com/watch?v=cJyelJz_jW0", Ethical Hacking Footprinting With Nmap - Ermin Kreponic
"https://www.youtube.com/watch?v=zstNhv6jUcA", Unity Development: How to Use Unity Timeline Tool - Rick Davidson
"https://www.youtube.com/watch?v=CHd3W7OmtJQ", ReactJS Basics Tutorial Part 3: Set up Git - Maximilian Schwarzmuller
"https://www.youtube.com/watch?v=f7JMGyrHqd8", ReactJS Basics Tutorial Part 2: Setup - Maximilian Schwarzmuller
"https://www.youtube.com/watch?v=Zujt4GNIEC8", React JS Tutorial Part 1: What is ReactJS? - Maximilian Schwarzmuller
"https://www.youtube.com/watch?v=4pMos_kLNr0", Python Tutorial: Collecting Data With Python - Part 2 - Ardit Sulce
"https://www.youtube.com/watch?v=jvwMZd35UV8", Python Tutorial: Collecting Data With Python - Part 1 - Ardit Sulce
"https://www.youtube.com/watch?v=d-W04wYND4U", Python Basics Part 8: Dictionaries - Ardit Sulce
"https://www.youtube.com/watch?v=9tYdL5PCVhw", Python Basics Part 7: Tuples - Ardit Sulce
"https://www.youtube.com/watch?v=1YIwzQxK3Uw", Azure 70-535 Exam - Create a Windows VM In Azure - Scott Duffy
"https://www.youtube.com/watch?v=xBYKraiCHVA", ReactJS and Redux Tutorial Part 5: Multiple Reducers - Maximilian Schwarzmuller
"https://www.youtube.com/watch?v=FiJUHP0ni9c", ReactJS and Redux Tutorial Part 4: Working with State and Immutability - Maximilian Schwarzmuller
"https://www.youtube.com/watch?v=V-WtkWvJyK4", ReactJS and Redux Tutorial Part 3: How to Use Redux? - Maximilian Schwarzmuller
"https://www.youtube.com/watch?v=86q4LyE8h3E", ReactJS and Redux Tutorial Part 2: Why Use Redux? - Maximilian Schwarzmuller
"https://www.youtube.com/watch?v=eT7Pk7rOb2c", ReactJS and Redux Tutorial Part 1: Introduction - Maximilian Schwarzmuller
"https://www.youtube.com/watch?v=z3dSOtkTJM8", Python Basics Part 11 (Regular Expressions) - Jose Portilla
"https://www.youtube.com/watch?v=ccV1ZAzVP1I", Python Basics Part 10 (Error Handling) - Jose Portilla
"https://www.youtube.com/watch?v=hM9rd59BfGI", Python Basics Part 9 (Debugging) - Jose Portilla
"https://www.youtube.com/watch?v=tsXXYgkHECQ", Python Basics Part 8 (Working with Images) - Jose Portilla
"https://www.youtube.com/watch?v=J0AcKDUWdaQ", Python Basics Part 7 (Working with Zip Files) - Jose Portilla
"https://www.youtube.com/watch?v=3BBlGhpMYnM", Python Basics Part 6: Lists - Ardit Sulce
"https://www.youtube.com/watch?v=gvtS--LZuCo", Python Basics Part 5: Splitting and Indexing Strings - Ardit Sulce
"https://www.youtube.com/watch?v=pv9y0ZpPXSE", Python Basics Part 4: Strings - Ardit Sulce
"https://www.youtube.com/watch?v=ktyQafhgw3M", Learn The Go Programming Language Part 9 - Todd McLeod
"https://www.youtube.com/watch?v=CUsx5xuFxJY", Learn The Go Programming Language Part 8 - Todd McLeod
"https://www.youtube.com/watch?v=hN4VDrroxIw", Learn The Go Programming Language Part 7 - Todd McLeod
"https://www.youtube.com/watch?v=WT_XR1c3ErA", Learn The Go Programming Language Part 6 - Todd McLeod
"https://www.youtube.com/watch?v=ZA9vjhpbzZw", Learn The Go Programming Language Part 5 - Todd McLeod
"https://www.youtube.com/watch?v=eLJ_v-MoPt0", Learn The Go Programming Language Part 4 - Todd McLeod
"https://www.youtube.com/watch?v=Y5RcYd-PPDM", Learn The Go Programming Language Part 3 - Todd McLeod
"https://www.youtube.com/watch?v=9vh-H0A3mBg", Learn The Go Programming Language Part 2 - Todd McLeod
"https://www.youtube.com/watch?v=l7vX1pwTBM4", Learn The Go Programming Language Part 1 - Todd McLeod
"https://www.youtube.com/watch?v=aodXdmX2xg0", Unreal Engine With C++ Stealth Game Multiplayer AI Part 4 - Tom Looman
"https://www.youtube.com/watch?v=Sr9yAi_q4LQ", HTML and CSS For Beginners Part 4 - Colt Steele
"https://www.youtube.com/watch?v=svdEyE-T6ak", Android Programming for Beginners using Android Studio Part 5 - Tim Buchalka
"https://www.youtube.com/watch?v=-ldyLbvIBUg", Android Programming for Beginners using Android Studio Part 4 - Tim Buchalka
"https://www.youtube.com/watch?v=YY_4G4osUzE", Android Programming for Beginners using Android Studio Part 3 - Tim Buchalka
"https://www.youtube.com/watch?v=FrRCCvyD1to", Android Programming for Beginners using Android Studio Part 2 - Tim Buchalka
"https://www.youtube.com/watch?v=N7gV9dScoAE", Android Programming for Beginners using Android Studio Part 1 - Tim Buchalka
"https://www.youtube.com/watch?v=XLWqjbqxRuk", Unreal Engine, Collisions Part 3: Hit and Overlap Events - Sam Pattuzzi
"https://www.youtube.com/watch?v=P-vmtnwxp_8", Unreal Engine, Collisions Part 2: Line Traces, Trace Channels and Queries - Sam Pattuzzi
"https://www.youtube.com/watch?v=XmSnzDIKfTw", Unreal Engine, Collisions Part 1: Object Types, Presets and Collision Responses - Sam Pattuzzi
"https://www.youtube.com/watch?v=CH6Y-IlT9iU", CCNA 120-125 Exam - Troubleshooting OSPF Part 3 - David Bombal
"https://www.youtube.com/watch?v=EK9TAUDiaak", CCNA 120-125 Exam - Troubleshooting OSPF Part 2 - David Bombal
"https://www.youtube.com/watch?v=YyMuVcnQ66M", CCNA 120-125 Exam - Troubleshooting OSPF Part 1 - David Bombal
"https://www.youtube.com/watch?v=--_7KkxKR3M", Python Refresher Part 5 - Advance Set Operations - Jose Salvatierra
"https://www.youtube.com/watch?v=1ICIn02iflo", Python Refresher Part 4 - Set Operations - Jose Salvatierra
"https://www.youtube.com/watch?v=sbVKuzH-DMA", Python Tutorial for Beginners Part 3 - Lists and Tuples - Jose Salvatierra
"https://www.youtube.com/watch?v=WpOrhHnmukI", Python Programming Tutorial Part 2 - Methods - Jose Salvatierra
"https://www.youtube.com/watch?v=URhMppAX4XQ", Python Tutorial for Beginners Part 1 (Variables) - Jose Salvatierra
"https://www.youtube.com/watch?v=FcZhDi2z3FI", Angular2 Basics Part 4: Lists, Events and Databinding - Maximilian Schwarzmuller
"https://www.youtube.com/watch?v=a9RQa6d8eWo", Angular2 Basics Part 3: Creating a Component - Maximilian Schwarzmuller
"https://www.youtube.com/watch?v=DR300s7DiWo", Angular2 Basics Part 2: Componenets and Appmodule - Maximilian Schwarzmuller
"https://www.youtube.com/watch?v=hBZQlCYM1IM", Angular2 Basics Part 1: Setup Using CLI - Maximilian Schwarzmuller
"https://www.youtube.com/watch?v=IGbHC3nqPpQ", Apache Spark Tutorial for Beginners Part 5 - Spark SQL - Frank Kane
"https://www.youtube.com/watch?v=AhIJ__g4PW0", Apache Spark Tutorial for Beginners Part 6 - Using DataSets - Frank Kane
"https://www.youtube.com/watch?v=I2L_J4l6YbY", Apache Spark Tutorial for Beginners Part 7 - Using MLLib - Frank Kane
"https://www.youtube.com/watch?v=8s6UNBnXapM", Welcome to Udemy Tech Channel!
"https://www.youtube.com/watch?v=3AKh0-PDsMw", JavaScript Prototypal Inheritance - Jonas Schmedtmann
"https://www.youtube.com/watch?v=GGjpXlUxeNE", Top 5 HTML5 and CSS3 Questions Answered! - Jonas Schmedtmann
"https://www.youtube.com/watch?v=GWB1zJCeBT0", HTML/CSS/JavaScript - What is the Difference? - Jonas Schmedtmann
"https://www.youtube.com/watch?v=OhnOw9_SmIw", JavaScript Crash Course: Build a Bitcoin Calculator - Jonas Schmedtmann
"https://www.youtube.com/watch?v=v_05rzEq6oc", Top 5 JavaScript Questions Answered! - Jonas Schmedtmann
"https://www.youtube.com/watch?v=yTW8Jx-4rho", JavaScript Scoping in 10 minutes! Jonas Schmedtmann
"https://www.youtube.com/watch?v=6dj5d5Ha1iw", Unity C# Basics Practical Exercise - Jonathan Weinberger
"https://www.youtube.com/watch?v=7pRFH-wYpfo", Unity C# Basics Part 4 - Switch Statements - Jonathan Weinberger
"https://www.youtube.com/watch?v=FAyp7h9junc", Unity C# Basics Part 5 - Loops - Jonathan Weinberger
"https://www.youtube.com/watch?v=FGFq6UfBIOw", Unity C# Basics Part 6 - Arrays - Jonathan Weinberger
"https://www.youtube.com/watch?v=RqUe18NzhH4", Unity C# Basics Part 2 - If Statements - Jonathan Weinberger
"https://www.youtube.com/watch?v=UsmeEELt_Ac", Unity C# Basics Part 3 - Logic Operators - Jonathan Weinberger
"https://www.youtube.com/watch?v=SvGS32y3p0Y", Unity C# Basics Part 1 - Variables - Jonathan Weinberger
"https://www.youtube.com/watch?v=DCaiZq3aBSc", Hadoop Tutorial For Beginners | Hadoop Ecosystem Explained in 20 min! - Frank Kane
"https://www.youtube.com/watch?v=sIevsR_JmcM", Kafka Tutorial for Beginners - Setup Kafka on Hortonworks in 30 min! - Frank Kane
"https://www.youtube.com/watch?v=v5e_PasMdXc", How to Choose the Right Database? - MongoDB, Cassandra, MySQL, HBase - Frank Kane
"https://www.youtube.com/watch?v=vPp72R2zZMA", MongoDB Introduction: Learn how MongoDB works in 15 minutes - Frank Kane
"https://www.youtube.com/watch?v=80q4qaYaiIo", Spring Framework 5 Tutorial: Using MockMVC - John Thompson
"https://www.youtube.com/watch?v=yxY9-ABmt94", Spring Framework 5 Tutorial: Dependency Injection - John Thompson
"https://www.youtube.com/watch?v=aoB7GIND9PM", Spring Framework 5 Tutorial: Testing Spring Framework Applications - John Thompson
"https://www.youtube.com/watch?v=QHjFVajYYHM", Spring Tutorial | Spring Project: Create a RESTful Web Service with Spring MVC 5 - John Thompson
"https://www.youtube.com/watch?v=LhQbSgKGIYQ", Spring Project | Create a Spring Web Application - John Thompson
"https://www.youtube.com/watch?v=SlGUnKnKUe4", VueJS2 Basics Part 3: Binding HTML Attributes - Maximilian Schwarzmuller
"https://www.youtube.com/watch?v=z5CpaC6FFV4", VueJS2 Basics Part 2: Events and Methods - Maximilian Schwarzmuller
"https://www.youtube.com/watch?v=RRJo_TXdqPg", Vue.JS Fundamentals Part1: What is Vue JS ? - Maximilian Schwarzmuller
"https://www.youtube.com/watch?v=OAR0E72hFyA", Vue.js Students FAQs Part 1 - Maximilian Schwarzmuller
"https://www.youtube.com/watch?v=SbSnawpwUXU", Unity Developer: How do Prefabs Work? - Rick Davidson
"https://www.youtube.com/watch?v=1R36rG9jgP8", Game Design Basics: How To Design Interesting Levels? - Rick Davidson
"https://www.youtube.com/watch?v=V-XWnk0-RjA", Game Design Basics: How to Create Player Choice? - Rick Davidson
"https://www.youtube.com/watch?v=Uk6fvoJoPpQ", Unity Environmental: Particle System That Follows The Player - Rick Davidson
"https://www.youtube.com/watch?v=tKzpufmwCNw", Learn Unity: Main 5 Windows - Rick Davidson
"https://www.youtube.com/watch?v=2c4cDgKydrg", Unity Tutorial: Create Terrain in 20min! - Rick Davidson
"https://www.youtube.com/watch?v=Tvpc9yE-Uks", Java Programming For Beginners: Make Your First Java App! Part 5 - Tim Buchalka
"https://www.youtube.com/watch?v=RnXEmBDRAvA", Java Programming For Beginners: Make Your First Java App! Part 4 - Tim Buchalka
"https://www.youtube.com/watch?v=yarW1Yqot08", Java Programming For Beginners: Make Your First Java App! Part 3 - Tim Buchalka
"https://www.youtube.com/watch?v=Ajj3-gysKo4", Java Programming For Beginners: Make Your First Java App! Part 2 - Tim Buchalka
"https://www.youtube.com/watch?v=3RxXzNA1H54", Java Programming For Beginners: Make Your First Java App! Part 1 - Tim Buchalka
"https://www.youtube.com/watch?v=kn6jcTMOBbg", Getting Started With Spring Framework - Part 5 - Tim Buchalka
"https://www.youtube.com/watch?v=G6gON7rYGcE", Getting Started With Spring Framework - Part 4 - Tim Buchalka
"https://www.youtube.com/watch?v=CGr1HCco4yo", Getting Started With Spring Framework - Part 3 - Tim Buchalka
"https://www.youtube.com/watch?v=wCEsm2G3Ijs", Getting Started With Spring Framework - Part 2 - Tim Buchalka
"https://www.youtube.com/watch?v=xHGqGs6FbYQ", Getting Started With Spring Framework - Part 1 - Tim Buchalka
"https://www.youtube.com/watch?v=h5Kp5t786R8", Build An Android App Step by Step Part 5: The Manifest File - Paulo Dichone
"https://www.youtube.com/watch?v=Tu_8KkiZ1j4", Build An Android App Step by Step Part 4: Change Button Properties - Paulo Dichone
"https://www.youtube.com/watch?v=YABMKvQqiTo", Build An Android App Step by Step Part 3: User Interface XML Properties - Paulo Dichone
"https://www.youtube.com/watch?v=hjitaz1sAYY", Build An Android App Step by Step Part 2: Constraints Layouts And Widgets - Paulo Dichone
"https://www.youtube.com/watch?v=5A6dEeX4lXY", Android Development Part 1: Set Up Android Studio - Paulo Dichone
"https://www.youtube.com/watch?v=EAA1Vv-xdbw", WordPress for Beginners: Top 10 WordPress Plugins - Phil Ebiner
"https://www.youtube.com/watch?v=TbIH_f5J2ho", WordPress for Beginners: Install WordPress Themes - Phil Ebiner
"https://www.youtube.com/watch?v=RF-Wc0-a81Y", WordPress for Beginners: Edit a WordPress Page - Phil Ebiner
"https://www.youtube.com/watch?v=pEAiGFX2sJE", WordPress for Beginners: How to Use the WordPress Dashboard - Phil Ebiner
"https://www.youtube.com/watch?v=D4Pb6Yf_T0Y", WordPress for Beginners: Change WordPress Home Page - Phil Ebiner
"https://www.youtube.com/watch?v=Xq7vF8cYY4c", WordPress for Beginners: Install WordPress on Bluehost - Phil Ebiner
"https://www.youtube.com/watch?v=TrhsWzXVNoM", WordPress for Beginners: WordPress.org vs. WordPress.com - Phil Ebiner
"https://www.youtube.com/watch?v=SL-gTwSCGIU", Arduino With Helium Part 4: Sending Data to A Web Service - Peter Dalmaris
"https://www.youtube.com/watch?v=tEPUCDUE9i8", Arduino With Helium Part 3: Sending Data to Helium - Peter Dalmaris
"https://www.youtube.com/watch?v=XpyzphJkGHc", Arduino With Helium Part 2: Getting started - Peter Dalmaris
"https://www.youtube.com/watch?v=w9GU1PlfXVg", Arduino With Helium Part 1: Introduction to the Internet of Things - Peter Dalmaris
"https://www.youtube.com/watch?v=xCwRn1vHKbI", Arduino Bluetooth Part 5: HC-06 Module SoftwareSerial - Peter Dalmaris
"https://www.youtube.com/watch?v=4o5EmUfwpoM", Arduino Bluetooth Part 4: HC-06 Module Reading Sensor Data - Peter Dalmaris
"https://www.youtube.com/watch?v=pnyhpgYC8H4", Arduino Bluetooth Part 3: HC-06 Module Sketch and Pairing - Peter Dalmaris
"https://www.youtube.com/watch?v=T07DT52krCY", Arduino Bluetooth Part 2: HC-06 Module Wiring - Peter Dalmaris
"https://www.youtube.com/watch?v=TTY2o1g_uTw", Arduino Bluetooth Part 1: HC-06 Module Introduction - Peter Dalmaris
"https://www.youtube.com/watch?v=rCClnGtDmbk", Arduino Tutorial: Most Essential Tools - Peter Dalmaris
"https://www.youtube.com/watch?v=GS0ihXCuQq4", Programming an AI (Project): Self Driving Car AI Part 3 - Kirill Eremenko
"https://www.youtube.com/watch?v=uZuYfEwrmT4", Programming an AI (Project): Self Driving Car AI Part 2 - Kirill Eremenko
"https://www.youtube.com/watch?v=ZS0hwBiDnY0", Programming an AI (Project): Self Driving Car AI Part 1 - Kirill Eremenko
"https://www.youtube.com/watch?v=7DwZafaTp_A", Artificial Intelligence A-Z: Introduction to Deep Q Learning Intuition - Kirill Eremenko
"https://www.youtube.com/watch?v=F6xNTLjnnMw", Apache Spark Tutorial for Beginners Part 4 - Using RDDs in Spark - Frank Kane
"https://www.youtube.com/watch?v=lcvlQV77UCs", Apache Spark Tutorial for Beginners Part 3 - Resilient Distributed Dataset - Frank Kane
"https://www.youtube.com/watch?v=M_cjCGwqLnc", Apache Spark Tutorial for Beginners (Part 2) | Introduction to Spark - Frank Kane
"https://www.youtube.com/watch?v=l8jMvfOU3vQ", Apache Spark Tutorial for Beginners Part 1 - Installing Spark - Frank Kane
"https://www.youtube.com/watch?v=ZRCd73gqV7k", CCENT / ICND1 (100-105): Cisco Networking Devices (ICND1) Layered Model OSI - Lazaro Diaz
"https://www.youtube.com/watch?v=Q-SKFDyerNk", Cisco CCNA R/S (200-125): Routing Protocol (RIP) - Crash Course - Lazaro Diaz
"https://www.youtube.com/watch?v=XqNxepK9z8M", Cisco CCNA R/S (200-125): Simulators and Emulators - Lazaro Diaz
"https://www.youtube.com/watch?v=duC8gldvJPo", Cisco CCNA (200-125): Using The Packet Tracer - Lazaro Diaz
"https://www.youtube.com/watch?v=467Doas5J6I", Create an iPhone Game using Swift 4 & SpriteKit in 1 Hour! - Timothy Meixner
"https://www.youtube.com/watch?v=zFle7VRdIos", Xcode 9 for Beginners: How to work with Playgrounds, Projects and Settings - Timothy Meixner
"https://www.youtube.com/watch?v=clOu4zQS8TA", Unity 3D Game Development Tutorial: Build Your First Game (in 40 min!) - Mark Price
"https://www.youtube.com/watch?v=7q2Xq968Vms", Make an iPhone (Xcode 9, Swift 4, iOS 11) App in 30 min! - Mark Price
"https://www.youtube.com/watch?v=ny7tx20Bmng", Android Kotlin Beginner Tutorial: Build Your First App! - Mark Price
"https://www.youtube.com/watch?v=fPIKyCzsxeY", Android Development: Make an Android App in 40min! - Mark Price
"https://www.youtube.com/watch?v=4v4cr4nVpI0", Python Basics Part 6 - Working with Files - Jose Portilla
"https://www.youtube.com/watch?v=yVb2JM7k_4I", Python Tutorial for Beginners Part 5 (Sets) - Jose Portilla
"https://www.youtube.com/watch?v=vw-DnK0F8Go", Python Tutorial for Beginners Part 4 (Tuples) - Jose Portilla
"https://www.youtube.com/watch?v=6104W1k9TGU", Python Tutorial for Beginners Part 3 (Dictionaries) - Jose Portilla
"https://www.youtube.com/watch?v=ta_DOHDXDPc", Python Basics Part 2 (Lists) - Jose Portilla
"https://www.youtube.com/watch?v=8s8Vj7z462M", Python Programming Tutorial Part 1 (Numbers) - Jose Portilla
"https://www.youtube.com/watch?v=vkx3V-QXhx8", Unreal Engine AI: Stealth Game Multiplayer AI Part 3 - Tom Looman
"https://www.youtube.com/watch?v=YY1wb3wLg48", Unreal Engine AI: Stealth Game Multiplayer AI Part 2 - Tom Looman
"https://www.youtube.com/watch?v=2se64SOPTCo", Unreal Engine AI: Stealth Game Multiplayer AI Part 1 - Tom Looman
"https://www.youtube.com/watch?v=TQfUrpobnz0", Unreal Engine AI - Create AI With Behavior Trees - Tom Looman
"https://www.youtube.com/watch?v=Adfvbl5C44o", Unreal Engine: Multiplayer Shooter Game with AI Part 3 - Tom Looman
"https://www.youtube.com/watch?v=BM70hMVNN2k", Unreal Engine: Multiplayer Shooter Game with AI Part 2 - Tom Looman
"https://www.youtube.com/watch?v=Vo3EcjucQcA", Unreal Engine: Multiplayer Shooter Game with AI Part 1 - Tom Looman
"https://www.youtube.com/watch?v=qyeRf_m3mPI", Make An iPhone App Using Swift! (Xcode 9, Swift 4, iOS 11) - Nick Walter
"https://www.youtube.com/watch?v=cH-Osi7RgHo", Make iPhone apps using Swift! Part 5: Labels - Nick Walter
"https://www.youtube.com/watch?v=LQ6qouhbQnQ", Make iPhone apps using Swift! Part 4: Comments and Print - Nick Walter
"https://www.youtube.com/watch?v=fDJ60ObiA7E", Make iPhone apps using Swift! Part 3: Strings and Ints - Nick Walter
"https://www.youtube.com/watch?v=fRTVWYWe4lg", Make iPhone apps using Swift! Part 2: Variables and Constants - Nick Walter
"https://www.youtube.com/watch?v=Vb3qizERSbg", Make iPhone apps using Swift! Part 1: Xcode - Nick Walter
"https://www.youtube.com/watch?v=3OJo8IKLqEQ", Data Structures in Java: Quick Sort Algorithm Part 1 - Imtiaz Ahmad
"https://www.youtube.com/watch?v=HDhxhywAuJM", Multithreading in Java - Imtiaz Ahmad
"https://www.youtube.com/watch?v=C8XCTBut14I", Node.js for Beginners Part 3 - Installing Node.js on a Mac OS - Edwin Diaz
"https://www.youtube.com/watch?v=d_bi_ZGfcBI", Node.js for Beginners Part 2 - Installing Node.js on Windows - Edwin Diaz
"https://www.youtube.com/watch?v=EFxGk7wtCa4", Node.js for Beginners Part 1 (What is Node.js) - Edwin Diaz
"https://www.youtube.com/watch?v=tClRHOnHveY", App Development: Process Overview - Angela Yu
"https://www.youtube.com/watch?v=bUQz9ZWjsvc", App Development Tutorial | How to Make An iOS APP - Angela Yu
"https://www.youtube.com/watch?v=jBQFnyq7BFI", HTML and CSS For Beginners Part 3 - Colt Steele
"https://www.youtube.com/watch?v=eEUavj8-w8U", Web Development Tutorial | HTML, CSS, JS Crash Course - Colt Steele
"https://www.youtube.com/watch?v=BU2rjqA_8Y4", Web Development Tutorial | HTML, CSS, JS Crash Course (Part 1) - Colt Steele
"https://www.youtube.com/watch?v=5OverEgUrU8", Python Basics Part 1: Variables - Ardit Sulce
"https://www.youtube.com/watch?v=o3zr-82jxOs", Docker Mastery: Docker Setup Tips for Win7,8,10 - Bret Fisher
"https://www.youtube.com/watch?v=v2JlW3NDKzo", Python Basics Part 3: Numbers and Operators - Ardit Sulce
"https://www.youtube.com/watch?v=qbnbImtit84", Python Basics Part 2: Numbers - Ardit Sulce
"https://www.youtube.com/watch?v=XlqtiUUlZSM", AWS re:Invent 2017 Announcements: Serverless Aurora - Bernard Golden
"https://www.youtube.com/watch?v=l4PEu8C1PTg", Docker Mastery: Docker Setup Tips for Mac - Bret Fisher
"https://www.youtube.com/watch?v=BYRm-QiZAvM", Why Get an AWS Certification? - Bernard Golden
"https://www.youtube.com/watch?v=FcuyGWKr4Q8", AWS re:Invent 2017 Announcements: Cloud9 - Bernard Golden
"https://www.youtube.com/watch?v=dfnVFrDsFso", AWS Solutions Architect Associate Certification: Overview - Bernard Golden
"https://www.youtube.com/watch?v=wz_yNoeKz7w", How to Be Anonymous Online? Part 2 - Ermin Kreponic
"https://www.youtube.com/watch?v=jgoMfxBElag", Ethical Hacking Wireless Signal Jamming - Ermin Kreponic
"https://www.youtube.com/watch?v=s6SIVc7C5U0", Python for Network Engineers with GNS3 Part 1 - David Bombal
"https://www.youtube.com/watch?v=lkxcdvcUTWc", Docker Mastery: Create and Use Containers Like a Pro! | Bret Fisher [Docker Captain]
"https://www.youtube.com/watch?v=PC3QTPmPPug", Prepare for the CCNA (200-125) Exam BGP Part 2 - David Bombal
"https://www.youtube.com/watch?v=Fc7Rjll30jY", Docker Mastery: Which Docker Edition Should I Use? - Bret Fisher
"https://www.youtube.com/watch?v=K4ISy2lVYjA", Prepare for the CCNA (200-125) Exam BGP Part 3 - David Bombal
"https://www.youtube.com/watch?v=LHY2hsgUcVM", JSP for Beginners HTML Forms Part 2 - Chad Darby
"https://www.youtube.com/watch?v=oj2FvlxKbcU", Docker Mastery: How to Install Docker on Windows? - Bret Fisher
"https://www.youtube.com/watch?v=D2QPL-1ImWM", JSP for Beginners Course Introduction - Chad Darby
"https://www.youtube.com/watch?v=ibDrBCpjsmU", Docker Mastery: Docker Setup Tips for Win10Pro - Bret Fisher
"https://www.youtube.com/watch?v=FrCevxJpk7Y", What Does an AWS Solutions Architect Do? - Bernard Golden
"https://www.youtube.com/watch?v=NHmL9Ulm8Xo", Python for Network Engineers with GNS3 Part 3 - David Bombal
"https://www.youtube.com/watch?v=8rv1jLFn7yM", JSP for Beginners HTML Forms Part 1 - Chad Darby
"https://www.youtube.com/watch?v=dtEVy8mqrIQ", Python for Network Engineers with GNS3 Part 2 - David Bombal
"https://www.youtube.com/watch?v=8G5akR4vmAE", Prepare for the CCNA (200-125) Exam BGP Part 1 - David Bombal
"https://www.youtube.com/watch?v=3boeIC7QW2U", AWS Certification Course FAQs: Part 1 - Bernard Golden
"https://www.youtube.com/watch?v=m0TYMte510w", Docker Mastery: Docker Setup Tips for Linux - Bret Fisher
"https://www.youtube.com/watch?v=rhJ_ELU5Cnc", AWS re:Invent 2017 Announcements: Machine Learning - Bernard Golden
"https://www.youtube.com/watch?v=nReAmC5JyNs", AWS re:Invent 2017 Announcements: Kubernetes & Fargate - Bernard Golden
"https://www.youtube.com/watch?v=BgzatbM5pv0", AWS re:Invent 2017 Announcements: Guard Duty - Bernard Golden
"https://www.youtube.com/watch?v=x-Wq33TMToY", What is Linux? - Jason Cannon
"https://www.youtube.com/watch?v=Rg6qGvBrkco", Basics Linux Commands - Jason Cannon
"https://www.youtube.com/watch?v=vRY6ZwbI2Ho", JavaScript Hash Tables - Eric Traub
"https://www.youtube.com/watch?v=IZszRT5EL_I", FAQs Angular - Maximilian Schwarzmuller
"https://www.youtube.com/watch?v=rrZ1xix_g5Q", FAQs React - Maximilian Schwarzmuller
"https://www.youtube.com/watch?v=yPEJjqSXXH4", Linux System Administration [Complete Beginner Tutorial] - Jason Cannon
"https://www.youtube.com/watch?v=UtIOMUQ7nWM", React JS Tutorial | Learn ReactJS From a Top Udemy Instructor - Maximilian Schwarzmuller
"https://www.youtube.com/watch?v=Fic8ae72YDA", How to Be Anonymous Online? Part 1 - Ermin Kreponic
"https://www.youtube.com/watch?v=AaNZBrP26LQ", Angular 5 Tutorial (complete) - Maximilian Schwarzmuller
"https://www.youtube.com/watch?v=rg2SlYyFBuY", Ethical Hacking How to Hide Your Mac Address? - Ermin Kreponic
"https://www.youtube.com/watch?v=02nWNkotEGk", Linux Administration Process Management - Jason Cannon
"https://www.youtube.com/watch?v=tkGZCwjKAEg", JSP for Beginners HTML Forms Part 4 - Chad Darby
"https://www.youtube.com/watch?v=0cB4D65vsIQ", JavaScript Linked List - Eric Traub
"https://www.youtube.com/watch?v=hQ4l16M8Uws", Blender Tutorial: Modeling In Blender (How To Rust Metal) - Michael Bridges
"https://www.youtube.com/watch?v=waCPOW9GtSc", Introduction to Linux - Jason Cannon
"https://www.youtube.com/watch?v=qv6Nmvwu1q8", Flask Development | Python Project - Build An App with Python and Flask - Jose Salvatierra
"https://www.youtube.com/watch?v=ZpU3mEaK0_w", JavaScript Tutorial for Beginners (Complete) - Maximilian Schwarzmuller
"https://www.youtube.com/watch?v=Tw5REVlFUrk", Linux Terminal Introduction - Ermin Kreponic
"https://www.youtube.com/watch?v=asmvv8w8JY0", Flask vs Django?
"https://www.youtube.com/watch?v=7_GL0mm0d1U", JavaScript Binary Tree - Eric Traub
"https://www.youtube.com/watch?v=0b97wkKUOAs", JSP for Beginners HTML Forms Part 3 - Chad Darby
"https://www.youtube.com/watch?v=K_Fw1FLfbNM", Unity AI: Simulating Crowds Part 3 - Penny de Byl
"https://www.youtube.com/watch?v=gTBNq4O6bFc", What Can You Do With Python? - Jose Salvatierra
"https://www.youtube.com/watch?v=kMvNeFKjlfA", Unity Tutorial: How To Create Atmosphere In Unity (quickly) - Rick Davidson
"https://www.youtube.com/watch?v=v_UiW8eoya4", Arduino for Beginners: Tinkercad Circuits - Shawn Hymel
"https://www.youtube.com/watch?v=nCSRR5yKlk4", Arduino for Beginners: Introduction - Shawn Hymel
"https://www.youtube.com/watch?v=-McRS1bA118", Arduino for Beginners: Color Codes - Shawn Hymel
"https://www.youtube.com/watch?v=sd3PASwUsds", How Does a Website Work? - Zaid Sabih
"https://www.youtube.com/watch?v=Yzt6pHkYWWg", Unity AI: Simulating Crowds Part 2 - Penny de Byl
"https://www.youtube.com/watch?v=kDXbDISnxzY", Create Your First Android App! - Paulo Dichone
"https://www.youtube.com/watch?v=ZWOgm_gim_w", Arduino for Beginners: Installing Arduino Software - Shawn Hymel
"https://www.youtube.com/watch?v=LWb77D8rFe0", Developing Microsoft Azure Solutions (70-532): Exam Overview Part 1 - Scott Duffy
"https://www.youtube.com/watch?v=CbFYqvCS0s0", Unreal Engine 4: How to Make a Day/Night Cycle - Sam Pattuzzi
"https://www.youtube.com/watch?v=G9awqq7M0ZU", Developing Microsoft Azure Solutions (70-532): Exam Overview Part 2 - Scott Duffy
"https://www.youtube.com/watch?v=Of_Q4F5I1zs", Unity AI: Simulating Crowds Part 1 - Penny de Byl
"https://www.youtube.com/watch?v=KJI33oM0bGw", Microsoft Azure: Overview Part 1 - Scott Duffy
"https://www.youtube.com/watch?v=2cbLQgCQ6Hc", Unity AI: Non-Player Navigation Systems with Waypoints - Penny de Byl
"https://www.youtube.com/watch?v=Ue3SgaqD5uY", What is Arduino? - Shawn Hymel
"https://www.youtube.com/watch?v=x_d5ehSYtc0", Arduino for Beginners: Functions - Shawn Hymel
"https://www.youtube.com/watch?v=3gnLwSI4d9E", Microsoft Azure for Beginners: Introduction - Scott Duffy
"https://www.youtube.com/watch?v=Qw9uGC0X8dg", Microsoft Azure: Overview Part 2 - Scott Duffy
"https://www.youtube.com/watch?v=tBCdvX8MSRc", Python Tutorial: Learn Python In One Video (2018) - Ardit Sulce
