10;12 подвигов Астерикса;Les 12 travaux d'Ast?rix
10;SuperАлиби;Alibi.com
10;Аватар;Avatar
10;Аладдин;Aladdin
10;Ангел-А;Angel-A
10;Астерикс в Британии;Ast?rix chez les Bretons
10;Астерикс и Клеопатра;Ast?rix et Cl?op?tre
10;Астерикс и Обеликс против Цезаря;Ast?rix & Ob?lix contre C?sar
10;Астерикс и Обеликс: Миссия Клеопатра;Asterix & Obelix: Mission Cleopatre
10;Астерикс на Олимпийских играх;Ast?rix aux jeux olympiques
10;Атлантида: Затерянный мир;Atlantis: The Lost Empire
10;Без чувств;Senseless
10;Бойцовский клуб;Fight Club
10;Брюс Всемогущий;Bruce Almighty
10;В джазе только девушки;Some Like It Hot
10;ВАЛЛ·И;WALL·E
10;Ван Хельсинг;Van Helsing
10;Великая стена;The Great Wall
10;Властелин колец: Братство кольца;The Lord of the Rings: The Fellowship of the Ring
10;Властелин колец: Возвращение Короля;The Lord of the Rings: The Return of the King
10;Военная хроника маленькой девочки: Сага о злой Тане;Youjo Senki
10;Гадкие американцы;Ugly Americans
10;Гадкий я 2;Despicable Me 2
10;Гадкий я;Despicable Me
10;Гарри Поттер и философский камень;Harry Potter and the Sorcerer's Stone
10;Геркулес;Hercules
10;Девушка с татуировкой дракона;The Girl with the Dragon Tattoo
10;Джимми Карр: На концерте;Jimmy Carr: In Concert
10;Джордж Карлин: Это плохо для тебя!;George Carlin... It's Bad for Ya!
10;Джуманджи;Jumanji
10;ДМБ;
10;Дневники вампира;The Vampire Diaries
10;Добейся успеха;Bring It On
10;Догма;Dogma
10;Доктор Кто;Doctor Who
10;Доктор Стрэндж;Doctor Strange
10;Долина папоротников: Последний тропический лес;FernGully: The Last Rainforest
10;Драконы: Подарок ночной фурии;Dragons: Gift of the Night Fury
10;Дэдпул;Deadpool
10;Железный человек;Iron Man
10;Зак и Мири снимают порно;Zack and Miri Make a Porno
10;Замерзшая из Майами;New in Town
10;Зверополис;Zootopia
10;Звёздные войны: Эпизод 6 – Возвращение Джедая;Star Wars: Episode VI - Return of the Jedi
10;Земные девушки легко доступны;Earth Girls Are Easy
10;Идеальный голос;Pitch Perfect
10;Извратная маска;HK Hentai Kamen
10;Иллюзионист;The Illusionist
10;Интервью с вампиром;Interview with the Vampire: The Vampire Chronicles
10;Интерны;
10;Интуиция;Serendipity
10;История рыцаря;A Knight's Tale
10;Исходный код;Source Code
10;Как приручить дракона;How to Train Your Dragon
10;Как приручить дракона 2;How to Train Your Dragon 2
10;Капитан Крюк;Hook
10;Караоке-вечеринка Шрека на болоте;Shrek in the Swamp Karaoke Dance Party
10;Константин: Повелитель тьмы;Constantine
10;Королева проклятых;Queen of the Damned
10;Король Лев;The Lion King
10;Короткометражка Marvel: Забавный случай на пути к молоту Тора;Marvel One-Shot: A Funny Thing Happened on the Way to Thor's Hammer
10;Корпорация монстров;Monsters, Inc.
10;Криминальное чтиво;Pulp Fiction
10;Крошка Енот;
10;Кунг-фу Панда;Kung Fu Panda
10;Кухня;
10;Легенда о МорДу;The Legend of Mor'du
10;Ледниковый период 2: Глобальное потепление;Ice Age: The Meltdown
10;Ледниковый период 3: Эра динозавров;Ice Age: Dawn of the Dinosaurs
10;Ледниковый период;Ice Age
10;Лига выдающихся джентльменов;The League of Extraordinary Gentlemen
10;Лови волну!;Surf's Up
10;Люди в черном;Men in Black
10;Люди Икс: Эволюция;X-Men: Evolution
10;Люди Икс;X-Men
10;Мадагаскар;Madagascar
10;Мадагаскар 2;Madagascar: Escape 2 Africa
10;Майор Пэйн;Major Payne
10;Марсианин;The Martian
10;Маска;The Mask
10;Матрица;The Matrix
10;Мгла;The Mist
10;Миньоны;Minions
10;Мир Юрского периода;Jurassic World
10;Мстители;The Avengers
10;Мулан;Mulan
10;Мышиная охота;Mousehunt
10;Назад в будущее;Back to the Future
10;Назад в будущее 2;Back to the Future Part II
10;Назад в будущее 3;Back to the Future Part III
10;Назад во времени;Back in Time
10;Не шутите с Zоханом!;You Don't Mess with the Zohan
10;Невероятный Халк;The Incredible Hulk
10;Ночь в музее;Night at the Museum
10;Ночь в музее 2;Night at the Museum: Battle of the Smithsonian
10;Няня;The Nanny
10;Обитель зла;Resident Evil
10;Одиннадцать друзей Оушена;Ocean's Eleven
10;Оз: Великий и Ужасный;Oz the Great and Powerful
10;Ознакомительный день;Orientation Day
10;Параллельные миры;Sliders
10;Парк Юрского периода 2: Затерянный мир;The Lost World: Jurassic Park
10;Парк Юрского периода;Jurassic Park
10;Первому игроку приготовиться;Ready Player One
10;Пираты Карибского моря: На краю Света;Pirates of the Caribbean: At World's End
10;Пираты Карибского моря: На странных берегах;Pirates of the Caribbean: On Stranger Tides
10;Пираты Карибского моря: Проклятие Черной жемчужины;Pirates of the Caribbean: The Curse of the Black Pearl
10;Пираты Карибского моря: Сундук мертвеца;Pirates of the Caribbean: Dead Man's Chest
10;Питер Пэн: Возвращение в Нетландию;Return to Never Land
10;Планета обезьян;Planet of the Apes
10;Пожиратель Богов;God Eater
10;Покахонтас;Pocahontas
10;Похождения императора;The Emperor's New Groove
10;Правила съема: Метод Хитча;Hitch
10;Престиж;The Prestige
10;Приключения Флика;A Bug's Life
10;Принц Персии: Пески времени;Prince of Persia: The Sands of Time
10;Проповедник;Preacher
10;Пятый элемент;The Fifth Element
10;Рапунцель: Запутанная история;Tangled
10;Рапунцель: Новая история;Tangled: The Series
10;Реквием по мечте;Requiem for a Dream
10;Рик и Морти;Rick and Morty
10;Розарио + Вампир;Rosario + Vampire
10;Розарио + Вампир;Rozario to banpaia
10;Ронал-варвар;Ronal Barbaren
10;Русалочка;The Little Mermaid
10;Сверхъестественное;Supernatural
10;Сердце дракона;DragonHeart
10;Сказки на ночь;Bedtime Stories
10;Сорвиголова;Daredevil
10;Стальной алхимик: Завоеватель Шамбалы;Gekij?-ban hagane no renkinjutsushi: Shanbara wo yuku mono
10;Стальной алхимик;Fullmetal Alchemist
10;Стражи Галактики. Часть 2;Guardians of the Galaxy Vol. 2
10;Стражи Галактики;Guardians of the Galaxy
10;Суини Тодд, демон-парикмахер с Флит-стрит;Sweeney Todd: The Demon Barber of Fleet Street
10;Тайны Смолвиля;Smallville
10;Токийский гуль;Tokyo Ghoul
10;Томми-оборотень;Big Wolf on Campus
10;Тор;Thor
10;Умница Уилл Хантинг;Good Will Hunting
10;Футурама: Зверь с миллиардом спин;Futurama: The Beast with a Billion Backs
10;Футурама: Игра Бендера;Futurama: Bender's Game
10;Футурама;Futurama
10;Халк;Hulk
10;Хеллбой: Герой из пекла;Hellboy
10;Холодное сердце;Frozen
10;Хранители снов;Rise of the Guardians
10;Чак и Ларри: Пожарная свадьба;I Now Pronounce You Chuck & Larry
10;Человек-муравей;Ant-Man
10;Четыре тысячи четыреста;The 4400
10;Чужой 4: Воскрешение;Alien: Resurrection
10;Чужой;Alien
10;Чёрная дыра;Pitch Black
10;Шрэк навсегда;Shrek Forever After
10;Шрэк Третий;Shrek the Third
10;Шрэк;Shrek
10;Шрэк 2;Shrek 2
10;Эйс Вентура 2: Когда зовет природа;Ace Ventura: When Nature Calls
10;Эльфийская песнь;Erufen r?to
10;Эпик;Epic
10;Я, снова я и Ирэн;Me, Myself & Irene
1;Возвращение в страну Оз;Return to Oz
1;Железный Человек: Темная сторона;Metal Man
1;Сумерки. Сага. Затмение;The Twilight Saga: Eclipse
2;Ван Гоги;
2;Капитан Америка;Captain America
2;Нечто;The Thing from Another World
2;Рождественский Шректакль Осла;Donkey's Christmas Shrektacular
2;Халк;Hulk
3;Гадкий я: Переполох миньонов 3D;Despicable Me: Minion Mayhem 3D
3;Легенда о Белой Змее;Hakuja den
3;Непобедимый Железный человек;Iron Man
3;Тор: Король Асгарда;Mighty Thor
5;Астерикс и Обеликс в Британии;Ast?rix & Ob?lix: Au service de sa Majest?
5;Геракл в пещере Минотавра;Hercules in the Maze of the Minotaur
5;Доктор Кто: Крушение во времени;Doctor Who: Time Crash
5;Доктор Кто: Музыка сфер;Doctor Who: Music of the Spheres
5;Другой мир: Бесконечная война;Underworld: Endless War
5;Капитан Америка;Captain America
5;Кунг-Фу Панда: Секреты мастеров;Kung Fu Panda: Secrets of the Masters
5;Певец джаза;The Jazz Singer
5;Преображение дома;Home Makeover
5;Призрак в доспехах 2: Невинность;Innocence
5;Сердце дракона: Начало;Dragonheart: A New Beginning
5;Сумерки. Сага. Новолуние;The Twilight Saga: New Moon
5;Сумерки. Сага. Рассвет: Часть 1;The Twilight Saga: Breaking Dawn - Part 1
5;Сумерки. Сага. Рассвет: Часть 2;The Twilight Saga: Breaking Dawn - Part 2
5;Сумерки;Twilight
5;Тор: Молот богов;Hammer of the Gods
5;Шрек: Триллер;Thriller Night
6;Атлантида 2: Возвращение Майло;Atlantis: Milo's Return
6;Драконы: Гонки бесстрашных. Начало;Dragons: Dawn of the Dragon Racers
6;Затащи меня в Ад;Drag Me to Hell
6;Золушка;Cinderella
6;Кошачий суп;Nekojiru-s?
6;Первый мститель: Противостояние;Captain America: Civil War
6;Покемон: Мьюту против Мью;Gekijoban poketto monsuta - Myutsu no gyakushu
7;Возвращение Джафара;The Return of Jafar
7;Защитники;
7;Книга драконов;Book of Dragons
7;Кунг-фу Панда: Праздничный выпуск;Kung Fu Panda Holiday
7;Кунг-фу Панда: Секреты неистовой пятерки;Kung Fu Panda: Secrets of the Furious Five
7;Лара Крофт: Расхитительница гробниц 2 – Колыбель жизни;Lara Croft Tomb Raider: The Cradle of Life
7;Новый Человек-паук: Высокое напряжение;The Amazing Spider-Man 2
7;Питер Пэн;Peter Pan
7;Стиляги;
7;Факультет;The Faculty
7;Шрэк 4-D;Shrek 4-D
8;Аладдин;Aladdin
8;Алиса в стране чудес;Alice in Wonderland
8;Астерикс завоевывает Америку;Asterix in America
8;Большой бой Астерикса;Ast?rix et le coup du menhir
8;Гарри Поттер и Принц-полукровка;Harry Potter and the Half-Blood Prince
8;Геракл в подземном царстве;Hercules in the Underworld
8;Геракл и амазонки;Hercules and the Amazon Women
8;Геракл и затерянное королевство;Hercules: The Legendary Journeys - Hercules and the Lost Kingdom
8;Геракл и Огненный круг;Hercules: The Legendary Journeys - Hercules and the Circle of Fire
8;Джимми Карр: Комик;Jimmy Carr: Comedian
8;Джордж Карлин: Карлин в Кампусе;George Carlin: Carlin on Campus
8;Добрыня Никитич и Змей Горыныч;
8;Доктор Кто: Пародия для взрослых;Doctor Whore Porn Parody
8;Доктор Кто: Путешествие в бесконечность;Doctor Who: The Infinite Quest
8;Дэдпул 2;Deadpool 2
8;Зена – королева воинов;Xena: Warrior Princess
8;Король Лев 3: Акуна Матата;The Lion King 1?
8;Красавица и чудовище;Beauty and the Beast
8;Легенда о Костоломе;Legend of the Boneknapper Dragon
8;Люди в черном 3;Men in Black 3
8;Люди Икс: Апокалипсис;X-Men: Apocalypse
8;Люди Икс: Дни минувшего будущего;X-Men: Days of Future Past
8;Люди Икс: Начало. Росомаха;X-Men Origins: Wolverine
8;Люди Икс: Первый класс;X-Men: First Class
8;Матрица: Перезагрузка;The Matrix Reloaded
8;Матрица: Революция;The Matrix Revolutions
8;Мир Юрского периода 2;Jurassic World: Fallen Kingdom
8;Моя прекрасная няня 2: Жизнь после свадьбы;
8;Мстители: Эра Альтрона;Avengers: Age of Ultron
8;Несокрушимый Железный человек;The Invincible Iron Man
8;Новая машина Майка;Mike's New Car
8;Новый Человек-паук;The Amazing Spider-Man
8;Парк Юрского периода 3;Jurassic Park III
8;Первый мститель: Другая война;Captain America: The Winter Soldier
8;Покахонтас 2: Путешествие в Новый Свет;Pocahontas II: Journey to a New World
8;Покемон 2000;Gekij?-ban poketto monsut?: Maboroshi no pokemon: Rugia bakutan
8;Покемон;Pok?mon
8;Покемон;Poketto monsut?
8;Прайд из Людей Икс;Pryde of the X-Men
8;Рапунцель: Счастлива навсегда;Tangled Ever After
8;Рататуй;Ratatouille
8;Росомаха: Бессмертный;The Wolverine
8;Удивительные странствия Геракла;Hercules: The Legendary Journeys
8;Ускоренный мир;Accel World
8;Фантастическая четверка: Вторжение Серебряного серфера;4: Rise of the Silver Surfer
8;Хеллбой II: Золотая армия;Hellboy II: The Golden Army
8;Хроники Нарнии: Лев, колдунья и волшебный шкаф;The Chronicles of Narnia: The Lion, the Witch and the Wardrobe
8;Человек-паук 3: Враг в отражении;Spider-Man 3
8;Чужой 3;Alien?
8;Эрагон;Eragon
9;Алеша Попович и Тугарин Змей;
9;Американский папаша;American Dad!
9;Астерикс из Галлии;Asterix le Gaulois
9;Астерикс против Цезаря;Ast?rix et la surprise de C?sar
9;Банан;Banana
9;Би Муви: Медовый заговор;Bee Movie
9;Веном;Venom
9;Вживую: Джордж Карлин в УЮК;On Location: George Carlin at USC
9;Властелин колец: Две крепости;The Lord of the Rings: The Two Towers
9;Власть огня;Reign of Fire
9;Гарри Поттер и Кубок огня;Harry Potter and the Goblet of Fire
9;Гарри Поттер и Орден Феникса;Harry Potter and the Order of the Phoenix
9;Гарри Поттер и Тайная комната;Harry Potter and the Chamber of Secrets
9;Гарри Поттер и узник Азкабана;Harry Potter and the Prisoner of Azkaban
9;День независимости;Independence Day
9;Джордж Карлин: Игры с твоим разумом;George Carlin: Playin' with Your Head
9;Драконы и всадники Олуха;Dragons: Riders of Berk
9;Дюймовочка;Thumbelina
9;Железный человек 2;Iron Man 2
9;Железный человек 3;Iron Man Three
9;Женщина-кошка;Catwoman
9;Жизнь и приключения Мишки Япончика;
9;Звёздные войны: Эпизод 4 – Новая надежда;Star Wars
9;Звёздные войны: Эпизод 5 – Империя наносит ответный удар;Star Wars: Episode V - The Empire Strikes Back
9;Зловещие мертвецы 3: Армия тьмы;Army of Darkness
9;Зловещие мертвецы 2;Evil Dead II
9;Игра престолов;Game of Thrones
9;Илья Муромец и Соловей Разбойник;
9;Карлин в Карнеги-холле;Carlin at Carnegie
9;Король Лев 2: Гордость Симбы;The Lion King II: Simba's Pride
9;Короткометражка Marvel: Консультант;Marvel One-Shot: The Consultant
9;Кухня в Париже;
9;Лара Крофт: Расхитительница гробниц;Lara Croft: Tomb Raider
9;Люди в черном 2;Men in Black II
9;Люди Икс: Последняя битва;X-Men: The Last Stand
9;Люди Икс;X-Men
9;Люди Икс 2;X2
9;Мадагаскар 3;Madagascar 3: Europe's Most Wanted
9;Моя прекрасная няня;
9;Муравей Антц;Antz
9;Настоящая кровь;True Blood
9;Наша Russia;
9;Несокрушимые мстители;Ultimate Avengers II
9;Нечто;The Thing
9;Новые Мстители;Ultimate Avengers
9;Обитель зла 2: Апокалипсис;Resident Evil: Apocalypse
9;Обитель зла 3;Resident Evil: Extinction
9;Первый мститель;Captain America: The First Avenger
9;Перси Джексон и похититель молний;Percy Jackson & the Olympians: The Lightning Thief
9;Персонаж;Stranger Than Fiction
9;Планета Халка;Planet Hulk
9;Под планетой обезьян;Beneath the Planet of the Apes
9;Прибытие;Arrival
9;Призрак в доспехах;Kokaku kidotai
9;Притяжение;
9;Тор 2: Царство тьмы;Thor: The Dark World
9;Трансформеры;Transformers
9;Фантастическая четверка;Fantastic Four
9;Футурама: Большой куш Бендера!;Futurama: Bender's Big Score
9;Футурама: В дикую зеленую даль;Futurama: Into the Wild Green Yonder
9;Человек-паук;Spider-Man
9;Человек-паук 2;Spider-Man 2
9;Черепашки-ниндзя;Teenage Mutant Ninja Turtles
9;Чужие;Aliens
9;Шрек мороз, зеленый нос;Shrek the Halls
9;Шрек: Хэллоуин;Scared Shrekless
9;Эйс Вентура: Розыск домашних животных;Ace Ventura: Pet Detective
;10 причин моей ненависти;10 Things I Hate About You
;13 грехов;13 Sins
;2012;2012
;3 гигантских человека;3 dev adam
;All American Doctor Who;
;BBC: Планета Земля;Planet Earth
;CKY 3;
;Do You Have a License to Save This Planet;
;Doctor Who: Good as Gold;
;G.I. Joe: Бросок кобры 2;G.I. Joe: Retaliation
;G.I. Joe: Бросок кобры 3;G.I. Joe: Ever Vigilant
;Garfield Gets a Life;
;Garfield in Disguise;
;Garfield in the Rough;
;Garfield's Babes and Bullets;
;Garfield's Feline Fantasies;
;Garfield's Thanksgiving;
;Kingsman: Золотое кольцо;Kingsman: The Golden Circle
;Kingsman: Секретная служба;Kingsman: The Secret Service
;Robin Williams in Multiple Exposures;
;Shining Time Station: Queen for a Day;
;Tardisodes;
;The Doctor Games;
;The Few Doctors;
;The Nanny Reunion: A Nosh to Remember;
;Thomas & Friends: Engine Friends;
;Untitled Alien Prequel;
;Untitled Star Wars/Boba Fett Project;
;Untitled Star Wars/Obi-Wan Kenobi Series;
;Zомбилэнд: Контрольный выстрел;Zombieland: Double Tap
;«Футурама» возвращается;'Futurama' Returns
;А вот и Гарфилд;Here Comes Garfield
;Аватар 2;Avatar 2
;Аватар 3;Avatar 3
;Аватар 4;Avatar 4
;Аватар 5;Avatar 5
;Август Раш;August Rush
;Австралия;Australia
;Автостопом по галактике;The Hitchhiker's Guide to the Galaxy
;Агент Картер;Agent Carter
;Агенты «Щ.И.Т.»;Agents of S.H.I.E.L.D.
;Аквамен;Aquaman
;Аквамен 2;Aquaman 2
;Аладдин и король разбойников;Aladdin and the King of Thieves
;Аладдин;Aladdin
;Алжир, увиденный с неба;L'Alg?rie vue du ciel
;Американские боги;American Gods
;Анаконда 2: Охота за проклятой орхидеей;Anacondas: The Hunt for the Blood Orchid
;Анаконда 3: Цена эксперимента;Anaconda: Offspring
;Анаконда 4: Кровавый след;Anacondas 4: Trail of Blood
;Анаконда;Anaconda
;Ангелы и Демоны;Angels & Demons
;Андромеда;Andromeda
;Аниматрица: Второе возрождение – Часть 1;The Second Renaissance Part I
;Аниматрица: Второе возрождение – Часть 2;The Second Renaissance Part II
;Аниматрица: Последний полет Осириса;Final Flight of the Osiris
;Аниматрица: Программа;Program
;Аниме Marvel;Marvel Anime
;Аристократы;The Aristocrats
;Армагеддон;Armageddon
;Астерикс и викинги;Ast?rix et les Vikings
;Астерикс: Земля Богов;Ast?rix: Le domaine des dieux
;Афера по-американски;American Hustle
;Аферисты Дик и Джейн;Fun with Dick and Jane
;Бал монстров;Monster's Ball
;Банда Келли;Ned Kelly
;Барака;Baraka
;Бахубали: Начало;Bahubali: The Beginning
;Бахубали: Потерянные легенды;Baahubali: The Lost Legends
;Бахубали: Рождение легенды;Baahubali 2: The Conclusion
;Бегущий в лабиринте: Испытание огнём;Maze Runner: The Scorch Trials
;Бегущий в лабиринте: Лекарство от смерти;Maze Runner: The Death Cure
;Бегущий в лабиринте;The Maze Runner
;Бегущий по лезвию 2049;Blade Runner 2049
;Бегущий по лезвию;Blade Runner
;Безымянный проект о Джейсоне Борне;Untitled Jeremy Renner/Bourne Sequel
;Белая мгла;Whiteout
;Бессонница;Insomnia
;Битва за планету Терра;Battle for Terra
;Битва Титанов;Clash of the Titans
;Бладрейн 2: Освобождение;BloodRayne II: Deliverance
;Бладрейн;BloodRayne
;Бладрейн 3;BloodRayne: The Third Reich
;Бладшот;Bloodshot
;Блич;Bleach: Bur?chi
;Блондинка в эфире;Walk of Shame
;Блэйд 3: Троица;Blade: Trinity
;Блэйд;Blade
;Блэйд;Blade: The Series
;Блэйд 2;Blade II
;Большая белая обуза;The Big White
;Большая свадьба;The Big Wedding
;Большой куш;Snatch.
;Братья Гримм;The Brothers Grimm
;Бриджит Джонс: Грани разумного;Bridget Jones: The Edge of Reason
;Бриджит Джонс 3;Bridget Jones's Baby
;Бросок кобры;G.I. Joe: The Rise of Cobra
;Брюс Всемогущий 2;Untitled Bruce Almighty Sequel
;Бульвар;Boulevard
;Бухта;The Cove
;Быть человеком;Being Human
;Бэмби;Bambi
;Бэмби 2;Bambi II
;Бэтмен возвращается;Batman Returns
;Бэтмен и Робин;Batman & Robin
;Бэтмен навсегда;Batman Forever
;Бэтмен против Супермена: На заре справедливости;Batman v Superman: Dawn of Justice
;Бэтмен: Начало;Batman Begins
;Бэтмен: Рыцарь Готэма;Batman: Gotham Knight
;Бэтмен;Batman
;Бэтмен;The Batman
;В погоне за Эми;Chasing Amy
;В черной дыре;Into Pitch Black
;Вакансия на жертву 2: Первый дубль;Vacancy 2: The First Cut
;Вакансия на жертву;Vacancy
;Валериан и город тысячи планет;Valerian and the City of a Thousand Planets
;Вампиранутые;Breaking Wind
;Вампирский засос;Vampires Suck
;Вампирша;Rise
;Вампиры: Возрождение древнего рода;Slayer
;Ванда/Вижн;WandaVision
;Варкрафт;Warcraft
;Ведьмак;The Witcher
;Век глупцов;The Age of Stupid
;Великий Человек-паук;Ultimate Spider-Man
;Веном 2;Venom 2
;Вечное сияние чистого разума;Eternal Sunshine of the Spotless Mind
;Вечность;Forever
;Вечные;Eternals
;Вживую: Джордж Карлин в Фениксе;On Location: George Carlin at Phoenix
;Во все тяжкие;Breaking Bad
;Воздушная тюрьма;Con Air
;Воины света;Daybreakers
;Война миров;War of the Worlds
;Война миров Z;World War Z
;Волки;Wolves
;Волшебная история Жасмин: Путешествие Принцессы;Jasmine's Enchanted Tales: Journey of a Princess
;Воображариум доктора Парнаса;The Imaginarium of Doctor Parnassus
;Ворон 2: Город ангелов;The Crow: City of Angels
;Ворон 3: Спасение;The Crow: Salvation
;Ворон: Жестокое причастие;The Crow: Wicked Prayer
;Восставший из ада 3: Ад на Земле;Hellraiser III: Hell on Earth
;Восставший из ада 4: Кровное родство;Hellraiser: Bloodline
;Восставший из ада 5: Преисподняя;Hellraiser: Inferno
;Восставший из ада 6: Поиски ада;Hellraiser: Hellseeker
;Восставший из ада 7: Армия мертвецов;Hellraiser: Deader
;Восставший из ада 8: Адский мир;Hellraiser: Hellworld
;Восставший из ада: Откровения;Hellraiser: Revelations
;Восставший из ада;Hellraiser
;Восставший из ада 2;Hellbound: Hellraiser II
;Восстание планеты обезьян;Rise of the Planet of the Apes
;Восход тьмы;The Seeker: The Dark Is Rising
;Восхождение Юпитер;Jupiter Ascending
;Враг;Enemy
;Время от времени;From Time to Time
;Время первых;
;Время;In Time
;Все без ума от Мэри;There's Something About Mary
;Всегда говори «ДА»;Yes Man
;Вспомнить всё;Total Recall
;Вспомнить всё;Total Recall
;Всё могу;Absolutely Anything
;Вторжение динозавра;Gwoemul
;Вторжение;
;Гадкий я 3;Despicable Me 3
;Гамлет;Hamlet
;Гарри Поттер и Дары Смерти: Часть II;Harry Potter and the Deathly Hallows: Part 2
;Гарри Поттер и Дары Смерти: Часть I;Harry Potter and the Deathly Hallows: Part 1
;Гарфилд 2: История двух кошечек;Garfield: A Tail of Two Kitties
;Гарфилд в городе;Garfield on the Town
;Гарфилд в раю;Garfield in Paradise
;Гарфилд едет в Голливуд;Garfield Goes Hollywood
;Гарфилд: Все 9 жизней;Garfield: His 9 Lives
;Гарфилд;Garfield
;Геракл;Hercules
;Гнев Титанов;Wrath of the Titans
;Гномео и Джульетта;Gnomeo & Juliet
;Говард-утка;Howard the Duck
;Годзилла 2: Король монстров;Godzilla: King of the Monsters
;Годзилла;Godzilla
;Годзилла;Godzilla
;Голодные игры: И вспыхнет пламя;The Hunger Games: Catching Fire
;Голодные игры: Сойка-пересмешница. Часть II;The Hunger Games: Mockingjay - Part 2
;Голодные игры: Сойка-пересмешница. Часть I;The Hunger Games: Mockingjay - Part 1
;Голодные игры;The Hunger Games
;Голый барабанщик;The Rocker
;Гонка на вымирание;Racing Extinction
;Горбатая гора;Brokeback Mountain
;Гори, гори ясно;Brightburn
;Город героев;Big Hero 6
;Город грехов 2: Женщина, ради которой стоит убивать;Sin City: A Dame to Kill For
;Город грехов;Sin City
;Город Эмбер: Побег;City of Ember
;Гравити Фолз;Gravity Falls
;Грандиозный Человек-паук;The Spectacular Spider-Man
;Грань будущего;Edge of Tomorrow
;Грань;Fringe
;Двенадцать друзей Оушена;Ocean's Twelve
;Дворецкий;The Butler
;Двухсотлетний человек;Bicentennial Man
;Девушка в поезде;The Girl on the Train
;Девушка из Джерси;Jersey Girl
;Девушка с татуировкой дракона;M?n som hatar kvinnor
;Девушка, которая взрывала воздушные замки;Luftslottet som spr?ngdes
;Девушка, которая играла с огнем;Flickan som lekte med elden
;Девушка, которая играла с огнём;The Girl Who Played with Fire
;Делай ноги;Happy Feet
;Делай ноги 2;Happy Feet Two
;День Доктора;The Day of the Doctor
;День Земли, специальный выпуск;The Earth Day Special
;День независимости: Возрождение;Independence Day: Resurgence
;День независимости 3;Independence Day 3
;День отца;Fathers' Day
;День, когда Земля остановилась;The Day the Earth Stood Still
;День, когда остановилась Земля;The Day the Earth Stood Still
;Десятое королевство;The 10th Kingdom
;Детали;The Details
;Дети дождя;Les Enfants de la pluie
;Дети шпионов 2: Остров несбывшихся надежд;Spy Kids 2: Island of Lost Dreams
;Дети шпионов 3: Игра окончена;Spy Kids 3-D: Game Over
;Дети шпионов 4D;Spy Kids 4: All the Time in the World
;Дети шпионов;Spy Kids
;Джей и молчаливый Боб наносят ответный удар;Jay and Silent Bob Strike Back
;Джей и молчаливый Боб уделывают Деграсси;Jay and Silent Bob Do Degrassi
;Джей и молчаливый Боб: Перезагрузка;Jay and Silent Bob Reboot
;Джек;Jack
;Джессика Джонс;Jessica Jones
;Джоан Риверз: Творение;Joan Rivers: A Piece of Work
;ДжоДжо: Поп-принцесса;JoJo: The Pop Princess
;Джокер;Joker
;Джон Картер;John Carter
;Джон Уик;John Wick
;Джона Хекс;Jonah Hex
;Джордж Карлин: 40 лет на сцене;George Carlin: 40 Years of Comedy
;Джордж Карлин: Вы все больны;George Carlin: You Are All Diseased
;Джордж Карлин: Жалобы и недовольства;George Carlin: Complaints & Grievances
;Джордж Карлин: Жизнь стоит того, чтобы её потерять;George Carlin: Life Is Worth Losing
;Джордж Карлин: Зависая в Нью-Йорке;George Carlin: Jammin' in New York
;Джордж Карлин: Снова в городе;George Carlin: Back in Town
;Джордж Карлин: Снова за старое;George Carlin: Doin' It Again
;Джордж Карлин: Что я делаю в Нью-Джерси?;George Carlin: What Am I Doing in New Jersey?
;Джуманджи: Зов джунглей;Jumanji: Welcome to the Jungle
;Джуманджи: Новый уровень;Jumanji: The Next Level
;Дивергент, глава 2: Инсургент;Insurgent
;Дивергент, глава 3: За стеной;Allegiant
;Дивергент, глава 4;The Divergent Series: Ascendant
;Дивергент;Divergent
;Диктатор;The Dictator
;Дитя человеческое;Children of Men
;Дневник Бриджет Джонс;Bridget Jones's Diary
;Дневники вампира: Тёмная правда;The Vampire Diaries: A Darker Truth
;Дни Искушения;Last Days in the Desert
;Добейся успеха 3: Всё или ничего;Bring It On: All or Nothing
;Добейся успеха снова!;Bring It On: Again
;Добейся успеха: Борись до конца!;Bring It On: Fight to the Finish
;Добейся успеха: Всё за победу;Bring It On: In It to Win It
;Добро пожаловать в Zомбилэнд;Zombieland
;Доктор Кто и Проклятие неизбежной смерти;Comic Relief: Doctor Who - The Curse of Fatal Death
;Доктор Кто: Конфиденциально;Doctor Who Confidential
;Доктор Кто: Крик Шалки;Doctor Who: Scream of the Shalka
;Доктор Кто: Пространство и время;Doctor Who: Space and Time
;Доктор Кто: Страна снов;Doctor Who: Dreamland
;Доктор Кто;Doctor Who
;Доктор Кто;Doctor Who
;Доктор Стрэндж и мультивселенная безумия;Doctor Strange in the Multiverse of Madness
;Доктор Стрэндж и Тайна Ордена магов;Doctor Strange
;Доктор Стрэндж;Dr. Strange
;Доктор Хаус;House, M.D.
;Долина папоротников 2: Волшебное спасение;FernGully 2: The Magical Rescue
;Дом с паранормальными явлениями;A Haunted House
;Дом странных детей Мисс Перегрин;Miss Peregrine's Home for Peculiar Children
;Дом. История путешествия;Home
;Домашнее видео;Sex Tape
;Дора и Затерянный город;Dora and the Lost City of Gold
;Дориан Грей;Dorian Gray
;Дракула 2000;Dracula 2000
;Дракула 2: Вознесение;Dracula II: Ascension
;Дракула 3: Наследие;Dracula III: Legacy
;Дракула;Dracula Untold
;Древние;The Originals
;Дрожь земли;Tremors
;Другой мир 2: Эволюция;Underworld: Evolution
;Другой мир: Войны крови;Underworld: Blood Wars
;Другой мир: Восстание ликанов;Underworld: Rise of the Lycans
;Другой мир: Пробуждение;Underworld Awakening
;Другой мир;Underworld
;Дурдом на колесах;RV
;Дух времени: Приложение;Zeitgeist: Addendum
;Дух времени;Zeitgeist
;Дэдпул 3;Deadpool 3
;Дэдшот;Deadshot
;Дюна;Dune
;Евангелион: Смерть и перерождение;Shinseiki Evangelion Gekijoban: Shi to Shinsei
;Евангелион;Shin Seiki Evangerion
;Ешь, молись, люби;Eat Pray Love
;Железный кулак;Iron Fist
;Железный человек и Капитан Америка: Союз героев;Iron Man and Captain America: Heroes United
;Железный человек и Халк: Союз героев;Iron Man & Hulk: Heroes United
;Железный Человек: Восстание Техновора;Iron Man: Rise of Technovore
;Железный человек: Приключения в броне;Iron Man: Armored Adventures
;Железный человек: Экстремис;Iron Man: Extremis
;Железный человек;Iron Man
;Жена путешественника во времени;The Time Traveler's Wife
;Женщина-паук;Spider-Woman
;Живое;Life
;Зайцев + 1;
;Заклинательница акул;Dark Tide
;Закон ночи;Live by Night
;Запретная планета;Forbidden Planet
;Запрещенный прием;Sucker Punch
;Зачарованная;Enchanted
;Зачарованная 2;Disenchanted
;Зачарованные;Charmed
;Защитники;The Defenders
;Звездные войны: Войны клонов;Star Wars: The Clone Wars
;Звездные войны: Войны клонов;Star Wars: The Clone Wars
;Звездный десант;Starship Troopers
;Звёздные войны: Повстанцы;Star Wars: Rebels
;Звёздные войны: Последние джедаи;Star Wars: Episode VIII - The Last Jedi
;Звёздные войны: Пробуждение силы;Star Wars: Episode VII - The Force Awakens
;Звёздные войны: Скайуокер. Восход;Star Wars: Episode IX - The Rise of Skywalker
;Звёздные войны: Эпизод 1 – Скрытая угроза;Star Wars: Episode I - The Phantom Menace
;Звёздные войны: Эпизод 2 – Атака клонов;Star Wars: Episode II - Attack of the Clones
;Звёздные войны: Эпизод 3 – Месть Ситхов;Star Wars: Episode III - Revenge of the Sith
;Зеленый Фонарь;Green Lantern
;Земля будущего;Tomorrowland
;Земля;Earth
;Земля;Terra
;Земляне;Earthlings
;Знамение;Knowing
;Золотой компас;The Golden Compass
;Зомби по имени Шон;Shaun of the Dead
;Иван Царевич и Серый Волк;
;Иван Царевич и Серый Волк 2;
;Иван Царевич и Серый Волк 3;
;Игрушки;Toys
;Идеальный голос 2;Pitch Perfect 2
;Идеальный голос 3;Pitch Perfect 3
;Идентификация Борна;The Bourne Identity
;Из ада;From Hell
;Из Парижа с любовью;From Paris with Love
;Из пекла;Out of the Furnace
;Избави нас от лукавого;Deliver Us from Evil
;Извратная маска 2;HK: Hentai Kamen - Abnormal Crisis
;Изгой-один: Звёздные войны. Истории;Rogue One
;Индиана Джонс: В поисках утраченного ковчега;Raiders of the Lost Ark
;Интерстеллар;Interstellar
;Инуяся: Последняя глава;InuYasha: Kanketsu-hen
;Инуяся;Inuyasha
;Инферно;Inferno
;Иные;Freaks
;Искусственный разум;Artificial Intelligence: AI
;Исход: Цари и боги;Exodus: Gods and Kings
;Исходный код 2;Source Code 2
;Исчезновение на 7-й улице;Vanishing on 7th Street
;К-9 и Компания: Лучший друг девушки;K-9 and Company: A Girl's Best Friend
;К-9;K9
;Кавказская пленница!;
;Казанова;Casanova
;Как приручить дракона 3;How to Train Your Dragon: The Hidden World
;Капитан Америка 2: Слишком скорая смерть;Captain America II: Death Too Soon
;Капитан Америка;Captain America
;Капитан Америка;Captain America
;Капитан Марвел;Captain Marvel
;Каратель: Грязная стирка;The Punisher: Dirty Laundry
;Каратель: Территория войны;Punisher: War Zone
;Каратель;The Punisher
;Каратель;The Punisher
;Каратель;The Punisher
;Каратэ-пацан;The Karate Kid
;Каратэ-пацан 2;The Karate Kid 2
;Кейт и Лео;Kate & Leopold
;Киберлюди;Cybermen
;Киборг;Cyborg
;Клерки: Потерянная сцена;Clerks: The Lost Scene
;Клерки;Clerks.
;Клерки 2;Clerks II
;Клерки 3;Clerks III
;Клетка для пташек;The Birdcage
;Клик: С пультом по жизни;Click
;Клиника: Интерны;Scrubs: Interns
;Клиника;Scrubs
;Клуб «Завтрак»;The Breakfast Club
;Книга Илая;The Book of Eli
;Князь провидения;The Prince of Providence
;Князь тьмы с задней парты;Ichiban ushiro no daimaou
;Код Гиас: Восставший Лелуш R2;Kodo giasu: Hangyaku no rurushu R2
;Код Гиас: Восставший Лелуш;K?do giasu: Hangyaku no rur?shu
;Код Да Винчи;The Da Vinci Code
;Команда «Мстители»;Avengers Assemble
;Конан;Conan
;Конец Евангелиона;Shinseiki Evangelion Gekijoban: Air/Magokoro wo, kimi ni
;Константин;Constantine
;Константин 2;Constantine 2
;Короли Догтауна;Lords of Dogtown
;Король говорит!;The King's Speech
;Король Лев;The Lion King
;Корона грешника;Giruti Kuraun
;Короткометражка Marvel: Агент Картер;Marvel One-Shot: Agent Carter
;Короткометражка Marvel: Да здравствует король;Marvel One-Shot: All Hail the King
;Короткометражка Marvel: Образец 47;Marvel One-Shot: Item 47
;Корпус Зеленых Фонарей;Green Lantern Corps
;Космический спецназ Гарфилда;Garfield's Pet Force
;Кот в сапогах;Puss in Boots
;Кошки;Cats
;Кояанискатси;Koyaanisqatsi
;Крадущийся тигр, затаившийся дракон;Wo hu cang long
;Красная Шапочка;Red Riding Hood
;Красота по-американски;American Beauty
;Кредо убийцы;Assassin's Creed
;Кровавая месть;In the Blood
;Куда приводят мечты;What Dreams May Come
;Кунг-Фу Панда: Загадки свитка;Kung Fu Panda: Secrets of the Scroll
;Кунг-фу Панда: Удивительные легенды;Kung Fu Panda: Legends of Awesomeness
;Кунг-фу Панда 2;Kung Fu Panda 2
;Кунг-фу Панда 3;Kung Fu Panda 3
;Кухня. Последняя битва;
;Кухня;Whites
;Кэнди;Candy
;Лабиринт Фавна;El laberinto del fauno
;Лапы;Paws
;Легенда об Искателе;Legend of the Seeker
;Легок на помине;
;Леди и Бродяга;Lady and the Tramp
;Ледниковый период 4: Континентальный дрейф;Ice Age: Continental Drift
;Ледниковый период: Столкновение неизбежно;Ice Age: Collision Course
;Леон;Leon
;Лесная братва;Over the Hedge
;Леший;Man-Thing
;Лжец, лжец;Liar Liar
;Лига справедливости: Гибель;Justice League: Doom
;Лига справедливости: Часть 2;Justice League Part Two
;Лига справедливости;Justice League
;Лицензия на брак;License to Wed
;Лицо любви;The Face of Love
;Лобо;Lobo
;Ловец снов;Dreamcatcher
;Лови волну 2;Surf's Up 2: WaveMania
;Логан;Logan
;Локи;Loki
;Люди в черном: Интернэшнл;Men in Black International
;Люди Икс: Тёмный Феникс;Dark Phoenix
;Люк Кейдж;Luke Cage
;Люси;Lucy
;Люцифер;Lucifer
;Мадагаскар 4;Madagascar 4
;Малефисента: Владычица тьмы;Maleficent: Mistress of Evil
;Малефисента;Maleficent
;Мальчишник 2: Из Вегаса в Бангкок;The Hangover Part II
;Мальчишник в Вегасе;The Hangover
;Мальчишник: Часть III;The Hangover Part III
;Мандалорец;The Mandalorian
;Манифесто;Manifesto
;Мантикора;
;Мачете убивает;Machete Kills
;Мачете;Machete
;Машина времени;The Time Machine
;Машина, которая сделала нас;The Machine That Made Us
;Мгла;The Mist
;Меня там нет;I'm Not There
;Меняющие реальность;The Adjustment Bureau
;Мертвец;Dead Man
;Месть пушистых;Furry Vengeance
;Метрополис;Metropolis
;Миллион способов потерять голову;A Million Ways to Die in the West
;Мир Юрского периода 3;Jurassic World 3
;Мирный воин;Peaceful Warrior
;Миссис Даутфайр;Mrs. Doubtfire
;Миссия «Серенити»;Serenity
;Моана;Moana
;Мой любимый марсианин;My Favorite Martian
;Молодость Геракла;Young Hercules
;Монстры за работой;Monsters at Work
;Морган;Morgan
;Моя няня – вампир;My Babysitter's a Vampire
;Мстители, общий сбор!;Avengers Assemble!
;Мстители: Величайшие герои Земли;The Avengers: Earth's Mightiest Heroes
;Мстители: Война бесконечности;Avengers: Infinity War
;Мстители: Всегда вместе;Avengers
;Мстители: Дисковые войны;Marvel Disk Wars: The Avengers
;Мстители: Финал;Avengers: Endgame
;Мститель;The Spirit
;Муви 43;Movie 43
;Мулан;Hua Mulan
;Мулан;Mulan
;Мулан 2;Mulan II
;Мумия;The Mummy
;Мусор;Trashed
;Мы – монстры;Happy Family
;На пятьдесят оттенков темнее;Fifty Shades Darker
;Навстречу вечности;Into Eternity: A Film for the Future
;Навстречу шторму;Into the Storm
;Найтвинг;Nightwing
;Напролом;Lockout
;Наруто 2: Великая битва;Gekij?-ban Naruto: Daigekitotsu! Maboroshi no chitei iseki dattebayo!
;Наруто 3: Грандиозный переполох;Gekij?-ban Naruto: Daik?fun! Mikazukijima no animaru panikku dattebayo!
;Наруто 7: Потерянная башня;Gekijouban Naruto Shippuuden: Za rosuto taw?
;Наруто 8: Кровавая тюрьма;Gekijouban Naruto: Buraddo purizun
;Наруто 9: Путь ниндзя;Road to Ninja: Naruto the Movie
;Наруто: Ниндзя в стране снега;Gekij?-ban Naruto: Daikatsugeki! Yukihime ninp?ch? dattebayo!!
;Наруто: Последний фильм;The Last: Naruto the Movie
;Наруто: Спортивный фестиваль Конохи;Gekij?-ban Naruto: Konoha no mori no daiund?kai
;Наруто: Ураганные хроники;Naruto: Shipp?den
;Наруто;Naruto
;Наруто 4;Gekij?-ban Naruto shipp?den
;Наруто 5;Gekij? ban Naruto: Shipp?den - Kizuna
;Наруто 6;Gekij?-ban Naruto Shipp?den: Hi no ishi wo tsugu mono
;Настоящий Гарфилд;Garfield Gets Real
;Настоящий Человек-паук;Spider-Man
;Начало;Inception
;Невероятные приключения Билла и Теда;Bill & Ted's Excellent Adventure
;Невероятный Халк: Возвращение;The Incredible Hulk Returns
;Невероятный Халк: Испытание;The Trial of the Incredible Hulk
;Невероятный Халк;The Incredible Hulk
;Невероятный Халк;The Incredible Hulk
;Невероятный Халк;The Incredible Hulk
;Невидимка;Hollow Man
;Неизведанное: Удача Дрейка;Uncharted
;Непобедимый Спайдермен;Spider-Man Unlimited
;Неполадки;The Krazees
;Неприличное везение;Outrageous Fortune
;Несносные боссы;Horrible Bosses
;Неудержимые;The Expendables
;Неудержимые 2;The Expendables 2
;Неудержимые 3;The Expendables 3
;Неудобная правда;An Inconvenient Truth
;Нечто;The Thing
;Но... серьезно;But... Seriously
;Новейший завет;Le tout nouveau testament
;Новые Мстители: Герои завтрашнего дня;Next Avengers: Heroes of Tomorrow
;Новые мутанты;The New Mutants
;Новые приключения Билла и Теда;Bill & Ted's Bogus Journey
;Новые приключения Золушки;Happily N'Ever After
;Новый Человек-паук;Spider-Man: The New Animated Series
;Ночной слушатель;The Night Listener
;Ночные стражи;
;Ночь в музее: Секрет гробницы;Night at the Museum: Secret of the Tomb
;Ноэлль;Noelle
;О лесах и людях;Des Forets et des Hommes
;О, какая милая чайная вечеринка!;Oh, What a Lovely Tea Party
;Обезглавить Гидру;Nick Fury: Agent of Shield
;Обитаемый остров;
;Обитель зла 4: Жизнь после смерти 3D;Resident Evil: Afterlife
;Обитель зла: Возмездие;Resident Evil: Retribution
;Обитель зла: Последняя глава;Resident Evil: The Final Chapter
;Области тьмы;Limitless
;Обливион;Oblivion
;Одержимость вуду;Voodoo Possession
;Одиннадцатый час;The 11th Hour
;Одинокий рейнджер;The Lone Ranger
;Одна миллиардная доля;Parts Per Billion
;Однажды в сказке;Once Upon a Time
;Одноклассники;Grown Ups
;Одноклассники 2;Grown Ups 2
;Оз: Возвращение в Изумрудный Город;Legends of Oz: Dorothy's Return
;Океаны;Oc?ans
;Окончательный монтаж – дамы и господа!;Final Cut: H?lgyeim ?s uraim
;Окончательный монтаж;The Final Cut
;Окча;Okja
;Олаф и холодное приключение;Olaf's Frozen Adventure
;Оператор реальности;
;Оправданное зло;Necessary Evil
;Особь: Пробуждение;Species: The Awakening
;Особь;Species
;Особь 2;Species II
;Особь 3;Species III
;Оставленные;Left Behind
;Осторожно, модерн! 2004;
;Осторожно, модерн!;
;Осторожно, модерн! 2;
;Остров лемуров: Мадагаскар;Island of Lemurs: Madagascar
;Остров цветов;Ilha das Flores
;От заката до рассвета 2: Кровавые деньги из Техаса;From Dusk Till Dawn 2: Texas Blood Money
;От заката до рассвета 3: Дочь палача;From Dusk Till Dawn 3: The Hangman's Daughter
;От заката до рассвета;From Dusk Till Dawn
;Отбросы;Misfits
;Отряд самоубийц;Suicide Squad
;Отряд самоубийц 2;The Suicide Squad
;Отряд супергероев;The Super Hero Squad Show
;Отступники;The Departed
;Охота на слонов;Hunting Elephants
;Охотники за привидениями;Ghostbusters
;Охотники за привидениями 2;Ghostbusters II
;Охотники на ведьм;Hansel & Gretel: Witch Hunters
;Очень голодные игры;The Starving Games
;Очень паранормальное кино;Paranormal Whacktivity
;Очень страшное кино;Scary Movie
;Очень страшное кино 2;Scary Movie 2
;Очень страшное кино 3;Scary Movie 3
;Очень страшное кино 4;Scary Movie 4
;Очень страшное кино 5;Scary Movie 5
;Пальцы веером;Two Hands
;Паразит: Учение о жизни;Kiseiju: Sei no kakuritsu
;Парень из пузыря;Bubble Boy
;Пароль «Рыба-меч»;Swordfish
;Парфюмер: История одного убийцы;Perfume: The Story of a Murderer
;Патриот;The Patriot
;Патруль времени;Timecop
;Пацаны;The Boys
;Перерождение;The Passage
;Перси Джексон и Море чудовищ;Percy Jackson: Sea of Monsters
;Печать зла;Touch of Evil
;Пингвиненок Пороро: Большие гонки;Pororo, the Racing Adventure
;Пингвины Мадагаскара;Penguins of Madagascar
;Пипец;Kick-Ass
;Пипец 2;Kick-Ass 2
;Пир;Feast
;Пираты Карибского моря: Мертвецы не рассказывают сказки;Pirates of the Caribbean: Dead Men Tell No Tales
;Пираты Карибского моря 6;Untitled Pirates of the Caribbean Project
;Питер Пэн;Peter Pan
;Планета обезьян: Война;War for the Planet of the Apes
;Планета обезьян: Революция;Dawn of the Planet of the Apes
;Планета обезьян;Planet of the Apes
;Планета страха;Planet Terror
;Планета-океан;Planet Ocean
;Плащ и Кинжал;Cloak & Dagger
;Побег;Prison Break
;Побудь в моей шкуре;Under the Skin
;Повар на колесах;Chef
;Повелитель приливов;The Prince of Tides
;Подарок с характером;
;Подземелье драконов;Dungeons & Dragons
;Пожиратель грехов;The Order
;Покемон 12: Аркеус и Камень жизни;Gekij?ban poketto monsut?: Daiyamondo & p?ru purachina - Aruseusu ch?koku no jik? e
;Покемон 13: Повелитель иллюзий Зороарк;Gekijouban Poketto monsut?: Daiamondo & P?ru - Gen'ei no hasha Zoro?ku
;Покемон 14: Виктини и Белый герой – Реширам;Gekijouban Pokketo monsuta Besuto wisshu: Pikutini to kuroku eiyuu Zekuromu
;Покемон 14: Виктини и Черный герой – Зекром;Gekijouban Pokketo monsuta Besuto wisshu: Bikutini to shiroku eiyuu Reshiramu
;Покемон 19: Вулканион и Механическое чудо;Pokemon za mubi XY& Z 'borukenion to kiko (karakuri) no magiana
;Покемон 20;Gekijo-ban Poketto Monsuta Kimi ni kimeta
;Покемон 5: Герои;Gekij?-ban poketto monsutaa: Mizu no Miyako no Mamori Gami Ratiasu to Ratiosu
;Покемон: Восход Даркрая;Pokemon Movie 10: Dialga vs. Palkia vs. Darkrai
;Покемон: Гиратина и Небесный воин;Gekij? ban poketto monsut?: Daiyamondo & P?ru - Giratina to sora no hanataba Sheimi
;Покемон: Джирачи – исполнитель желаний;Gekijouban Poketto monsut? Adobansu jener?shon: Nanayo no negaiboshi Jir?chi
;Покемон: Дианси и Кокон разрушения;Pokemon Za M?b? XY: Hakai no Mayu to Diansh?
;Покемон: Лучарио и тайна Мью;Gekijouban Poketto monsut? Adobansu jener?shon: Myuu to hadou no yuusha Rukario
;Покемон: Мьюту возвращается;Pocket Monster: Myuutsu! Ware wa Koko ni Ari
;Покемон: Судьба Деоксиса;Gekijouban Poketto monsut? Adobansu jener?shon: Rekkuu no houmonsha Deokishisu
;Покемон: Хупа и Битва Веков;Pokemon za m?b? XY: Ringu no choumajin F?pa
;Покемон 3;Gekij?-ban poketto monsut?: Kessh?-t? no tei?
;Покемон 4;Poketto monsut?: Sereb? - Toki wo koeta deai
;Покемоны: Кюрем против Мечника Справедливости;Gekijoban Pocket Monster Best Wishes! Kyurem vs Seikenshi Keldeo
;Поколение Икс;Generation X
;Пол: Секретный материальчик;Paul
;Порабощённые и управляемые;Owned & Operated
;Посвященный;The Giver
;Последний богатырь;
;Послезавтра;The Day After Tomorrow
;Похмельные игры;The Hungover Games
;Похождения императора 2: Приключения Кронка;Kronk's New Groove
;Превосходство Борна;The Bourne Supremacy
;Превосходство;Transcendence
;Призрачный гонщик;Ghost Rider
;Призрачный гонщик 2;Ghost Rider: Spirit of Vengeance
;Приключения бельчонка Рокки и лосенка Буллвинкля;The Bullwinkle Show
;Приключения Сары Джейн;The Sarah Jane Adventures
;Приключения Супергероев: Ледовая битва;Marvel Super Hero Adventures: Frost Fight!
;Принцесса Мононоке;Mononoke-hime
;Притворись моей женой;Just Go with It
;Проклятая тюрьма;Death Row
;Прометей;Prometheus
;Психоаналитик;Shrink
;Пудра;Powder
;Пункт назначения;Final Destination
;Пункт назначения 2;Final Destination 2
;Пункт назначения 3;Final Destination 3
;Пункт назначения 4;The Final Destination
;Пункт назначения 5;Final Destination 5
;Путеводитель Диппера по необъяснимому;Gravity Falls Shorts
;Путешествие на край Вселенной;Journey to the Edge of the Universe
;Путешествия Гулливера;Gulliver's Travels
;Пэн: Путешествие в Нетландию;Pan
;Пятьдесят оттенков свободы;Fifty Shades Freed
;Пятьдесят оттенков серого;Fifty Shades of Grey
;Рабочая дрянь;Working Tra$h
;Разбирая Гарри;Deconstructing Harry
;Развод по-американски;The Break-Up
;Разрядка смехом IV;Comic Relief IV
;Район №9;District 9
;Ратлз 2;The Rutles 2: Can't Buy Me Lunch
;Рев;Roar
;Револьвер;Revolver
;Риддик: Удар в спину;Riddick: Blindsided
;Риддик;Riddick
;Робин Уильямс: Вживую на Бродвее;Robin Williams: Live on Broadway
;Робин Уильямс: Оружие самоуничтожения;Robin Williams: Weapons of Self Destruction
;Роботы;Robots
;Рога;Horns
;Рождество Гарфилда;A Garfield Christmas Special
;Рождество на двоих;Last Christmas
;Росомаха и Люди Икс. Начало;Wolverine and the X-Men
;Русалочка: Начало истории Ариэль;The Little Mermaid: Ariel's Beginning
;Рыжая Соня;Red Sonja
;РЭД;RED
;РЭД 2;RED 2
;РЭД 3;Red 3
;Самсара;Samsara
;Самый лучший папа;World's Greatest Dad
;Самый лучший фильм;
;Сверхлюди;Inhumans
;Сверхскоростной Генесект: Пробуждение Мьюту;Gekijouban Pokketto monsut? Besuto uisshu: Shinsoku no Genosekuto My?ts? kakusei
;Свет в океане;The Light Between Oceans
;Сделай шаг: Лови момент;Make Your Move
;Сделано в Америке;American Made
;Секретные материалы Мстителей: Черная Вдова и Каратель;Avengers Confidential: Black Widow & Punisher
;Секреты на кухне;Kitchen Confidential
;Семь жизней;Seven Pounds
;Сердце вдребезги;Playing It Cool
;Серебряный Серфер;Silver Surfer
;Сила Икс;X-Force
;Синий экзорцист;Ao no ekusoshisuto
;Сирены Готэм-сити;Gotham City Sirens
;Сиротский Бруклин;Motherless Brooklyn
;Скайлайн;Skyline
;Скайлайн 2;Beyond Skyline
;Скотт Пилигрим против всех;Scott Pilgrim vs. the World
;Скуби-Ду! Ночи Шахерезады;Scooby-Doo in Arabian Nights
;Сладкий ноябрь;Sweet November
;Слово  N;The N Word
;Смерть невероятного Халка;The Death of the Incredible Hulk
;Смешанные;Blended
;Снежная королева 2: Перезаморозка;
;Снежная королева 3. Огонь и лед;
;Снежная королева;
;Сокол и Зимний Солдат;The Falcon and the Winter Soldier
;Соколиный Глаз;Hawkeye
;Сорвиголова;Daredevil
;Социальная сеть;The Social Network
;Стальной алхимик: Братство;Fullmetal Alchemist: Brotherhood
;Стальной алхимик: Золотая коллекция;Hagane no renkinjutsushi
;Стальной алхимик: Священная звезда Милоса;Hagane no renkinjutsushi: Mirosu no seinaru hoshi
;Стена;The Wall
;Стимбой;Suchimuboi
;Стражи Галактики. Часть 3;Guardians of the Galaxy Vol. 3
;Стрипперелла;Stripperella
;Судная ночь;The Purge
;Судная ночь 2;The Purge: Anarchy
;Супер 8;Super 8
;Супергерои Marvel;The Marvel Super Heroes
;Супергеройское кино;Superhero Movie
;Супергёрл;Supergirl
;Супермен;Superman
;Супермен 2;Superman II
;Суровый шутник;Bitter Jester
;Суррогаты;Surrogates
;Сфера;The Circle
;Сын Зорна;Son of Zorn
;Тайна 7 сестер;Seven Sisters
;Тайна Сухаревой башни;
;Тайная жизнь домашних животных;The Secret Life of Pets
;Тайная жизнь домашних животных 2;The Secret Life of Pets 2
;Тайное окно;Secret Window
;Тайны прошлого;House of D
;Так себе каникулы;Old Dogs
;Тарзан 2;Tarzan II
;Телохранитель киллера;The Hitman's Bodyguard
;Темная Вселенная;Justice League Dark
;Темные начала;His Dark Materials
;Темный рыцарь: Возрождение легенды. Часть 1;Batman: The Dark Knight Returns, Part 1
;Темный рыцарь: Возрождение легенды. Часть 2;Batman: The Dark Knight Returns, Part 2
;Темный рыцарь: Возрождение легенды;The Dark Knight Rises
;Темный рыцарь;The Dark Knight
;Тень;The Shadow
;Тепло наших тел;Warm Bodies
;Терминатор: Да придёт спаситель;Terminator Salvation
;Тетрадь смерти перезапись: Глазами Бога;Death Note Rewrite: The Visualizing God
;Тетрадь смерти;Death Note
;Тетрадь смерти;Death Note
;Тетрадь смерти;Desu noto
;Тетрадь смерти 2;Death Note: The Last Name
;Тетрадь смерти 3;L: Change the World
;Типа копы;Let's Be Cops
;Типа крутые легавые;Hot Fuzz
;Титан;The Titan
;Тихоокеанский рубеж;Pacific Rim
;Тихоокеанский рубеж 2;Pacific Rim: Uprising
;Токийский гуль: Джек;Tokyo Ghoul: Jack
;Токийский гуль: Пинто;Tokyo Ghoul: Pinto
;Толстяк на ринге;Here Comes the Boom
;Тор: Любовь и гром;Thor: Love and Thunder
;Тор: Рагнарёк;Thor: Ragnarok
;Тор: Сказания Асгарда;Thor: Tales of Asgard
;Торчвуд;Torchwood
;Трансформеры 3: Тёмная сторона Луны;Transformers: Dark of the Moon
;Трансформеры: Месть падших;Transformers: Revenge of the Fallen
;Трансформеры: Последний рыцарь;Transformers: The Last Knight
;Трансформеры: Эпоха истребления;Transformers: Age of Extinction
;Третий лишний;Ted
;Третий лишний 2;Ted 2
;Три богатыря и Шамаханская царица;
;Три богатыря на дальних берегах;
;Три икса;xXx
;Тринадцать друзей Оушена;Ocean's Thirteen
;Тусовщики из супермаркета;Mallrats
;Убить Смучи;Death to Smoochy
;Удивительный Человек-паук;The Amazing Spider-Man
;Ультиматум Борна;The Bourne Ultimatum
;Ультрафиолет;Ultraviolet
;Универ;
;Университет монстров;Monsters University
;Ускоренный мир;Accel World
;Утраченный символ;The Lost Symbol
;Ученик чародея;The Sorcerer's Apprentice
;Фак;Fuck
;Фантастическая четверка;Fantastic Four
;Фантастическая четверка;Fantastic Four
;Фантастическая четверка;The Fantastic Four
;Фантастическая четверка;The Fantastic Four
;Фантастическая четвёрка;Fantastic 4
;Фантастическая четвёрка;Fantastic Four: World's Greatest Heroes
;Фантастические твари и где они обитают;Fantastic Beasts and Where to Find Them
;Фантастические твари и где они обитают 3;Fantastic Beasts and Where to Find Them 3
;Фантастические твари и где они обитают 4;Fantastic Beasts and Where to Find Them 4
;Фантастические твари и где они обитают 5;Fantastic Beasts and Where to Find Them 5
;Фантастические твари: Преступления Грин-де-Вальда;Fantastic Beasts: The Crimes of Grindelwald
;Фестиваль Гарфилда;Garfield's Fun Fest
;Фига.Rо;
;Флаббер;Flubber
;Флэш;The Flash
;Фонтан;The Fountain
;Фото за час;One Hour Photo
;Франкенвини;Frankenweenie
;Фрэд и Барни встречают Существо;Fred and Barney Meet the Thing
;Фурия;Furya
;Футурама: Потерянное приключение;Futurama: The Lost Adventure
;Халк и агенты СМЭШ;Hulk and the Agents of S.M.A.S.H.
;Халк против...;Hulk Vs.
;Хан Соло: Звёздные войны. Истории;Solo: A Star Wars Story
;Харли Квинн против Джокера;Untitled Joker/Harley Quinn Project
;Хеллбой;Hellboy
;Хищник;Predator
;Хищник;The Predator
;Хищник 2;Predator 2
;Хищники;Predators
;Хищные птицы: Потрясающая история Харли Квинн;Birds of Prey: And the Fantabulous Emancipation of One Harley Quinn
;Хоббит: Битва пяти воинств;The Hobbit: The Battle of the Five Armies
;Хоббит: Нежданное путешествие;The Hobbit: An Unexpected Journey
;Хоббит: Пустошь Смауга;The Hobbit: The Desolation of Smaug
;Холодное сердце 2;Frozen II
;Холодное торжество;Frozen Fever
;Храбрая сердцем;Brave
;Хранители;Watchmen
;Хроники мстителя;Vigilante Diaries
;Хроники Нарнии: Племянник чародея;The Chronicles of Narnia: The Magician's Nephew
;Хроники Нарнии: Покоритель Зари;The Chronicles of Narnia: The Voyage of the Dawn Treader
;Хроники Нарнии: Принц Каспиан;The Chronicles of Narnia: Prince Caspian
;Хроники Нарнии: Серебряное кресло;The Chronicles of Narnia: The Silver Chair
;Хроники Риддика: Темная ярость;The Chronicles of Riddick: Dark Fury
;Хроники Риддика;The Chronicles of Riddick
;Хронос;Chronos
;Целитель Адамс;Patch Adams
;Цельнометаллическая оболочка;Full Metal Jacket
;Чародей равновесия. Тайна Сухаревой башни;
;Час расплаты;Paycheck
;Человек года;Man of the Year
;Человек из стали;Man of Steel
;Человек из стали 2;Untitled Superman Project
;Человек-волк;The Wolfman
;Человек-муравей и Оса;Ant-Man and the Wasp
;Человек-муравей;Ant-Man
;Человек-паук 5000;Spider-Man
;Человек-паук и его удивительные друзья;Spider-Man and His Amazing Friends
;Человек-паук: Вдали от дома;Spider-Man: Far from Home
;Человек-паук: Возвращение домой;Spider-Man: Homecoming
;Человек-паук: Вызов Дракону;Spider-Man: The Dragon's Challenge
;Человек-паук: Снова в бою;Spider-Man Strikes Back
;Человек-паук;Spider-Man
;Человек;Human
;Чем дальше в лес...;Into the Woods
;Черепашки-ниндзя;TMNT
;Черепашки-ниндзя 2;Teenage Mutant Ninja Turtles: Out of the Shadows
;Черная Библия: Происхождение;Baiburu burakku: gaiden
;Черная скала;Blackrock
;Чернильное сердце;Inkheart
;Четвёртый вид;The Fourth Kind
;Четыре пера;The Four Feathers
;Что, если...?;What If...?
;Чудо-женщина: 1984;Wonder Woman 1984
;Чудо-женщина;Wonder Woman
;Чужие против Хищника: Реквием;AVPR: Aliens vs Predator - Requiem
;Чужие: Эпилог;Aliens: Epilogue
;Чужой против Хищника;AVP: Alien vs. Predator
;Чужой: Завет – Пролог: «Тайная Вечеря»;Alien: Covenant - Prologue: Last Supper
;Чужой: Завет – Пролог: Связующее звено;Alien: Covenant - Prologue: The Crossing
;Чужой: Завет – Фобос;Alien: Covenant - Phobos
;Чужой: Завет;Alien: Covenant
;Чёрная Библия: Новый Завет;Shin Bible Black
;Чёрная Библия;Baiburu burakku
;Чёрная Вдова;Black Widow
;Чёрная Пантера;Black Panther
;Чёрная Пантера 2;Black Panther II
;Чёрный Адам;Black Adam
;Шазам!;Shazam!
;Шан-Чи и легенда десяти колец;Shang-Chi and the Legend of the Ten Rings
;Шерлок Гномс;Sherlock Gnomes
;Шерлок Холмс: Игра теней;Sherlock Holmes: A Game of Shadows
;Шерлок;Sherlock
;Шестерни войны;Gears of War
;Шопо-коп;Paul Blart: Mall Cop
;Эван Всемогущий;Evan Almighty
;Эволюция Борна;The Bourne Legacy
;Эволюция;Evolution
;Эдвард руки-ножницы;Edward Scissorhands
;Электра;Elektra
;Эон Флакс;Aon Flux
;Этим утром в Нью-Йорке;The Angriest Man in Brooklyn
;Это не Аватар;This Ain't Avatar XXX
;Это, блин, рождественское чудо;A Merry Friggin' Christmas
;Я иду искать;Ready or Not
;Я – легенда;I Am Legend
;Я – легенда 2;Untitled I Am Legend Reboot
;Я – начало;I Origins
;Я – Четвертый;I Am Number Four
;Я;I Am
;Явление;The Happening
;Яков лжец;Jakob the Liar
zero;Волшебник страны Оз;The Wizard of Oz
zero;Ворон;The Crow
zero;Дом Хемингуэй;Dom Hemingway
